{"type": "FeatureCollection", "features": [{"type": "Feature", "properties": {"ud_kodea": "01363", "ud_iz_e": "Saint-Jean-le-Vieux", "iz_ofizial": "Saint-Jean-le-Vieux"}, "geometry": {"type": "MultiPolygon", "coordinates": [[[[5.404370069206675, 46.007819170942085], [5.385976979079847, 46.01466302891108], [5.361621259607102, 46.02243002806442], [5.334896407914695, 46.03779350600037], [5.336099510735608, 46.038800230365126], [5.352442093826527, 46.041173916791855], [5.374885387183917, 46.04814374347153], [5.385371874218086, 46.045580334588884], [5.389027626616262, 46.043307849046215], [5.391781836792087, 46.03932092514412], [5.395043559605154, 46.03716465364388], [5.406237046041128, 46.03489241900879], [5.413344547896754, 46.03473499447645], [5.424945265643027, 46.03148733219957], [5.404370069206675, 46.007819170942085]]]]}}, {"type": "Feature", "properties": {"ud_kodea": "02684", "ud_iz_e": "Saint-Michel", "iz_ofizial": "Saint-Michel"}, "geometry": {"type": "MultiPolygon", "coordinates": [[[[4.099078950384603, 49.90215342876622], [4.110233462092419, 49.909205711045665], [4.11060878259245, 49.91455763752242], [4.110681569833384, 49.9165576939445], [4.106824700833221, 49.92129661920008], [4.116558195754795, 49.93782181862848], [4.149151253919936, 49.94922930683205], [4.165466545261492, 49.973007922529426], [4.173982520503667, 49.976262074862206], [4.197734386636728, 49.96418105654785], [4.197420963389004, 49.95458158883193], [4.198334955186763, 49.94732552129055], [4.197740851436295, 49.93899082517977], [4.194655182767115, 49.93223640897664], [4.186217678256908, 49.92270754220396], [4.17811469469779, 49.908793254612355], [4.171432034051782, 49.90178606002779], [4.170332512650369, 49.893574242296275], [4.168985165742132, 49.89194750842825], [4.165099748488164, 49.890371034234185], [4.161317524193243, 49.89142315370813], [4.153627018014221, 49.88742072137842], [4.145611885170613, 49.886802534313205], [4.140189115509983, 49.88669243113435], [4.125487764289609, 49.88880524637658], [4.120469767589339, 49.88864382055739], [4.117803037560963, 49.887139124771736], [4.113205145250979, 49.886084118948546], [4.105723327649218, 49.88982838439716], [4.104730541704184, 49.89464928037282], [4.1057702893229, 49.89661369100584], [4.103176706322402, 49.90048321578209], [4.099078950384603, 49.90215342876622]]]]}}, {"type": "Feature", "properties": {"ud_kodea": "03249", "ud_iz_e": "Saint-Palais", "iz_ofizial": "Saint-Palais"}, "geometry": {"type": "MultiPolygon", "coordinates": [[[[2.331934609697623, 46.42183467605851], [2.317708248887664, 46.42104276189594], [2.308513043488902, 46.41834088643113], [2.305577068727772, 46.415461289069654], [2.298890199378282, 46.4117995190087], [2.282421850478687, 46.40758370620055], [2.28372053785299, 46.40960808172286], [2.282050847852391, 46.4108510882099], [2.279685411060138, 46.41311535171237], [2.278902698338988, 46.415993809645755], [2.279093702064876, 46.419278235422524], [2.281089687075233, 46.420473175513216], [2.281843412517478, 46.42108215327114], [2.281271366520043, 46.43169902322025], [2.283959054035283, 46.44523595027815], [2.284045371696477, 46.45017570359312], [2.286199709767043, 46.45400097458731], [2.305368572604699, 46.4754589411386], [2.316746325308434, 46.46867751516779], [2.338741538484231, 46.44263962668261], [2.333275839550677, 46.439535380364774], [2.327876067406485, 46.432607766811344], [2.326574390510317, 46.42959335407785], [2.331934609697623, 46.42183467605851]]]]}}, {"type": "Feature", "properties": {"ud_kodea": "09271", "ud_iz_e": "Saint-Michel", "iz_ofizial": "Saint-Michel"}, "geometry": {"type": "MultiPolygon", "coordinates": [[[[1.516104816734213, 43.12191510252047], [1.498956355210038, 43.12624852440524], [1.491992893155527, 43.12684852303674], [1.490429403842515, 43.12571922387814], [1.489589821687325, 43.12546546856446], [1.484668297223651, 43.12870964629285], [1.482226891943665, 43.1379628985347], [1.482615975407025, 43.14251594246034], [1.486170733051369, 43.14765326516964], [1.488971541135633, 43.14917602731157], [1.508097151699964, 43.13764749091289], [1.5139672145, 43.1352789293388], [1.527045709627336, 43.13204441884953], [1.521809673793344, 43.121706521924885], [1.516104816734213, 43.12191510252047]]]]}}, {"type": "Feature", "properties": {"ud_kodea": "16341", "ud_iz_e": "Saint-Michel", "iz_ofizial": "Saint-Michel"}, "geometry": {"type": "MultiPolygon", "coordinates": [[[[0.095437885637086, 45.64503646449326], [0.097367383624285, 45.64489161698656], [0.106141005993639, 45.65063314089851], [0.112660300807176, 45.65090151261764], [0.111217236228966, 45.64635094766992], [0.118333927968869, 45.639847394684956], [0.126484454981811, 45.635045851778976], [0.124514323063521, 45.63380519240976], [0.122957511396961, 45.62906086237353], [0.117298486958562, 45.63067129639246], [0.113780867453761, 45.630346823347324], [0.10255623873153, 45.63909889104092], [0.09818744710338, 45.63905028003907], [0.095437885637086, 45.64503646449326]]]]}}, {"type": "Feature", "properties": {"ud_kodea": "18229", "ud_iz_e": "Saint-Palais", "iz_ofizial": "Saint-Palais"}, "geometry": {"type": "MultiPolygon", "coordinates": [[[[2.424809727421319, 47.21790718173168], [2.410128839284805, 47.2147966936978], [2.401219072948021, 47.21659030485225], [2.396732988709898, 47.21942457801838], [2.392867060589672, 47.2260476629164], [2.385467322595722, 47.234619964089994], [2.377975679701863, 47.236875752001026], [2.374565539197234, 47.23935391126892], [2.371846350100015, 47.24388027153082], [2.371140510312058, 47.24703465681507], [2.372361765452697, 47.24729335400592], [2.369299026244666, 47.25073563936914], [2.388413217359528, 47.25894867283961], [2.391060254424673, 47.264588454166265], [2.396570730867036, 47.272058947287064], [2.398480643615867, 47.28045852568518], [2.440172249360761, 47.27923213880756], [2.43787782250144, 47.26385428399471], [2.437736955548243, 47.25810353229117], [2.443128567025969, 47.245693079507234], [2.44222435233839, 47.24135207088143], [2.434010521950658, 47.232228380601356], [2.42517456352542, 47.22494387430931], [2.424809727421319, 47.21790718173168]]]]}}, {"type": "Feature", "properties": {"ud_kodea": "31505", "ud_iz_e": "Saint-Michel", "iz_ofizial": "Saint-Michel"}, "geometry": {"type": "MultiPolygon", "coordinates": [[[[1.053493678930849, 43.14541648135676], [1.053653899376035, 43.14671588354817], [1.056167632839406, 43.14683501043446], [1.071688279547056, 43.15489815592866], [1.073201036798634, 43.15884442811066], [1.073042008379796, 43.16291378541029], [1.070786395900002, 43.169400166878255], [1.072064270404965, 43.176232275823864], [1.075170544450863, 43.17842104644568], [1.076529447798829, 43.17815106804687], [1.07781664279961, 43.17974047062157], [1.090331780639618, 43.186494899616754], [1.09416449614411, 43.18872926553093], [1.102947965303319, 43.18846297821954], [1.103839950645545, 43.18481399697837], [1.103408677271793, 43.18012325914379], [1.104260459715029, 43.177619860956625], [1.10574985450675, 43.17643947697434], [1.098971364929974, 43.17161010866473], [1.099210597475101, 43.17061561904324], [1.104621593645956, 43.16915969994992], [1.109948672536944, 43.16552560186284], [1.110176474983755, 43.161604087675805], [1.106035527851095, 43.15306055347556], [1.106713702000903, 43.14665028148287], [1.109101653655231, 43.1442683594876], [1.08979248604799, 43.14174616304513], [1.086740999276373, 43.13660866385878], [1.087965778627583, 43.13375041783746], [1.058576963443945, 43.142270021059176], [1.053493678930849, 43.14541648135676]]]]}}, {"type": "Feature", "properties": {"ud_kodea": "32397", "ud_iz_e": "Saint-Michel", "iz_ofizial": "Saint-Michel"}, "geometry": {"type": "MultiPolygon", "coordinates": [[[[0.35070271088464, 43.438637900837975], [0.3632320993683, 43.44233903267183], [0.375760455546754, 43.44387647331724], [0.377426822928338, 43.44461265094328], [0.401204372002332, 43.439160948865485], [0.404429917629284, 43.43915727153145], [0.406509502101338, 43.440048717901306], [0.412752537027792, 43.449666660269145], [0.425658595523039, 43.4422742590217], [0.434603630239493, 43.44130907744728], [0.443862626692553, 43.443222902123914], [0.447128481167559, 43.442899352118474], [0.445989230533204, 43.4402342090149], [0.442576437841947, 43.43847584446999], [0.439776243482683, 43.43525293411787], [0.439194208779391, 43.43062510917804], [0.441894131193323, 43.42682016832568], [0.440374307636037, 43.42539356637992], [0.438772260160304, 43.423513136017334], [0.43921654098209, 43.4193857799707], [0.442469993911577, 43.415255513928436], [0.437269248640955, 43.41228637880268], [0.43494709492909, 43.41175252964855], [0.418637329334027, 43.415260658811846], [0.407415253279639, 43.41537780422327], [0.404047218464619, 43.42015692844511], [0.400474633949779, 43.42256280469638], [0.390953999569006, 43.42300715437751], [0.382359989677308, 43.424497438152734], [0.35358147524442, 43.43344591036205], [0.35037239804832, 43.43757572626751], [0.35070271088464, 43.438637900837975]]]]}}, {"type": "Feature", "properties": {"ud_kodea": "33201", "ud_iz_e": "Haux", "iz_ofizial": "Haux"}, "geometry": {"type": "MultiPolygon", "coordinates": [[[[-0.347319237079058, 44.75301855116752], [-0.346662779950485, 44.743837134126586], [-0.345709415323672, 44.743114418106764], [-0.350249271841946, 44.73140959943602], [-0.351937924356588, 44.7217743026139], [-0.366077985374191, 44.719376266141396], [-0.375163368957993, 44.71886079242848], [-0.380365766280256, 44.71958151823726], [-0.385249097809313, 44.71871497546296], [-0.382111678487128, 44.72842044967842], [-0.388145030451892, 44.730475251653154], [-0.39105075269672, 44.731074743867524], [-0.39141122050464, 44.73172783327938], [-0.392751781751645, 44.742908542654156], [-0.390414167791522, 44.74201142745729], [-0.382310735071111, 44.744051600211414], [-0.373843650969968, 44.74728992664801], [-0.364965784887646, 44.7527451082816], [-0.351999963983625, 44.75851977420076], [-0.341440997929572, 44.757780017681746], [-0.341078563757671, 44.75700157694469], [-0.347070933993521, 44.75383976161435], [-0.347319237079058, 44.75301855116752]]]]}}, {"type": "Feature", "properties": {"ud_kodea": "33456", "ud_iz_e": "Saint-Palais", "iz_ofizial": "Saint-Palais"}, "geometry": {"type": "MultiPolygon", "coordinates": [[[[-0.594485205947311, 45.32123281644603], [-0.594030419138745, 45.320343351539485], [-0.574080970581523, 45.31077014567682], [-0.571089043087138, 45.299872732895274], [-0.568004482272611, 45.29749788220183], [-0.585519890818974, 45.2916789702068], [-0.589265250876164, 45.291300991340314], [-0.594468535016113, 45.297170289482814], [-0.60002723125707, 45.30047885660183], [-0.605315806800157, 45.302643018377424], [-0.611485254693479, 45.30274498115976], [-0.619915548579031, 45.30593188911561], [-0.631550903202561, 45.31339222200197], [-0.633335637548626, 45.31856053950843], [-0.617233251489763, 45.32247078901562], [-0.600468961817873, 45.32153431490763], [-0.596265672604194, 45.32043194905937], [-0.594485205947311, 45.32123281644603]]]]}}, {"type": "Feature", "properties": {"ud_kodea": "34278", "ud_iz_e": "Saint-Michel", "iz_ofizial": "Saint-Michel"}, "geometry": {"type": "MultiPolygon", "coordinates": [[[[3.395144844150143, 43.86157954186837], [3.422091168697343, 43.872660314152355], [3.431776570350814, 43.863038135138176], [3.435528904781796, 43.8631672140865], [3.429731405511968, 43.8572065646807], [3.430130737026537, 43.85160384952972], [3.435627196485838, 43.841313030218885], [3.440252112817822, 43.8390113696002], [3.437481438046211, 43.83389568946419], [3.432080193950282, 43.82967052415777], [3.431986937038072, 43.82571938156901], [3.434104840643416, 43.821931352167695], [3.418680183744033, 43.81429386726924], [3.405035937723748, 43.81569075567821], [3.388983815844709, 43.816190148766175], [3.383232658385443, 43.8220112926651], [3.376752223601951, 43.82467419635142], [3.370005981292051, 43.851851295451524], [3.37876865327816, 43.85605266803399], [3.395144844150143, 43.86157954186837]]]]}}, {"type": "Feature", "properties": {"ud_kodea": "38404", "ud_iz_e": "Saint-Jean-le-Vieux", "iz_ofizial": "Saint-Jean-le-Vieux"}, "geometry": {"type": "MultiPolygon", "coordinates": [[[[5.857978046765267, 45.20538284220629], [5.870931117305088, 45.21825943417049], [5.878345507290581, 45.22010939310596], [5.888198757487286, 45.21374785312944], [5.890391301450925, 45.20949054139517], [5.892164021237615, 45.201959823308], [5.895124487380208, 45.19827178220374], [5.882332990120739, 45.19740262424764], [5.871245040002708, 45.19827762338324], [5.862465647980135, 45.201629592258016], [5.85999686387393, 45.20401386812922], [5.857978046765267, 45.20538284220629]]]]}}, {"type": "Feature", "properties": {"ud_kodea": "45294", "ud_iz_e": "Saint-Michel", "iz_ofizial": "Saint-Michel"}, "geometry": {"type": "MultiPolygon", "coordinates": [[[[2.344376684994626, 48.069750408115], [2.377367239078013, 48.07362706123509], [2.384904584226956, 48.07000677315974], [2.390028661469837, 48.07054815575089], [2.389763133270355, 48.068890069709944], [2.394246210419678, 48.06044244866626], [2.385978330687421, 48.05788890751191], [2.382364167091484, 48.05528908139879], [2.381408371873492, 48.052884012687656], [2.376970941657692, 48.051402769449865], [2.37747016988457, 48.05243580506727], [2.369506539592637, 48.056964072836514], [2.349188312595071, 48.06334728095119], [2.344376684994626, 48.069750408115]]]]}}, {"type": "Feature", "properties": {"ud_kodea": "64008", "ud_iz_e": "Ahaxe-Alciette-Bascassan", "iz_ofizial": "Ahaxe-Alciette-Bascassan"}, "geometry": {"type": "MultiPolygon", "coordinates": [[[[-1.123227377564463, 43.15950279429337], [-1.123604099971372, 43.15862731686796], [-1.129990269956913, 43.15514565662039], [-1.145966471394436, 43.14733104189831], [-1.161548970928133, 43.12616912052078], [-1.162794268590078, 43.117800428355444], [-1.176333874044002, 43.11947388193866], [-1.178218931162595, 43.119187296101835], [-1.180260804987938, 43.11974304687607], [-1.187550046296558, 43.125756677634556], [-1.186929734703259, 43.15336074688775], [-1.185305282139151, 43.15517036649389], [-1.181867417044707, 43.154349074573396], [-1.175604491780497, 43.158592065521496], [-1.152147993946307, 43.16203482345065], [-1.135499156818159, 43.165383409225754], [-1.129941396349534, 43.1638905993326], [-1.123227377564463, 43.15950279429337]]]]}}, {"type": "Feature", "properties": {"ud_kodea": "64009", "ud_iz_e": "Ahetze", "iz_ofizial": "Ahetze"}, "geometry": {"type": "MultiPolygon", "coordinates": [[[[-1.531038506905361, 43.39712717800833], [-1.533424622716018, 43.39414633085719], [-1.543883904999218, 43.3913960671043], [-1.55493043966116, 43.39072145274182], [-1.56452053739796, 43.392062638507575], [-1.584862392199105, 43.39636942661446], [-1.597228734437037, 43.40058553595195], [-1.59838506551397, 43.40088874077723], [-1.600609890936549, 43.41059343705487], [-1.599647916280597, 43.41437600395077], [-1.57996433049658, 43.419516748436], [-1.578356573300009, 43.421046472682], [-1.568883682979045, 43.4156145807636], [-1.563661059948348, 43.41337575083532], [-1.55875512498965, 43.41224166612363], [-1.545191388958982, 43.406207010237765], [-1.533388184696687, 43.39713325688841], [-1.531038506905361, 43.39712717800833]]]]}}, {"type": "Feature", "properties": {"ud_kodea": "64010", "ud_iz_e": "Aïcirits-Camou-Suhast", "iz_ofizial": "Aïcirits-Camou-Suhast"}, "geometry": {"type": "MultiPolygon", "coordinates": [[[[-1.009921468790243, 43.386077795082116], [-1.003756853850432, 43.38275435205858], [-1.006071269465805, 43.375285872220374], [-1.008281704930607, 43.373194340078044], [-1.010121057943343, 43.36886277956837], [-1.007123687369337, 43.36204245215146], [-0.997911851903841, 43.35094017973569], [-0.995760081951824, 43.35018833332277], [-0.999804458305256, 43.34957759026466], [-1.010799082637422, 43.34211009855426], [-1.009414494522004, 43.33991407865009], [-1.008771677475632, 43.33447395558154], [-1.009976413625548, 43.33341592007055], [-1.021173884205439, 43.32269527112596], [-1.030732698864558, 43.33415169545598], [-1.032532121520273, 43.33494840603933], [-1.02664719098998, 43.347674045595255], [-1.025047457634348, 43.35736558099977], [-1.025020883789447, 43.35760347432338], [-1.021892726767344, 43.369778599245954], [-1.023015354323685, 43.373827305237334], [-1.021797436812969, 43.380960900017946], [-1.010625652943938, 43.386505686028016], [-1.009921468790243, 43.386077795082116]]]]}}, {"type": "Feature", "properties": {"ud_kodea": "64011", "ud_iz_e": "Aincille", "iz_ofizial": "Aincille"}, "geometry": {"type": "MultiPolygon", "coordinates": [[[[-1.178218931162595, 43.119187296101835], [-1.186152810645501, 43.11750290862685], [-1.192519395856809, 43.12077698502737], [-1.201499938717379, 43.12183840662399], [-1.206794446635925, 43.11991045222433], [-1.210621566418777, 43.135782934573854], [-1.208117358184324, 43.13855055122501], [-1.206526912806412, 43.14207957656078], [-1.2056965448299, 43.144139542311464], [-1.20601357986331, 43.14834169717926], [-1.205151178563922, 43.14861135297034], [-1.203305337090533, 43.148400550400844], [-1.186929734703259, 43.15336074688775], [-1.187550046296558, 43.125756677634556], [-1.180260804987938, 43.11974304687607], [-1.178218931162595, 43.119187296101835]]]]}}, {"type": "Feature", "properties": {"ud_kodea": "64012", "ud_iz_e": "Ainharp", "iz_ofizial": "Ainharp"}, "geometry": {"type": "MultiPolygon", "coordinates": [[[[-0.914884760761964, 43.26287210473315], [-0.916212903891081, 43.262177269181485], [-0.916690336830721, 43.255943695756805], [-0.920172036715651, 43.24707117732352], [-0.922599725776467, 43.23463435815034], [-0.923757817298945, 43.22853461865382], [-0.925612150679855, 43.22684333587445], [-0.930172796075749, 43.22693308225575], [-0.932847820309466, 43.22984101758871], [-0.946968817243752, 43.23901722211512], [-0.951621979302864, 43.24098147509045], [-0.955844473428398, 43.24064934740467], [-0.965431137684803, 43.24940771051598], [-0.967491823652205, 43.249594975538756], [-0.957967716580392, 43.25859374139642], [-0.956847045572291, 43.2652133196665], [-0.952315639315267, 43.26823893494136], [-0.940568970157465, 43.262601436195084], [-0.936858755806498, 43.26255486753983], [-0.93153855711623, 43.26441676476922], [-0.931065217414297, 43.26533736062324], [-0.934879675375492, 43.27035829286423], [-0.935252118092463, 43.27572439459444], [-0.933594019329784, 43.28161123559937], [-0.927311131386799, 43.282489289819516], [-0.918067213636779, 43.280833698230374], [-0.911658281392121, 43.272462079086296], [-0.914884760761964, 43.26287210473315]]]]}}, {"type": "Feature", "properties": {"ud_kodea": "64013", "ud_iz_e": "Ainhice-Mongelos", "iz_ofizial": "Ainhice-Mongelos"}, "geometry": {"type": "MultiPolygon", "coordinates": [[[[-1.172098308358534, 43.20199391536344], [-1.175355115535309, 43.20211377026177], [-1.177857865495784, 43.20362108667729], [-1.177711321090529, 43.205287763191045], [-1.180408519691911, 43.21042838523242], [-1.183482602082751, 43.21343935559406], [-1.179761788688358, 43.22256428710983], [-1.176582379572305, 43.22659228174976], [-1.167831265145658, 43.23279384179966], [-1.159950336993517, 43.22602607358795], [-1.154678386889391, 43.22447095041833], [-1.148680655820469, 43.225151248885815], [-1.140010480493111, 43.22740202487353], [-1.13438952184452, 43.22514682640806], [-1.131824743891247, 43.21914074543165], [-1.143159160450112, 43.20852127609333], [-1.147724571294769, 43.199055560229134], [-1.151406483916556, 43.195127174225725], [-1.158003231992382, 43.197046478113826], [-1.163472718417588, 43.19964935959395], [-1.16453278661122, 43.202089085707655], [-1.169777135665703, 43.20309884196476], [-1.172098308358534, 43.20199391536344]]]]}}, {"type": "Feature", "properties": {"ud_kodea": "64014", "ud_iz_e": "Ainhoa", "iz_ofizial": "Ainhoa"}, "geometry": {"type": "MultiPolygon", "coordinates": [[[[-1.50585112669087, 43.324124449457365], [-1.486631354408491, 43.32455218037234], [-1.483249183415223, 43.32167591701285], [-1.479142057468746, 43.31140967957477], [-1.475819074276148, 43.302738166146455], [-1.471382179690285, 43.29549942895477], [-1.459052050661289, 43.28995635872945], [-1.45305350481713, 43.283167175982165], [-1.446034751439119, 43.26904889915241], [-1.460799194582252, 43.27140398946899], [-1.496553375919996, 43.28439616709154], [-1.502663267204324, 43.28879981424268], [-1.505955599103224, 43.29351990582249], [-1.505975689066135, 43.296899730381696], [-1.515427678512342, 43.306250570936335], [-1.516878950949609, 43.3105815851636], [-1.50585112669087, 43.324124449457365]]]]}}, {"type": "Feature", "properties": {"ud_kodea": "64015", "ud_iz_e": "Alçay-Alçabéhéty-Sunharette", "iz_ofizial": "Alçay-Alçabéhéty-Sunharette"}, "geometry": {"type": "MultiPolygon", "coordinates": [[[[-0.96195300979894, 43.11470520071564], [-0.934287572681828, 43.104520234486856], [-0.909448474945987, 43.11265080680275], [-0.893914861525997, 43.11479491605198], [-0.890586943130837, 43.1121766959012], [-0.883826086780894, 43.10368031990283], [-0.88306807267086, 43.101049347013536], [-0.891032039248246, 43.0988491458019], [-0.897509279942069, 43.09195646014998], [-0.898438955213099, 43.0889970358903], [-0.901405654807868, 43.088770690637276], [-0.925123093475714, 43.095057790074634], [-0.934328012780443, 43.09516395718088], [-0.937406796357586, 43.09448676393118], [-0.956546301049553, 43.08417085457], [-0.968728761735369, 43.07610826507771], [-0.986892075877362, 43.07282083789137], [-0.995066187425613, 43.06871827089814], [-1.007499230616361, 43.05916307288516], [-1.01780083695613, 43.05516854741772], [-1.021316732866668, 43.05804864682397], [-1.025508840668461, 43.0535034582243], [-1.047688828077103, 43.05598892201865], [-1.042553691837906, 43.07380265374048], [-1.029831282352417, 43.07270110433534], [-1.032096656656338, 43.084280551575006], [-1.038119185417952, 43.09416300462311], [-1.015150610063189, 43.09517611251423], [-1.001380498098998, 43.09928840534076], [-0.991234123689157, 43.098397019125194], [-0.975327895281977, 43.093675812765085], [-0.973157572072567, 43.09360103813761], [-0.969652970959882, 43.0947821722156], [-0.967533155981394, 43.09637504912856], [-0.962705411107622, 43.103643829097045], [-0.962489376309048, 43.10497470008069], [-0.965242623117503, 43.10918793686406], [-0.96195300979894, 43.11470520071564]]]]}}, {"type": "Feature", "properties": {"ud_kodea": "64016", "ud_iz_e": "Aldudes", "iz_ofizial": "Aldudes"}, "geometry": {"type": "MultiPolygon", "coordinates": [[[[-1.456068744452658, 43.06323621353311], [-1.471613669707193, 43.080790939595204], [-1.472363412499475, 43.08327045779272], [-1.471281163381504, 43.091000631842796], [-1.464538291870897, 43.097372145160406], [-1.451872490337867, 43.10238029025078], [-1.433912311816181, 43.11430467865412], [-1.426954346950953, 43.119897895874374], [-1.426606728092287, 43.121588672844055], [-1.425838951694875, 43.12062028623065], [-1.424374638217723, 43.120544433527925], [-1.416366231863342, 43.12115334762186], [-1.410383497469135, 43.11669165935152], [-1.401005336032913, 43.10502499812176], [-1.393063518427044, 43.09135973075901], [-1.40191746936173, 43.08976926903256], [-1.414824507843747, 43.081403477498725], [-1.443569776530679, 43.065849427700265], [-1.456068744452658, 43.06323621353311]]]]}}, {"type": "Feature", "properties": {"ud_kodea": "64017", "ud_iz_e": "Alos-Sibas-Abense", "iz_ofizial": "Alos-Sibas-Abense"}, "geometry": {"type": "MultiPolygon", "coordinates": [[[[-0.893914861525997, 43.11479491605198], [-0.891784451910548, 43.12640321702531], [-0.889869043823264, 43.127792586935065], [-0.881665163217076, 43.12900706816616], [-0.880153622601874, 43.12359802015881], [-0.876286903970446, 43.12331849971459], [-0.865971321326556, 43.11730998336332], [-0.861179124454886, 43.11150431659389], [-0.860011093533014, 43.10450425313312], [-0.865179885404893, 43.0968906105029], [-0.879429958980232, 43.102652823518916], [-0.88306807267086, 43.101049347013536], [-0.883826086780894, 43.10368031990283], [-0.890586943130837, 43.1121766959012], [-0.893914861525997, 43.11479491605198]]]]}}, {"type": "Feature", "properties": {"ud_kodea": "64018", "ud_iz_e": "Amendeuix-Oneix", "iz_ofizial": "Amendeuix-Oneix"}, "geometry": {"type": "MultiPolygon", "coordinates": [[[[-1.025020883789447, 43.35760347432338], [-1.025047457634348, 43.35736558099977], [-1.02664719098998, 43.347674045595255], [-1.032532121520273, 43.33494840603933], [-1.039276509348142, 43.32666893589246], [-1.045600846749009, 43.32339678066991], [-1.049919541516007, 43.32212256227913], [-1.049121831890591, 43.32009420894763], [-1.052914266073202, 43.322917354076274], [-1.06329287939412, 43.32627661573208], [-1.062433085674714, 43.327434011237195], [-1.063798254114274, 43.32761598474091], [-1.0636648669198, 43.33055213547129], [-1.054952407454955, 43.33190716841246], [-1.048806360199929, 43.33410578061205], [-1.050371027304093, 43.34584285134922], [-1.054941009463197, 43.35438845136236], [-1.055217401151162, 43.36465615500603], [-1.055987946776831, 43.36532357305092], [-1.055909881530033, 43.3661606415663], [-1.052780558366487, 43.36764267862452], [-1.050704896062373, 43.36269400648267], [-1.044345426406171, 43.360006287079685], [-1.039396303917635, 43.358848219133854], [-1.025020883789447, 43.35760347432338]]]]}}, {"type": "Feature", "properties": {"ud_kodea": "64019", "ud_iz_e": "Amorots-Succos", "iz_ofizial": "Amorots-Succos"}, "geometry": {"type": "MultiPolygon", "coordinates": [[[[-1.132536154358454, 43.33598117198242], [-1.135453747997458, 43.34270235897786], [-1.141967463833204, 43.34655265737853], [-1.149068820344636, 43.34998008111561], [-1.152970332670014, 43.35101668262563], [-1.155865165094791, 43.35300081112044], [-1.157641775428441, 43.35929342647757], [-1.157652939445716, 43.35948217686622], [-1.144579402159576, 43.36100838051623], [-1.136629546087766, 43.36758992035252], [-1.133262160499628, 43.37640918159478], [-1.133528679049504, 43.380704178107045], [-1.132871161089282, 43.38088695430366], [-1.126868042171736, 43.37888025940423], [-1.12125019787889, 43.38398878354833], [-1.119298718623845, 43.38683593763768], [-1.115485283172138, 43.389507075169234], [-1.10280744910068, 43.3906949129013], [-1.10216878563033, 43.38608610149304], [-1.097838627739337, 43.374332192179665], [-1.102882721044444, 43.36452098917147], [-1.116428181557226, 43.34312320175267], [-1.126277221494274, 43.33380070606102], [-1.132536154358454, 43.33598117198242]]]]}}, {"type": "Feature", "properties": {"ud_kodea": "64024", "ud_iz_e": "Anglet", "iz_ofizial": "Anglet"}, "geometry": {"type": "MultiPolygon", "coordinates": [[[[-1.517082634322973, 43.45251011039091], [-1.51772409775122, 43.454234270052766], [-1.535579781587322, 43.46092230904267], [-1.534644691869681, 43.47301004437128], [-1.535203528649066, 43.481028700292605], [-1.535435417881295, 43.485673564609364], [-1.538000283877658, 43.48716664380704], [-1.544479811733888, 43.490953056936945], [-1.547342442766551, 43.492636217588405], [-1.548652178971497, 43.493075088561646], [-1.545830531357236, 43.49550687243804], [-1.537711719219994, 43.50838996422385], [-1.521165240130517, 43.5288166939218], [-1.513108491617952, 43.52801690521277], [-1.50175970268423, 43.52711898062719], [-1.4913847809437, 43.521140179154266], [-1.490892041521601, 43.51658355375716], [-1.492051273653112, 43.511949473897836], [-1.492763928622889, 43.50858832460608], [-1.490408895723444, 43.50301492511329], [-1.490919313425097, 43.50238639118662], [-1.490983679155652, 43.502307125039934], [-1.49225538043152, 43.50096575372574], [-1.493901037421047, 43.49812374783355], [-1.496004740644681, 43.49185363371701], [-1.496012462777919, 43.49184159823479], [-1.497756927770709, 43.4883862526792], [-1.499715765358092, 43.48435244567061], [-1.502374897497514, 43.483146153416506], [-1.504850217880124, 43.48128598917712], [-1.504880802221753, 43.47888314239456], [-1.50457952482695, 43.47794495613921], [-1.501568577698421, 43.47767452731872], [-1.49288799998896, 43.47714010583278], [-1.491093041345141, 43.47634043742829], [-1.490774068283324, 43.47526778695311], [-1.493569174272409, 43.46958641149056], [-1.498437157607295, 43.464125263186546], [-1.494821407588299, 43.450500692636126], [-1.505950890933077, 43.45081574180265], [-1.517082634322973, 43.45251011039091]]]]}}, {"type": "Feature", "properties": {"ud_kodea": "64026", "ud_iz_e": "Anhaux", "iz_ofizial": "Anhaux"}, "geometry": {"type": "MultiPolygon", "coordinates": [[[[-1.336322287338909, 43.11318512055649], [-1.336674185130845, 43.11582647845908], [-1.33277242968725, 43.119512848613965], [-1.332315498951588, 43.121012135205035], [-1.330359761679673, 43.12707657357207], [-1.329034945018065, 43.128664790861265], [-1.325219066175048, 43.1316267834824], [-1.317995474575166, 43.135506286605114], [-1.312700631073921, 43.13984314798312], [-1.30362900432891, 43.158173228485346], [-1.304024836072881, 43.16209753497403], [-1.300442928946075, 43.17141975965132], [-1.295217252993909, 43.17380269413443], [-1.287495184894883, 43.174513710667384], [-1.282943767072573, 43.17249040556795], [-1.283122396877171, 43.169257546205905], [-1.271805971505407, 43.16928601518446], [-1.269885813092396, 43.17051331616994], [-1.267473521556605, 43.169962092707685], [-1.27189028479994, 43.16468684730523], [-1.275841200755824, 43.16271957270264], [-1.275754731251407, 43.16015575950978], [-1.284595980092845, 43.145680248641106], [-1.28941088297647, 43.14079286858976], [-1.29658168721055, 43.13754351616012], [-1.299320665733856, 43.13354014498601], [-1.298691381577321, 43.12908298327559], [-1.300895297453794, 43.12572967615033], [-1.326235796839001, 43.11747955330948], [-1.336322287338909, 43.11318512055649]]]]}}, {"type": "Feature", "properties": {"ud_kodea": "64031", "ud_iz_e": "Arancou", "iz_ofizial": "Arancou"}, "geometry": {"type": "MultiPolygon", "coordinates": [[[[-1.073148735408498, 43.450050023831494], [-1.071161993203322, 43.45031662025717], [-1.068380311641101, 43.452262531138594], [-1.068014911254012, 43.45464733619615], [-1.066095339718166, 43.45597072856736], [-1.059529465405552, 43.45897368985064], [-1.054475307157833, 43.45461187285041], [-1.046983320295423, 43.45442636340266], [-1.0420674417996, 43.451905604609074], [-1.039523004667313, 43.44759991348845], [-1.038984936257698, 43.43174269118982], [-1.037565773984676, 43.43186409396211], [-1.035906132151833, 43.430162151589684], [-1.035623812070966, 43.429468227057036], [-1.036749104848263, 43.42871821687547], [-1.047153592585404, 43.43032777727119], [-1.055611154578469, 43.43250568370569], [-1.059393330004303, 43.441499439332866], [-1.065835773827941, 43.44592144273954], [-1.072243770589071, 43.445479742879336], [-1.073148735408498, 43.450050023831494]]]]}}, {"type": "Feature", "properties": {"ud_kodea": "64034", "ud_iz_e": "Arbérats-Sillègue", "iz_ofizial": "Arbérats-Sillègue"}, "geometry": {"type": "MultiPolygon", "coordinates": [[[[-1.009976413625548, 43.33341592007055], [-1.008771677475632, 43.33447395558154], [-1.009414494522004, 43.33991407865009], [-1.010799082637422, 43.34211009855426], [-0.999804458305256, 43.34957759026466], [-0.995760081951824, 43.35018833332277], [-0.982930244064071, 43.348861167471405], [-0.973192703839834, 43.34932035953111], [-0.974158130367234, 43.347267216395934], [-0.973928738715364, 43.34403299120847], [-0.977364315327401, 43.33802482693069], [-0.982131367904011, 43.334348145993246], [-0.986809366642499, 43.33377846581287], [-0.991406580876843, 43.3322045369028], [-0.993366704966255, 43.32913537136894], [-0.99881238573558, 43.329873485231985], [-1.009976413625548, 43.33341592007055]]]]}}, {"type": "Feature", "properties": {"ud_kodea": "64035", "ud_iz_e": "Arbonne", "iz_ofizial": "Arbonne"}, "geometry": {"type": "MultiPolygon", "coordinates": [[[[-1.531038506905361, 43.39712717800833], [-1.533388184696687, 43.39713325688841], [-1.545191388958982, 43.406207010237765], [-1.55875512498965, 43.41224166612363], [-1.563661059948348, 43.41337575083532], [-1.568883682979045, 43.4156145807636], [-1.578356573300009, 43.421046472682], [-1.566291388966515, 43.42935940649017], [-1.55232881220503, 43.44089575888351], [-1.544907990318703, 43.44382995070326], [-1.542161664741683, 43.44756155679742], [-1.539957203754674, 43.447635101659785], [-1.540265434447764, 43.44541524682623], [-1.538861444366497, 43.44044839908427], [-1.536075902014733, 43.437230018172144], [-1.536231839241546, 43.431214654125945], [-1.537894034876484, 43.425266829354754], [-1.53990559469071, 43.42287103705432], [-1.54059545498042, 43.42013146851826], [-1.540222123027766, 43.4188323745574], [-1.531059209754205, 43.40906074327779], [-1.529721897429673, 43.40253405429668], [-1.531038506905361, 43.39712717800833]]]]}}, {"type": "Feature", "properties": {"ud_kodea": "64036", "ud_iz_e": "Arbouet-Sussaute", "iz_ofizial": "Arbouet-Sussaute"}, "geometry": {"type": "MultiPolygon", "coordinates": [[[[-0.973192703839834, 43.34932035953111], [-0.982930244064071, 43.348861167471405], [-0.995760081951824, 43.35018833332277], [-0.997911851903841, 43.35094017973569], [-1.007123687369337, 43.36204245215146], [-1.010121057943343, 43.36886277956837], [-1.008281704930607, 43.373194340078044], [-1.006071269465805, 43.375285872220374], [-1.003756853850432, 43.38275435205858], [-1.009921468790243, 43.386077795082116], [-1.003232600347949, 43.39378764380906], [-1.003659385555308, 43.39479064266354], [-1.009339385917679, 43.396158488811814], [-1.012897917192211, 43.407841439363075], [-1.010296642168845, 43.40914674782087], [-1.004735925803296, 43.4005491932197], [-0.989190926992274, 43.39400994781381], [-0.983927108210314, 43.39077465431971], [-0.980397027754602, 43.385615266175975], [-0.979312486737456, 43.38202327336306], [-0.973216151875152, 43.37555922658778], [-0.970006645942972, 43.373641373789965], [-0.966811721188441, 43.37031953078133], [-0.962527414731322, 43.36314812074951], [-0.961916707054403, 43.357880442759274], [-0.969413302010891, 43.351324621795285], [-0.973192703839834, 43.34932035953111]]]]}}, {"type": "Feature", "properties": {"ud_kodea": "64038", "ud_iz_e": "Arcangues", "iz_ofizial": "Arcangues"}, "geometry": {"type": "MultiPolygon", "coordinates": [[[[-1.539957203754674, 43.447635101659785], [-1.535579781587322, 43.46092230904267], [-1.51772409775122, 43.454234270052766], [-1.517082634322973, 43.45251011039091], [-1.521572458095418, 43.44989681267344], [-1.51893077644366, 43.44058929300938], [-1.517112276069386, 43.43762386330802], [-1.510149800485125, 43.433081444600376], [-1.499515414274766, 43.4330455630076], [-1.487741394897606, 43.43470853654973], [-1.475423998327679, 43.43837330490968], [-1.476780679076153, 43.43391349618935], [-1.484970702804164, 43.422241223018176], [-1.494923354215637, 43.417237136941466], [-1.514665817184448, 43.40153423658942], [-1.516764176778547, 43.39753583374831], [-1.51772336193908, 43.391245710877556], [-1.533424622716018, 43.39414633085719], [-1.531038506905361, 43.39712717800833], [-1.529721897429673, 43.40253405429668], [-1.531059209754205, 43.40906074327779], [-1.540222123027766, 43.4188323745574], [-1.54059545498042, 43.42013146851826], [-1.53990559469071, 43.42287103705432], [-1.537894034876484, 43.425266829354754], [-1.536231839241546, 43.431214654125945], [-1.536075902014733, 43.437230018172144], [-1.538861444366497, 43.44044839908427], [-1.540265434447764, 43.44541524682623], [-1.539957203754674, 43.447635101659785]]]]}}, {"type": "Feature", "properties": {"ud_kodea": "64045", "ud_iz_e": "Arhansus", "iz_ofizial": "Arhansus"}, "geometry": {"type": "MultiPolygon", "coordinates": [[[[-1.018223621850254, 43.243514602224174], [-1.020355058447179, 43.24572388395649], [-1.026205341293148, 43.24793407382609], [-1.03441437226094, 43.24910287603587], [-1.046028463247855, 43.2526087283142], [-1.037054185780697, 43.267275143930924], [-1.030837998981081, 43.270055542090404], [-1.018592459153011, 43.259223455818905], [-1.007229220477245, 43.25566660594365], [-1.00453516175993, 43.25351575706905], [-1.006756663276481, 43.2483336026806], [-1.012227280310986, 43.24507342428916], [-1.018223621850254, 43.243514602224174]]]]}}, {"type": "Feature", "properties": {"ud_kodea": "64046", "ud_iz_e": "Armendarits", "iz_ofizial": "Armendarits"}, "geometry": {"type": "MultiPolygon", "coordinates": [[[[-1.135538585338777, 43.270611213291055], [-1.138426760071164, 43.273220005957356], [-1.143302313998249, 43.28037084424978], [-1.154540025991863, 43.28818048262092], [-1.157625814957806, 43.2889742425712], [-1.180177119353814, 43.29055030499792], [-1.200017116754549, 43.29591971677748], [-1.205750421281172, 43.29576236996008], [-1.20633723257081, 43.29628272463139], [-1.205735986445893, 43.29652774611246], [-1.1977364435711, 43.30355110546003], [-1.19477624328017, 43.31365014733788], [-1.193223827045639, 43.31332214849334], [-1.185519150784185, 43.31464157148832], [-1.173897629620355, 43.32175737158007], [-1.17217271051575, 43.321382578676356], [-1.158376380433573, 43.31732018726763], [-1.134590033789377, 43.30334538258659], [-1.135208578149874, 43.302339829852826], [-1.13593773135106, 43.301346252837746], [-1.132852405108464, 43.29652256161815], [-1.127293312951615, 43.29117454241507], [-1.124046377340567, 43.27924968906552], [-1.125085921273184, 43.27422236777104], [-1.131608108815277, 43.27277043872606], [-1.135538585338777, 43.270611213291055]]]]}}, {"type": "Feature", "properties": {"ud_kodea": "64047", "ud_iz_e": "Arnéguy", "iz_ofizial": "Arnéguy"}, "geometry": {"type": "MultiPolygon", "coordinates": [[[[-1.247600108516109, 43.04263642910744], [-1.254776286087281, 43.04293641845727], [-1.264213399788671, 43.045787145064914], [-1.266811642273505, 43.049230144522326], [-1.274006309534031, 43.05551874435925], [-1.283274485677741, 43.061238037783916], [-1.287052606685908, 43.063088949451725], [-1.304184025919926, 43.06775618277929], [-1.306913240336254, 43.07510599173117], [-1.301081649585307, 43.08916206212381], [-1.298522100145981, 43.09273850437097], [-1.289617566161013, 43.10281011720071], [-1.281196647764261, 43.109991025103675], [-1.273485352944324, 43.114840751689414], [-1.269983862394561, 43.11827100386325], [-1.270376140414074, 43.12154950321758], [-1.263490321573401, 43.120602719905285], [-1.256101968563189, 43.11693620856738], [-1.252277958108368, 43.11050108933389], [-1.250012528584759, 43.10079239142638], [-1.251342354311004, 43.09709644720788], [-1.25695381029221, 43.09122803584337], [-1.250378912237151, 43.08645015172662], [-1.26251473100264, 43.07762143300533], [-1.266648982156492, 43.07331969892759], [-1.268951829533616, 43.068098788731106], [-1.268147397791491, 43.05987839795888], [-1.267153549702859, 43.05856136043475], [-1.258651538208537, 43.049123000949535], [-1.247600108516109, 43.04263642910744]]]]}}, {"type": "Feature", "properties": {"ud_kodea": "64049", "ud_iz_e": "Aroue-Ithorots-Olhaïby", "iz_ofizial": "Aroue-Ithorots-Olhaïby"}, "geometry": {"type": "MultiPolygon", "coordinates": [[[[-0.933594019329784, 43.28161123559937], [-0.93941735394021, 43.287972996376936], [-0.940567372269938, 43.290006209063534], [-0.948919068666569, 43.291888038819586], [-0.956888454531062, 43.29013275059242], [-0.957989882470818, 43.286547279526694], [-0.960332800177447, 43.287090971271894], [-0.959739919380767, 43.31980905458342], [-0.957907938761882, 43.32275304639172], [-0.953247278761697, 43.32622565615882], [-0.940748683250086, 43.33045429970986], [-0.942064028193385, 43.315961732679746], [-0.94020877957102, 43.313923570584436], [-0.935575790535098, 43.31146780172228], [-0.931539593162694, 43.30873254097731], [-0.930369339356708, 43.31186358251616], [-0.926116503657269, 43.31390965039327], [-0.922857555529791, 43.31666163224573], [-0.911594675221033, 43.333564250662654], [-0.912330443192097, 43.34408660074616], [-0.91054722717346, 43.34381516024568], [-0.902562081119822, 43.33898237044862], [-0.897436792253471, 43.33430717202798], [-0.898955983523901, 43.32501586137536], [-0.89761287515047, 43.31506679308618], [-0.898290304856626, 43.312463727625506], [-0.91292004291208, 43.29577409655783], [-0.921161899677247, 43.28894085002116], [-0.922702573838498, 43.28349891073345], [-0.917757727691287, 43.2818122369703], [-0.918067213636779, 43.280833698230374], [-0.927311131386799, 43.282489289819516], [-0.933594019329784, 43.28161123559937]]]]}}, {"type": "Feature", "properties": {"ud_kodea": "64050", "ud_iz_e": "Arrast-Larrebieu", "iz_ofizial": "Arrast-Larrebieu"}, "geometry": {"type": "MultiPolygon", "coordinates": [[[[-0.826003421048655, 43.29454295933909], [-0.829341952809754, 43.292644130235914], [-0.838026922492005, 43.284572520354835], [-0.849159645052369, 43.277105530624624], [-0.858488480169191, 43.26791948768521], [-0.865452938332975, 43.25951706527843], [-0.867546548657602, 43.260527325105336], [-0.869252547245247, 43.27586958211277], [-0.867258390166921, 43.28193652164098], [-0.865184935202311, 43.28500715945845], [-0.863765607395316, 43.28549835619715], [-0.864223187580519, 43.28864591740473], [-0.849393150471058, 43.297807135015255], [-0.839116052014455, 43.30046226860802], [-0.828523926728757, 43.30534940985918], [-0.827518890740949, 43.30256515784713], [-0.824648696641617, 43.29566267172561], [-0.826003421048655, 43.29454295933909]]]]}}, {"type": "Feature", "properties": {"ud_kodea": "64051", "ud_iz_e": "Arraute-Charritte", "iz_ofizial": "Arraute-Charritte"}, "geometry": {"type": "MultiPolygon", "coordinates": [[[[-1.10280744910068, 43.3906949129013], [-1.115485283172138, 43.389507075169234], [-1.119298718623845, 43.38683593763768], [-1.12125019787889, 43.38398878354833], [-1.126868042171736, 43.37888025940423], [-1.132871161089282, 43.38088695430366], [-1.124470916523828, 43.38746222929572], [-1.124271107977282, 43.39510010933036], [-1.133361751639216, 43.40862476179348], [-1.140781501130248, 43.415775158513156], [-1.146871816402251, 43.419615776033126], [-1.160845851151679, 43.43807230345891], [-1.136249939790134, 43.4348166349545], [-1.115473769461329, 43.43759579574362], [-1.092597045525434, 43.44230882394193], [-1.08899809340931, 43.443161895115956], [-1.088104291871508, 43.444032555286846], [-1.086193043266062, 43.44163541831685], [-1.08297610946993, 43.44127031124107], [-1.080324672044466, 43.44357648651435], [-1.079305801024667, 43.44932457616386], [-1.077934618578086, 43.45127795759003], [-1.07469869207073, 43.45222135968878], [-1.073148735408498, 43.450050023831494], [-1.072243770589071, 43.445479742879336], [-1.073128443935737, 43.439015220344174], [-1.081657083427669, 43.43178261539267], [-1.091156346564, 43.42696475735858], [-1.09279207050811, 43.424157996364094], [-1.088918917035122, 43.41922715179296], [-1.084131441926392, 43.415802708992715], [-1.087637874643698, 43.410437288412794], [-1.100464104316089, 43.39585912023612], [-1.10280744910068, 43.3906949129013]]]]}}, {"type": "Feature", "properties": {"ud_kodea": "64065", "ud_iz_e": "Ascain", "iz_ofizial": "Ascain"}, "geometry": {"type": "MultiPolygon", "coordinates": [[[[-1.65524732466118, 43.355594337244945], [-1.648711426112169, 43.35566656509187], [-1.640885809916239, 43.35968499845668], [-1.639964474262512, 43.363560806152826], [-1.641068469853696, 43.367463231911394], [-1.628965100470107, 43.3671792071468], [-1.621544571896217, 43.36524919839385], [-1.617563953206268, 43.366838610830825], [-1.61962255132634, 43.35886288709704], [-1.61591129262944, 43.35125627586266], [-1.608737565763725, 43.34822820955372], [-1.596130610763815, 43.33899870497859], [-1.602698804729006, 43.33151197408853], [-1.609652251047838, 43.325420429638335], [-1.621025719789903, 43.31936739955328], [-1.635411672819086, 43.30902065583046], [-1.640540277892309, 43.31730890019794], [-1.645925714942136, 43.31786950544445], [-1.650073043803343, 43.32018360690428], [-1.659341127774683, 43.32930851878443], [-1.660229418839861, 43.333862503178516], [-1.659621388309359, 43.33968138490557], [-1.65479275789898, 43.34878306350439], [-1.65524732466118, 43.355594337244945]]]]}}, {"type": "Feature", "properties": {"ud_kodea": "64066", "ud_iz_e": "Ascarat", "iz_ofizial": "Ascarat"}, "geometry": {"type": "MultiPolygon", "coordinates": [[[[-1.276136533601554, 43.200458679872], [-1.275856208320233, 43.203056942283695], [-1.274284949743742, 43.20488573772081], [-1.268478546521729, 43.20493285988886], [-1.26351517018285, 43.20408967104714], [-1.259866242712488, 43.20245117660743], [-1.256233130754957, 43.19803566980712], [-1.256147303408471, 43.189024764547945], [-1.259117808009733, 43.18106513763119], [-1.258927303856588, 43.178866628301876], [-1.247821776747855, 43.17132933039389], [-1.250161282919519, 43.16811860727411], [-1.254360602981716, 43.165535231721975], [-1.255029004775114, 43.16351722555097], [-1.262928630749504, 43.166511793603355], [-1.27201202875332, 43.16328850381823], [-1.275754731251407, 43.16015575950978], [-1.275841200755824, 43.16271957270264], [-1.27189028479994, 43.16468684730523], [-1.267473521556605, 43.169962092707685], [-1.269885813092396, 43.17051331616994], [-1.268179855198701, 43.17359043031898], [-1.269536237339254, 43.175622045176006], [-1.271207546478371, 43.184038644494116], [-1.269270393449133, 43.19076870631949], [-1.269057050061091, 43.19635675120059], [-1.272548588934034, 43.199895567882045], [-1.276320119268349, 43.199463204364555], [-1.276136533601554, 43.200458679872]]]]}}, {"type": "Feature", "properties": {"ud_kodea": "64081", "ud_iz_e": "Aussurucq", "iz_ofizial": "Aussurucq"}, "geometry": {"type": "MultiPolygon", "coordinates": [[[[-1.023496246045326, 43.130074374329176], [-1.016875125293186, 43.13582962477807], [-1.012280541323045, 43.13619808076638], [-1.003662403812369, 43.13158340155408], [-0.998669775705931, 43.132503737257274], [-0.990385333276995, 43.145089722505105], [-0.988295621136334, 43.15153798291833], [-0.984533622464003, 43.15554346582302], [-0.975720250303693, 43.16200390847551], [-0.964119774949801, 43.1670729246831], [-0.953796236103892, 43.169901742881706], [-0.94993883590692, 43.173175455163104], [-0.940475391623766, 43.169464619522856], [-0.937400602039759, 43.167479502027945], [-0.92902741083373, 43.15871797330864], [-0.9180401565497, 43.15285089541239], [-0.91821702206524, 43.15139635014911], [-0.926536450080364, 43.14160152659281], [-0.933095493218101, 43.12542231633021], [-0.93752186958996, 43.124253771425856], [-0.959203065314291, 43.1142551895489], [-0.96195300979894, 43.11470520071564], [-0.965242623117503, 43.10918793686406], [-0.962489376309048, 43.10497470008069], [-0.962705411107622, 43.103643829097045], [-0.967533155981394, 43.09637504912856], [-0.969652970959882, 43.0947821722156], [-0.973157572072567, 43.09360103813761], [-0.975327895281977, 43.093675812765085], [-0.991234123689157, 43.098397019125194], [-1.001380498098998, 43.09928840534076], [-1.015150610063189, 43.09517611251423], [-1.038119185417952, 43.09416300462311], [-1.037487658851175, 43.10329803842646], [-1.041414689903662, 43.113971502667496], [-1.04459007008405, 43.11513205809182], [-1.034999181607336, 43.118676400778035], [-1.023496246045326, 43.130074374329176]]]]}}, {"type": "Feature", "properties": {"ud_kodea": "64086", "ud_iz_e": "Ayherre", "iz_ofizial": "Ayherre"}, "geometry": {"type": "MultiPolygon", "coordinates": [[[[-1.185108725450501, 43.38943214806395], [-1.198551298339764, 43.38895716993327], [-1.204262079642842, 43.388060582293726], [-1.208066081510569, 43.387088334056095], [-1.219540199463303, 43.38107011263965], [-1.231041981032728, 43.366859371098286], [-1.232952832021766, 43.35758185652783], [-1.23309897952237, 43.35013381859685], [-1.238414135480502, 43.34791204281553], [-1.239961076110359, 43.34794777200136], [-1.242469544177113, 43.34389440748939], [-1.243040314801289, 43.33812249149242], [-1.2443922595873, 43.336571220998366], [-1.252708950418111, 43.33365329964398], [-1.261816962496952, 43.33218368534208], [-1.26092928375456, 43.36226855003325], [-1.261611317941729, 43.367194040869926], [-1.26519130717503, 43.371293552253015], [-1.265463748017248, 43.372919795847565], [-1.264486944508971, 43.374537652145186], [-1.276575559409869, 43.3905232120789], [-1.281115199068004, 43.393704193058525], [-1.28750387639367, 43.393952999986], [-1.288559880977937, 43.395191403665486], [-1.287169933226809, 43.39958462263478], [-1.278998679404275, 43.408318585043006], [-1.277510919191483, 43.4109289373123], [-1.239475201187488, 43.401079409875216], [-1.225980749330341, 43.3989532248101], [-1.208409195550924, 43.3964570448784], [-1.19255987230913, 43.39863369229776], [-1.192294485572506, 43.396348476950436], [-1.185108725450501, 43.38943214806395]]]]}}, {"type": "Feature", "properties": {"ud_kodea": "64092", "ud_iz_e": "Banca", "iz_ofizial": "Banca"}, "geometry": {"type": "MultiPolygon", "coordinates": [[[[-1.332315498951588, 43.121012135205035], [-1.33277242968725, 43.119512848613965], [-1.336674185130845, 43.11582647845908], [-1.336322287338909, 43.11318512055649], [-1.332369774050384, 43.107844036546744], [-1.341262767085333, 43.097343878246086], [-1.34456696656308, 43.08674712354239], [-1.341954485965604, 43.075836146939594], [-1.344399908855055, 43.05559107565183], [-1.34512388168044, 43.05064284064919], [-1.352687543671235, 43.031090808277625], [-1.353893041501256, 43.02829745621738], [-1.365543468699231, 43.03072635153261], [-1.372050412288423, 43.04924724356808], [-1.373786379932676, 43.06135686691951], [-1.376956311476004, 43.06779191212976], [-1.387566272554916, 43.07620911723375], [-1.389778375389933, 43.08631323879789], [-1.393063518427044, 43.09135973075901], [-1.401005336032913, 43.10502499812176], [-1.410383497469135, 43.11669165935152], [-1.416366231863342, 43.12115334762186], [-1.424374638217723, 43.120544433527925], [-1.425838951694875, 43.12062028623065], [-1.426606728092287, 43.121588672844055], [-1.42437364211575, 43.12498027125904], [-1.416668198413313, 43.12706674328185], [-1.414157285325236, 43.12985872885645], [-1.414024208192258, 43.13611790679102], [-1.415868355932675, 43.14967055242837], [-1.407552885584563, 43.15548292167909], [-1.397543509534062, 43.14687884990612], [-1.372920911749631, 43.1370864376778], [-1.367717151178478, 43.138592064055736], [-1.364313309261026, 43.14197661300109], [-1.3568673901037, 43.140659245497645], [-1.346497037047262, 43.13143408507153], [-1.337741890516019, 43.122024175808114], [-1.335523484893713, 43.120844292090695], [-1.332315498951588, 43.121012135205035]]]]}}, {"type": "Feature", "properties": {"ud_kodea": "64093", "ud_iz_e": "Barcus", "iz_ofizial": "Barcus"}, "geometry": {"type": "MultiPolygon", "coordinates": [[[[-0.7753059508661, 43.24878350239106], [-0.77257772776556, 43.24860422082925], [-0.770376855305322, 43.246201891507205], [-0.771670423784638, 43.24507242842732], [-0.772389431044191, 43.24144958824678], [-0.770413853793386, 43.23877734776855], [-0.767029933301617, 43.23558510838798], [-0.761234363463355, 43.22526266436808], [-0.762155925172607, 43.22457044322885], [-0.760468680681188, 43.2180868991559], [-0.755738643397032, 43.211815618281925], [-0.745891938005326, 43.20307360709163], [-0.746335584254453, 43.202284660029754], [-0.750587054235517, 43.20152275532336], [-0.761921389206263, 43.19352947038587], [-0.766731401454604, 43.188588851336505], [-0.771825726563592, 43.180383622872235], [-0.774012504144974, 43.17466272032773], [-0.773049749195587, 43.167704921129605], [-0.768906206858221, 43.15912588673592], [-0.773133384059905, 43.15169841974087], [-0.775038892565765, 43.14233147382955], [-0.779329806127537, 43.13590919840992], [-0.783551375190844, 43.11818915410433], [-0.799372575451174, 43.12297835743435], [-0.810427324351119, 43.13063463247575], [-0.802887484171439, 43.132604785795614], [-0.802180378920172, 43.13493860174816], [-0.808973418085074, 43.1447265998968], [-0.813613202256231, 43.147611599101126], [-0.843805691901056, 43.14753029283029], [-0.84608988264558, 43.157233930270955], [-0.849421076601546, 43.16286582073773], [-0.843409133226814, 43.16412318668843], [-0.830692554087297, 43.168576938441845], [-0.833136156859439, 43.17530892741057], [-0.830309239714206, 43.18565124965414], [-0.817945541018397, 43.200476814262665], [-0.815231303670086, 43.19915540497884], [-0.812913969620814, 43.198977100151474], [-0.806326515249101, 43.200104931110644], [-0.796897691650094, 43.20886723411883], [-0.786654114769597, 43.216777444640165], [-0.782272384845459, 43.22232630333993], [-0.780009619835627, 43.23015480009858], [-0.783865021000732, 43.23416311344217], [-0.783152664909942, 43.23736794652383], [-0.778292196353261, 43.247503781730295], [-0.7753059508661, 43.24878350239106]]]]}}, {"type": "Feature", "properties": {"ud_kodea": "64094", "ud_iz_e": "Bardos", "iz_ofizial": "Bardos"}, "geometry": {"type": "MultiPolygon", "coordinates": [[[[-1.170002353335327, 43.4931959139519], [-1.177889121079319, 43.49066135237838], [-1.179889588120173, 43.48857957412287], [-1.181454521364448, 43.48471536049075], [-1.181038759861907, 43.48097533625414], [-1.176233243832318, 43.46855197627096], [-1.170484090452528, 43.46271200176084], [-1.170240296655749, 43.45706895065552], [-1.17154872900243, 43.45059404398547], [-1.173455581126675, 43.45122419009988], [-1.175411684515049, 43.4507613815796], [-1.182057371900479, 43.44794176964477], [-1.183674886084082, 43.4440188003731], [-1.183050909706749, 43.441493286097256], [-1.183081533993344, 43.43931456592473], [-1.185667459784196, 43.439221825886044], [-1.187989074199621, 43.44026991344269], [-1.189236967930421, 43.441700058979286], [-1.188910053614128, 43.44325420002794], [-1.191603421211065, 43.44590411349126], [-1.197074481393535, 43.44711565452563], [-1.200018465071945, 43.44679067667276], [-1.205682590972213, 43.44512750338845], [-1.214378981262978, 43.43657633855801], [-1.215323370202078, 43.436169282066146], [-1.216430988888448, 43.43702709007144], [-1.233695484675987, 43.43805067569331], [-1.247845962235593, 43.43833424869525], [-1.251324016889304, 43.440407789289544], [-1.26713066002066, 43.45689376091291], [-1.274984521737965, 43.47470036804197], [-1.271931521461225, 43.478532949123704], [-1.269952755565242, 43.47942727333267], [-1.253582970360369, 43.49432867651028], [-1.25117785824607, 43.49985701863567], [-1.252093416517097, 43.504198194519134], [-1.255170760070012, 43.50632093120886], [-1.257403263944418, 43.50950123708182], [-1.250974472895521, 43.51148892158045], [-1.241203887217745, 43.50471229048428], [-1.234236486984776, 43.49469535718203], [-1.228048555136695, 43.48871206252948], [-1.224966995101896, 43.48726185689044], [-1.21900493672497, 43.488760057635965], [-1.211940648642481, 43.48851233661995], [-1.207946799925434, 43.488031432290605], [-1.202258210350059, 43.48615295572031], [-1.193046313364911, 43.489024439204904], [-1.178359379146643, 43.49498222822773], [-1.171183951163361, 43.49707769522907], [-1.170037448045665, 43.496798376912515], [-1.17074725498481, 43.494694360896], [-1.170002353335327, 43.4931959139519]]]]}}, {"type": "Feature", "properties": {"ud_kodea": "64100", "ud_iz_e": "Bassussarry", "iz_ofizial": "Bassussarry"}, "geometry": {"type": "MultiPolygon", "coordinates": [[[[-1.494821407588299, 43.450500692636126], [-1.493536451005835, 43.44987007640107], [-1.484538654456786, 43.45629419377445], [-1.482998244082779, 43.455243292213396], [-1.475117280257714, 43.44318529035617], [-1.474468454890646, 43.43928327703111], [-1.475423998327679, 43.43837330490968], [-1.487741394897606, 43.43470853654973], [-1.499515414274766, 43.4330455630076], [-1.510149800485125, 43.433081444600376], [-1.517112276069386, 43.43762386330802], [-1.51893077644366, 43.44058929300938], [-1.521572458095418, 43.44989681267344], [-1.517082634322973, 43.45251011039091], [-1.505950890933077, 43.45081574180265], [-1.494821407588299, 43.450500692636126]]]]}}, {"type": "Feature", "properties": {"ud_kodea": "64102", "ud_iz_e": "Bayonne", "iz_ofizial": "Bayonne"}, "geometry": {"type": "MultiPolygon", "coordinates": [[[[-1.480747522924651, 43.46156412422564], [-1.482070306091826, 43.45960169729168], [-1.485978848463263, 43.4578511561795], [-1.484538654456786, 43.45629419377445], [-1.493536451005835, 43.44987007640107], [-1.494821407588299, 43.450500692636126], [-1.498437157607295, 43.464125263186546], [-1.493569174272409, 43.46958641149056], [-1.490774068283324, 43.47526778695311], [-1.491093041345141, 43.47634043742829], [-1.49288799998896, 43.47714010583278], [-1.501568577698421, 43.47767452731872], [-1.50457952482695, 43.47794495613921], [-1.504880802221753, 43.47888314239456], [-1.504850217880124, 43.48128598917712], [-1.502374897497514, 43.483146153416506], [-1.499715765358092, 43.48435244567061], [-1.497756927770709, 43.4883862526792], [-1.496012462777919, 43.49184159823479], [-1.496004740644681, 43.49185363371701], [-1.493901037421047, 43.49812374783355], [-1.49225538043152, 43.50096575372574], [-1.490983679155652, 43.502307125039934], [-1.490919313425097, 43.50238639118662], [-1.490408895723444, 43.50301492511329], [-1.492763928622889, 43.50858832460608], [-1.492051273653112, 43.511949473897836], [-1.487266790612729, 43.51194851897426], [-1.477754711362702, 43.5135801275543], [-1.468486613050963, 43.51688868358373], [-1.465777713922845, 43.51632176159961], [-1.448692040407428, 43.516097102243805], [-1.433322144691648, 43.51408293915353], [-1.42588751805294, 43.50887281392653], [-1.418232403625509, 43.50031279877331], [-1.417774318523003, 43.49701358988863], [-1.426855914961557, 43.49508310871746], [-1.434295457540509, 43.48994350640346], [-1.445133303410027, 43.48624272897498], [-1.445104527774747, 43.48619074366652], [-1.444118228682392, 43.48428839869776], [-1.444895522513968, 43.481763117916714], [-1.445300251565702, 43.47915760528776], [-1.448944750840199, 43.47618838763089], [-1.453497285779732, 43.47496141057085], [-1.454296682100143, 43.47563231182682], [-1.460369574590155, 43.47574104557617], [-1.466860502726421, 43.47164557451597], [-1.468935241144307, 43.4715789097519], [-1.481863779074166, 43.46440784580389], [-1.480747522924651, 43.46156412422564]]]]}}, {"type": "Feature", "properties": {"ud_kodea": "64105", "ud_iz_e": "Béguios", "iz_ofizial": "Béguios"}, "geometry": {"type": "MultiPolygon", "coordinates": [[[[-1.081380475120662, 43.37582113457744], [-1.079856043464736, 43.37504719455132], [-1.077498548942446, 43.37136888365057], [-1.079716987460209, 43.371709501613395], [-1.079853217078773, 43.37047834997034], [-1.076996347920635, 43.361089730959826], [-1.077821683289844, 43.35776975719364], [-1.089960687990351, 43.33823574618019], [-1.099631410388014, 43.331649315588706], [-1.100851455052851, 43.32949515076407], [-1.102858757843613, 43.33075485194196], [-1.107815356277219, 43.33123496078287], [-1.118548129443782, 43.330002226786505], [-1.125193682587603, 43.3309405360291], [-1.126250869432504, 43.331176727337926], [-1.126277221494274, 43.33380070606102], [-1.116428181557226, 43.34312320175267], [-1.102882721044444, 43.36452098917147], [-1.097838627739337, 43.374332192179665], [-1.082139518837686, 43.37490968253212], [-1.081380475120662, 43.37582113457744]]]]}}, {"type": "Feature", "properties": {"ud_kodea": "64106", "ud_iz_e": "Béhasque-Lapiste", "iz_ofizial": "Béhasque-Lapiste"}, "geometry": {"type": "MultiPolygon", "coordinates": [[[[-1.021173884205439, 43.32269527112596], [-1.009976413625548, 43.33341592007055], [-0.99881238573558, 43.329873485231985], [-0.993366704966255, 43.32913537136894], [-0.991460118872768, 43.32261512796719], [-0.992799844339338, 43.32072723898863], [-0.995455044048822, 43.319131176259546], [-0.997540439254023, 43.307708456350184], [-0.996531737501346, 43.304013176796566], [-0.999450494415679, 43.303525951760676], [-0.999800302768934, 43.30572247821016], [-1.010153101092653, 43.3058277681407], [-1.025446358532873, 43.30368269168958], [-1.018835994029475, 43.3145088961516], [-1.018443945490729, 43.318048988869556], [-1.020046375700196, 43.32206076011563], [-1.021173884205439, 43.32269527112596]]]]}}, {"type": "Feature", "properties": {"ud_kodea": "64107", "ud_iz_e": "Béhorléguy", "iz_ofizial": "Béhorléguy"}, "geometry": {"type": "MultiPolygon", "coordinates": [[[[-1.038119185417952, 43.09416300462311], [-1.058921974615675, 43.09971373685496], [-1.068960446766364, 43.108424764597146], [-1.073350339409045, 43.10984298737838], [-1.080404573195084, 43.10973261149295], [-1.086418188109575, 43.10517882000377], [-1.099578806381792, 43.10750112746326], [-1.107821493061191, 43.10996817192402], [-1.116757321882697, 43.11387168515753], [-1.124814891332984, 43.11937081163903], [-1.126487985151118, 43.13286721309257], [-1.123318310656776, 43.139114991388595], [-1.122793553377823, 43.14037891242639], [-1.118952915087009, 43.141316617949016], [-1.103865078131601, 43.141626717508906], [-1.100679827165241, 43.14402219138852], [-1.057289924621643, 43.123811875282975], [-1.044628047022968, 43.1151828673654], [-1.04459007008405, 43.11513205809182], [-1.041414689903662, 43.113971502667496], [-1.037487658851175, 43.10329803842646], [-1.038119185417952, 43.09416300462311]]]]}}, {"type": "Feature", "properties": {"ud_kodea": "64113", "ud_iz_e": "Bergouey-Viellenave", "iz_ofizial": "Bergouey-Viellenave"}, "geometry": {"type": "MultiPolygon", "coordinates": [[[[-1.036749104848263, 43.42871821687547], [-1.030399307785065, 43.419632191707194], [-1.041586155848976, 43.41342633233553], [-1.052467756271131, 43.40532364155867], [-1.052817671861024, 43.406169022324], [-1.057620385965846, 43.41307136220658], [-1.068408468295921, 43.41340772447697], [-1.07877232952062, 43.415182343119746], [-1.079343187774163, 43.414728420482135], [-1.084131441926392, 43.415802708992715], [-1.088918917035122, 43.41922715179296], [-1.09279207050811, 43.424157996364094], [-1.091156346564, 43.42696475735858], [-1.081657083427669, 43.43178261539267], [-1.073128443935737, 43.439015220344174], [-1.072243770589071, 43.445479742879336], [-1.065835773827941, 43.44592144273954], [-1.059393330004303, 43.441499439332866], [-1.055611154578469, 43.43250568370569], [-1.047153592585404, 43.43032777727119], [-1.036749104848263, 43.42871821687547]]]]}}, {"type": "Feature", "properties": {"ud_kodea": "64115", "ud_iz_e": "Berrogain-Laruns", "iz_ofizial": "Berrogain-Laruns"}, "geometry": {"type": "MultiPolygon", "coordinates": [[[[-0.851224682891377, 43.245320526590575], [-0.873045760374703, 43.242668208106515], [-0.874992423545232, 43.24808125643276], [-0.874982273651794, 43.25220283678218], [-0.872723486593189, 43.255354104093115], [-0.870111679855976, 43.25569094095483], [-0.86656648470571, 43.25741567607551], [-0.865452938332975, 43.25951706527843], [-0.846794061849491, 43.25320026870528], [-0.84839243810842, 43.24862588051211], [-0.851224682891377, 43.245320526590575]]]]}}, {"type": "Feature", "properties": {"ud_kodea": "64120", "ud_iz_e": "Beyrie-sur-Joyeuse", "iz_ofizial": "Beyrie-sur-Joyeuse"}, "geometry": {"type": "MultiPolygon", "coordinates": [[[[-1.060301180076609, 43.3060145904109], [-1.064067639036632, 43.302913956666075], [-1.075454875172512, 43.29858462173042], [-1.085817875494661, 43.29190305370345], [-1.088730991333642, 43.28092509035782], [-1.091870216438492, 43.27590964540841], [-1.10635262991928, 43.287444570955444], [-1.128027709377522, 43.30196051209389], [-1.135208578149874, 43.302339829852826], [-1.134590033789377, 43.30334538258659], [-1.132639315592853, 43.30572608617209], [-1.128727043989579, 43.31702134905133], [-1.129829262892718, 43.32108962586513], [-1.133527822703262, 43.32522797859238], [-1.135007467248161, 43.32913227376304], [-1.133776786790018, 43.33435278010787], [-1.132536154358454, 43.33598117198242], [-1.126277221494274, 43.33380070606102], [-1.126250869432504, 43.331176727337926], [-1.125193682587603, 43.3309405360291], [-1.118548129443782, 43.330002226786505], [-1.107815356277219, 43.33123496078287], [-1.102858757843613, 43.33075485194196], [-1.100851455052851, 43.32949515076407], [-1.09247171912617, 43.3282796538081], [-1.08908919359126, 43.32837887105629], [-1.085103660086293, 43.32994474747626], [-1.072704988826054, 43.3296479430082], [-1.06329287939412, 43.32627661573208], [-1.052914266073202, 43.322917354076274], [-1.049121831890591, 43.32009420894763], [-1.048808405137794, 43.31940876236345], [-1.056774075496232, 43.31553304383207], [-1.064415260031303, 43.30948545935494], [-1.062215506104979, 43.30643533939296], [-1.060301180076609, 43.3060145904109]]]]}}, {"type": "Feature", "properties": {"ud_kodea": "64122", "ud_iz_e": "Biarritz", "iz_ofizial": "Biarritz"}, "geometry": {"type": "MultiPolygon", "coordinates": [[[[-1.571236466295013, 43.46050880515097], [-1.576685043428471, 43.46200081791068], [-1.577057144227247, 43.46271144886144], [-1.568676824645025, 43.47382733827009], [-1.563455061899859, 43.48334777884206], [-1.561223265295457, 43.48359317862591], [-1.558563182066846, 43.48525700836425], [-1.553803020591337, 43.489611709467695], [-1.552743959386662, 43.49191280685484], [-1.548652178971497, 43.493075088561646], [-1.547342442766551, 43.492636217588405], [-1.544479811733888, 43.490953056936945], [-1.538000283877658, 43.48716664380704], [-1.535435417881295, 43.485673564609364], [-1.535203528649066, 43.481028700292605], [-1.534644691869681, 43.47301004437128], [-1.535579781587322, 43.46092230904267], [-1.539957203754674, 43.447635101659785], [-1.542161664741683, 43.44756155679742], [-1.551842767127994, 43.44740726108222], [-1.559991663814035, 43.44998410978583], [-1.562251345588559, 43.45100996630556], [-1.56485935627743, 43.45559425617827], [-1.56841796286041, 43.459058797796466], [-1.567884073966038, 43.45954813413878], [-1.569195290511859, 43.45959284203124], [-1.570223520546695, 43.4602325445141], [-1.571236466295013, 43.46050880515097]]]]}}, {"type": "Feature", "properties": {"ud_kodea": "64123", "ud_iz_e": "Bidache", "iz_ofizial": "Bidache"}, "geometry": {"type": "MultiPolygon", "coordinates": [[[[-1.088104291871508, 43.444032555286846], [-1.08899809340931, 43.443161895115956], [-1.092597045525434, 43.44230882394193], [-1.115473769461329, 43.43759579574362], [-1.136249939790134, 43.4348166349545], [-1.160845851151679, 43.43807230345891], [-1.183050909706749, 43.441493286097256], [-1.183674886084082, 43.4440188003731], [-1.182057371900479, 43.44794176964477], [-1.175411684515049, 43.4507613815796], [-1.173455581126675, 43.45122419009988], [-1.17154872900243, 43.45059404398547], [-1.170240296655749, 43.45706895065552], [-1.170484090452528, 43.46271200176084], [-1.176233243832318, 43.46855197627096], [-1.181038759861907, 43.48097533625414], [-1.181454521364448, 43.48471536049075], [-1.179889588120173, 43.48857957412287], [-1.177889121079319, 43.49066135237838], [-1.170002353335327, 43.4931959139519], [-1.16556557238878, 43.49082048183415], [-1.149035969913248, 43.49190513969903], [-1.144145034106987, 43.49445455843714], [-1.137245681967546, 43.500224706781324], [-1.133018223251823, 43.49942110918441], [-1.127611222713543, 43.485544800912564], [-1.113931098194256, 43.47291090759479], [-1.112786519318017, 43.47083274060351], [-1.113607301339971, 43.4671790444073], [-1.122101675181934, 43.45754707702182], [-1.121138034875484, 43.4543360121089], [-1.104728866871119, 43.44210901953693], [-1.094726205355264, 43.44253642092238], [-1.088104291871508, 43.444032555286846]]]]}}, {"type": "Feature", "properties": {"ud_kodea": "64124", "ud_iz_e": "Bidarray", "iz_ofizial": "Bidarray"}, "geometry": {"type": "MultiPolygon", "coordinates": [[[[-1.292882428545842, 43.29037370750033], [-1.295397270987688, 43.2844863882716], [-1.301648142707853, 43.279282651231505], [-1.308418233460358, 43.27595958679241], [-1.312242379344439, 43.27493034215602], [-1.320501667639412, 43.25984262292821], [-1.325551650028677, 43.26317545076422], [-1.334676972441392, 43.26172559538068], [-1.339128591033183, 43.26012510922834], [-1.345188612837896, 43.242203040849404], [-1.350817952666503, 43.237926692396385], [-1.355282129836798, 43.23567362802074], [-1.356485944004413, 43.23645654838533], [-1.359778532292266, 43.235986611827066], [-1.364227595120411, 43.233768005778686], [-1.378280510932831, 43.23510491987928], [-1.381564734504804, 43.24451853506999], [-1.382543607051484, 43.25310146269533], [-1.403106790242655, 43.2689876523912], [-1.413205364128149, 43.27347733901443], [-1.396592378278465, 43.28203579161634], [-1.379549142644685, 43.29263882845182], [-1.363237634670459, 43.300881418182705], [-1.36194149200089, 43.30055988231993], [-1.360419301725162, 43.30147273665092], [-1.351964812636468, 43.30330658109313], [-1.329314505468189, 43.29931311765483], [-1.32848632136013, 43.29860035149751], [-1.292882428545842, 43.29037370750033]]]]}}, {"type": "Feature", "properties": {"ud_kodea": "64125", "ud_iz_e": "Bidart", "iz_ofizial": "Bidart"}, "geometry": {"type": "MultiPolygon", "coordinates": [[[[-1.559991663814035, 43.44998410978583], [-1.551842767127994, 43.44740726108222], [-1.542161664741683, 43.44756155679742], [-1.544907990318703, 43.44382995070326], [-1.55232881220503, 43.44089575888351], [-1.566291388966515, 43.42935940649017], [-1.578356573300009, 43.421046472682], [-1.57996433049658, 43.419516748436], [-1.599647916280597, 43.41437600395077], [-1.600469898583211, 43.41496196504538], [-1.608500230188882, 43.42703671955322], [-1.602733096205584, 43.43044712029372], [-1.59678978502499, 43.43608519525964], [-1.577057144227247, 43.46271144886144], [-1.576685043428471, 43.46200081791068], [-1.571236466295013, 43.46050880515097], [-1.570223520546695, 43.4602325445141], [-1.569195290511859, 43.45959284203124], [-1.567884073966038, 43.45954813413878], [-1.56841796286041, 43.459058797796466], [-1.56485935627743, 43.45559425617827], [-1.562251345588559, 43.45100996630556], [-1.559991663814035, 43.44998410978583]]]]}}, {"type": "Feature", "properties": {"ud_kodea": "64130", "ud_iz_e": "Biriatou", "iz_ofizial": "Biriatou"}, "geometry": {"type": "MultiPolygon", "coordinates": [[[[-1.739129801764652, 43.34912079461441], [-1.735277890425814, 43.34917878949233], [-1.730124027743896, 43.34427387107968], [-1.719441306135581, 43.32923938499428], [-1.720302767613711, 43.325773603619005], [-1.718154229098824, 43.321622851359606], [-1.707520981978172, 43.310439925396096], [-1.703467007764135, 43.30915484854855], [-1.709640523578771, 43.303143540447444], [-1.715840434860991, 43.30028840562633], [-1.730158393973973, 43.29576726191931], [-1.737138965688204, 43.31081390057573], [-1.741833802637597, 43.33162218309303], [-1.753953780328329, 43.34177717470798], [-1.757266437259591, 43.3436861901421], [-1.760934662447168, 43.344128463758274], [-1.758298477081727, 43.345251253496585], [-1.739129801764652, 43.34912079461441]]]]}}, {"type": "Feature", "properties": {"ud_kodea": "64134", "ud_iz_e": "Bonloc", "iz_ofizial": "Bonloc"}, "geometry": {"type": "MultiPolygon", "coordinates": [[[[-1.265463748017248, 43.372919795847565], [-1.26519130717503, 43.371293552253015], [-1.261611317941729, 43.367194040869926], [-1.26092928375456, 43.36226855003325], [-1.263191769657883, 43.362956858727706], [-1.269088066569737, 43.36240888242966], [-1.276512415705547, 43.3674210638218], [-1.270038209441907, 43.372020316791755], [-1.265463748017248, 43.372919795847565]]]]}}, {"type": "Feature", "properties": {"ud_kodea": "64140", "ud_iz_e": "Boucau", "iz_ofizial": "Boucau"}, "geometry": {"type": "MultiPolygon", "coordinates": [[[[-1.468486613050963, 43.51688868358373], [-1.477754711362702, 43.5135801275543], [-1.487266790612729, 43.51194851897426], [-1.492051273653112, 43.511949473897836], [-1.490892041521601, 43.51658355375716], [-1.4913847809437, 43.521140179154266], [-1.50175970268423, 43.52711898062719], [-1.50092886735516, 43.5284800198664], [-1.491335420080772, 43.53217350820286], [-1.490381650859423, 43.533518823855985], [-1.488598242427097, 43.53322138890491], [-1.488235025445383, 43.5337086430015], [-1.4863006298982, 43.53605877054734], [-1.478212183870515, 43.5397617417993], [-1.471740954949439, 43.53383508245485], [-1.460969316964285, 43.533129845547414], [-1.462320456158675, 43.52981384836863], [-1.463962059405119, 43.52708154030403], [-1.464220507035723, 43.51952912864739], [-1.465777713922845, 43.51632176159961], [-1.468486613050963, 43.51688868358373]]]]}}, {"type": "Feature", "properties": {"ud_kodea": "64147", "ud_iz_e": "Briscous", "iz_ofizial": "Briscous"}, "geometry": {"type": "MultiPolygon", "coordinates": [[[[-1.36859915890171, 43.44055559088304], [-1.368229423409236, 43.441011119519246], [-1.374032863769277, 43.4447188613433], [-1.376161984500738, 43.450674358083425], [-1.374752137539561, 43.45381112760888], [-1.373610096334802, 43.46581518037227], [-1.373107162899703, 43.46635900560223], [-1.370632375698391, 43.46566867866697], [-1.361623228662554, 43.46681759958523], [-1.354340427197668, 43.46864693966866], [-1.337618755318616, 43.475637827156774], [-1.319528087725626, 43.48665688524759], [-1.316925059825773, 43.484196283992695], [-1.301199364834228, 43.47781449605987], [-1.281385124269311, 43.46791708198559], [-1.280770707037392, 43.464269783755775], [-1.281459882533655, 43.45572269794184], [-1.280028160193545, 43.44819023645544], [-1.274945507026551, 43.446227765495955], [-1.27627786413507, 43.44495521527446], [-1.295475146927882, 43.43796398284957], [-1.321376448743701, 43.43465987317784], [-1.33545525741894, 43.43405275528772], [-1.336050426297284, 43.43471458874978], [-1.342504163308496, 43.43583984292917], [-1.357720280716414, 43.437346676103076], [-1.363532629362081, 43.43972013361942], [-1.36859915890171, 43.44055559088304]]]]}}, {"type": "Feature", "properties": {"ud_kodea": "64150", "ud_iz_e": "Bunus", "iz_ofizial": "Bunus"}, "geometry": {"type": "MultiPolygon", "coordinates": [[[[-1.060118441902995, 43.222053480557165], [-1.054513949123696, 43.21668174946861], [-1.050014104094673, 43.21001546094737], [-1.047416242951347, 43.207754986174166], [-1.042789616520169, 43.206357722851905], [-1.038840631325781, 43.20684613369722], [-1.039677450048259, 43.20499272199321], [-1.054313941279424, 43.19664177601214], [-1.073565643219761, 43.19313579727359], [-1.079973204102003, 43.1952794706903], [-1.081988061319959, 43.20702399233095], [-1.080326082683845, 43.2080209118849], [-1.079396376472636, 43.21026730816223], [-1.080297516537086, 43.21228412769074], [-1.079336615604571, 43.21532703339185], [-1.077219965535075, 43.217840773604046], [-1.068203132577895, 43.22081757068128], [-1.060118441902995, 43.222053480557165]]]]}}, {"type": "Feature", "properties": {"ud_kodea": "64154", "ud_iz_e": "Bussunarits-Sarrasquette", "iz_ofizial": "Bussunarits-Sarrasquette"}, "geometry": {"type": "MultiPolygon", "coordinates": [[[[-1.123227377564463, 43.15950279429337], [-1.129941396349534, 43.1638905993326], [-1.135499156818159, 43.165383409225754], [-1.152147993946307, 43.16203482345065], [-1.175604491780497, 43.158592065521496], [-1.181867417044707, 43.154349074573396], [-1.187403884655611, 43.16141106404765], [-1.186317200892207, 43.163360136441085], [-1.182689585893503, 43.16468275317228], [-1.181284756704815, 43.166302740258196], [-1.180332011174054, 43.17002099961557], [-1.181121736915937, 43.172072869575146], [-1.174058700111125, 43.17855449430336], [-1.163602527749798, 43.177521301611385], [-1.141600624915518, 43.178982269249026], [-1.134837705707574, 43.18156213131463], [-1.135562941211773, 43.18218462978273], [-1.134597761432963, 43.18288638075978], [-1.124662127169541, 43.18283103303559], [-1.120171020400788, 43.18017815038165], [-1.117853090075398, 43.176376576639875], [-1.11752123158053, 43.17372497880922], [-1.114246268657502, 43.17239180101421], [-1.112410809627221, 43.17271133771045], [-1.111378276054102, 43.174957433962454], [-1.111407927802115, 43.17238391316581], [-1.105648121757516, 43.16159344239968], [-1.106565320077192, 43.16203405785753], [-1.123227377564463, 43.15950279429337]]]]}}, {"type": "Feature", "properties": {"ud_kodea": "64155", "ud_iz_e": "Bustince-Iriberry", "iz_ofizial": "Bustince-Iriberry"}, "geometry": {"type": "MultiPolygon", "coordinates": [[[[-1.180408519691911, 43.21042838523242], [-1.177711321090529, 43.205287763191045], [-1.177857865495784, 43.20362108667729], [-1.175355115535309, 43.20211377026177], [-1.172098308358534, 43.20199391536344], [-1.171114714278697, 43.20099159554267], [-1.172263056671894, 43.19465002282905], [-1.176522315570903, 43.18487775435933], [-1.175802893551541, 43.181160337183094], [-1.174058700111125, 43.17855449430336], [-1.181121736915937, 43.172072869575146], [-1.191540113740412, 43.1717114519958], [-1.200141830117969, 43.17874113684968], [-1.201757870604256, 43.18592835247224], [-1.200574288616459, 43.186867128460534], [-1.188871959225694, 43.19215139649691], [-1.184288859058567, 43.200747832126645], [-1.181731467355876, 43.209328608162515], [-1.180408519691911, 43.21042838523242]]]]}}, {"type": "Feature", "properties": {"ud_kodea": "64160", "ud_iz_e": "Cambo-les-Bains", "iz_ofizial": "Cambo-les-Bains"}, "geometry": {"type": "MultiPolygon", "coordinates": [[[[-1.351573898054979, 43.343893028094946], [-1.363975289579864, 43.335096888381365], [-1.366248873505522, 43.33407164899548], [-1.368360458375775, 43.331530274024246], [-1.369581139179038, 43.33297832857986], [-1.384078005201431, 43.33778351397944], [-1.389180586391573, 43.34093706926417], [-1.402943981594486, 43.34736895957967], [-1.411105283111307, 43.34884360944854], [-1.418560757508247, 43.352569314662894], [-1.417976612771816, 43.36225208034257], [-1.422836313087891, 43.36542140379106], [-1.425578974485759, 43.36922413631224], [-1.424263635354737, 43.3698348013768], [-1.421886256313477, 43.368985074080676], [-1.411726600008965, 43.373415041162396], [-1.409674327949336, 43.37530800550333], [-1.409705008688448, 43.37810983890937], [-1.407692416060136, 43.38192663579844], [-1.404230592870674, 43.38503564697094], [-1.398009137756553, 43.3887685696681], [-1.383101357222072, 43.39266783304662], [-1.381596383552222, 43.39206655888773], [-1.375965546020534, 43.38457194600224], [-1.362603474716472, 43.37311319809666], [-1.361325636370896, 43.36616136322916], [-1.35741664660669, 43.354951311330694], [-1.351573898054979, 43.343893028094946]]]]}}, {"type": "Feature", "properties": {"ud_kodea": "64161", "ud_iz_e": "Came", "iz_ofizial": "Came"}, "geometry": {"type": "MultiPolygon", "coordinates": [[[[-1.056593087695075, 43.48463421255063], [-1.055543514010891, 43.483226693066904], [-1.060207937968714, 43.47673413934221], [-1.064001963501138, 43.46840832544189], [-1.059529465405552, 43.45897368985064], [-1.066095339718166, 43.45597072856736], [-1.068014911254012, 43.45464733619615], [-1.068380311641101, 43.452262531138594], [-1.071161993203322, 43.45031662025717], [-1.073148735408498, 43.450050023831494], [-1.07469869207073, 43.45222135968878], [-1.077934618578086, 43.45127795759003], [-1.079305801024667, 43.44932457616386], [-1.080324672044466, 43.44357648651435], [-1.08297610946993, 43.44127031124107], [-1.086193043266062, 43.44163541831685], [-1.088104291871508, 43.444032555286846], [-1.094726205355264, 43.44253642092238], [-1.104728866871119, 43.44210901953693], [-1.121138034875484, 43.4543360121089], [-1.122101675181934, 43.45754707702182], [-1.113607301339971, 43.4671790444073], [-1.112786519318017, 43.47083274060351], [-1.113931098194256, 43.47291090759479], [-1.127611222713543, 43.485544800912564], [-1.133018223251823, 43.49942110918441], [-1.122320358296467, 43.50145744251121], [-1.112117601886714, 43.50984706317806], [-1.109435420745825, 43.51412188336321], [-1.10786271332338, 43.5142526662174], [-1.09619371686311, 43.510829283822176], [-1.088470372640181, 43.5115875425511], [-1.086133321183873, 43.51270090579272], [-1.082755212221987, 43.51682734939284], [-1.081199068316644, 43.520013923465626], [-1.081345762149549, 43.52310485475638], [-1.072840038825946, 43.51748500170543], [-1.071872387333437, 43.51183572381405], [-1.06892339441985, 43.5082833884517], [-1.063375428993611, 43.49523034675735], [-1.061055984462452, 43.48890658216757], [-1.056593087695075, 43.48463421255063]]]]}}, {"type": "Feature", "properties": {"ud_kodea": "64162", "ud_iz_e": "Camou-Cihigue", "iz_ofizial": "Camou-Cihigue"}, "geometry": {"type": "MultiPolygon", "coordinates": [[[[-0.893914861525997, 43.11479491605198], [-0.909448474945987, 43.11265080680275], [-0.934287572681828, 43.104520234486856], [-0.96195300979894, 43.11470520071564], [-0.959203065314291, 43.1142551895489], [-0.93752186958996, 43.124253771425856], [-0.932540045162889, 43.12430609435012], [-0.926586468959034, 43.129073799136584], [-0.916613493711503, 43.13333356176637], [-0.911592703868895, 43.134056314823674], [-0.902331513586478, 43.13296932273104], [-0.891784451910548, 43.12640321702531], [-0.893914861525997, 43.11479491605198]]]]}}, {"type": "Feature", "properties": {"ud_kodea": "64235", "ud_iz_e": "Garris", "iz_ofizial": "Garris"}, "geometry": {"type": "MultiPolygon", "coordinates": [[[[-1.054941009463197, 43.35438845136236], [-1.050371027304093, 43.34584285134922], [-1.048806360199929, 43.33410578061205], [-1.054952407454955, 43.33190716841246], [-1.0636648669198, 43.33055213547129], [-1.063798254114274, 43.32761598474091], [-1.065273911519627, 43.327632545600835], [-1.067934434284817, 43.32983752792568], [-1.068414874240616, 43.33435038521714], [-1.061902912420371, 43.350743732731836], [-1.054941009463197, 43.35438845136236]]]]}}, {"type": "Feature", "properties": {"ud_kodea": "64187", "ud_iz_e": "Charritte-de-Bas", "iz_ofizial": "Charritte-de-Bas"}, "geometry": {"type": "MultiPolygon", "coordinates": [[[[-0.898290304856626, 43.312463727625506], [-0.892438847170281, 43.309468307847276], [-0.886703455396613, 43.30421677273494], [-0.875793224583302, 43.29849961385555], [-0.873380013508297, 43.29851772162185], [-0.871469186780893, 43.29731360647384], [-0.873327013046908, 43.296371577034854], [-0.876416046690005, 43.28992201736865], [-0.875968621370936, 43.28862223432629], [-0.894943478871544, 43.28408572614086], [-0.908321192351639, 43.28540013605489], [-0.912270018358174, 43.28425562595653], [-0.916501260790052, 43.28153627617521], [-0.917757727691287, 43.2818122369703], [-0.922702573838498, 43.28349891073345], [-0.921161899677247, 43.28894085002116], [-0.91292004291208, 43.29577409655783], [-0.898290304856626, 43.312463727625506]]]]}}, {"type": "Feature", "properties": {"ud_kodea": "64188", "ud_iz_e": "Chéraute", "iz_ofizial": "Chéraute"}, "geometry": {"type": "MultiPolygon", "coordinates": [[[[-0.817945541018397, 43.200476814262665], [-0.818659956756587, 43.20173030081167], [-0.829829932717503, 43.20647731638313], [-0.842840455779504, 43.20538776986551], [-0.846163779952779, 43.20229294266123], [-0.847297153127995, 43.20213904800414], [-0.861238443222227, 43.215422375787526], [-0.868541159666726, 43.218779301236886], [-0.877688100042643, 43.22926168939584], [-0.877135011238664, 43.23090985374351], [-0.875380597401388, 43.232974017745505], [-0.87309216656375, 43.23855256755356], [-0.873045760374703, 43.242668208106515], [-0.851224682891377, 43.245320526590575], [-0.84543648460339, 43.24239374171078], [-0.840225981007441, 43.24167777905217], [-0.836737773190809, 43.24222151707229], [-0.834186241614652, 43.24279130663021], [-0.824332217495914, 43.25300774792886], [-0.811737550858294, 43.25828035543865], [-0.802748377450304, 43.26111630509874], [-0.785853579256, 43.26165063850491], [-0.782256005638931, 43.25979997872675], [-0.780253631043498, 43.25885967311074], [-0.775697208017567, 43.25272778212464], [-0.7753059508661, 43.24878350239106], [-0.778292196353261, 43.247503781730295], [-0.783152664909942, 43.23736794652383], [-0.783865021000732, 43.23416311344217], [-0.780009619835627, 43.23015480009858], [-0.782272384845459, 43.22232630333993], [-0.786654114769597, 43.216777444640165], [-0.796897691650094, 43.20886723411883], [-0.806326515249101, 43.200104931110644], [-0.812913969620814, 43.198977100151474], [-0.815231303670086, 43.19915540497884], [-0.817945541018397, 43.200476814262665]]]]}}, {"type": "Feature", "properties": {"ud_kodea": "64189", "ud_iz_e": "Ciboure", "iz_ofizial": "Ciboure"}, "geometry": {"type": "MultiPolygon", "coordinates": [[[[-1.668341998576828, 43.372326897724264], [-1.667678421004865, 43.37463916581341], [-1.66705991670777, 43.37575630733222], [-1.670232583182077, 43.378055243753884], [-1.675959208796905, 43.3789081104136], [-1.680690832140463, 43.37858442982483], [-1.68146183159446, 43.37755251818677], [-1.683154263337403, 43.37762612444116], [-1.688471572219878, 43.379609055610075], [-1.692248222595916, 43.382012787153975], [-1.691982949477421, 43.382683986105135], [-1.689092464011478, 43.394654044635146], [-1.684686441788732, 43.39516761360212], [-1.684947510058247, 43.39366929783413], [-1.682298806394152, 43.38952126245527], [-1.677170133026861, 43.38830125788604], [-1.669968369579232, 43.38802670549782], [-1.667194937635323, 43.38651255837366], [-1.6653706674269, 43.38711667341152], [-1.663715489984858, 43.38477736508838], [-1.660618660434221, 43.38239384545978], [-1.654823040451194, 43.38100962695766], [-1.651526361018597, 43.3809451180953], [-1.642552449155646, 43.37853802068462], [-1.641068469853696, 43.367463231911394], [-1.639964474262512, 43.363560806152826], [-1.640885809916239, 43.35968499845668], [-1.648711426112169, 43.35566656509187], [-1.65524732466118, 43.355594337244945], [-1.668341998576828, 43.372326897724264]]]]}}, {"type": "Feature", "properties": {"ud_kodea": "64202", "ud_iz_e": "Domezain-Berraute", "iz_ofizial": "Domezain-Berraute"}, "geometry": {"type": "MultiPolygon", "coordinates": [[[[-0.940748683250086, 43.33045429970986], [-0.953247278761697, 43.32622565615882], [-0.957907938761882, 43.32275304639172], [-0.959739919380767, 43.31980905458342], [-0.960332800177447, 43.287090971271894], [-0.977231110880947, 43.29276768536167], [-0.987523669830489, 43.30192943415433], [-0.984527861188782, 43.30568967622562], [-0.992909458046346, 43.30748339653775], [-0.996086492771076, 43.303283850103526], [-0.996531737501346, 43.304013176796566], [-0.997540439254023, 43.307708456350184], [-0.995455044048822, 43.319131176259546], [-0.992799844339338, 43.32072723898863], [-0.991460118872768, 43.32261512796719], [-0.993366704966255, 43.32913537136894], [-0.991406580876843, 43.3322045369028], [-0.986809366642499, 43.33377846581287], [-0.982131367904011, 43.334348145993246], [-0.977364315327401, 43.33802482693069], [-0.973928738715364, 43.34403299120847], [-0.974158130367234, 43.347267216395934], [-0.973192703839834, 43.34932035953111], [-0.969413302010891, 43.351324621795285], [-0.961916707054403, 43.357880442759274], [-0.962527414731322, 43.36314812074951], [-0.948526820215992, 43.36180563664893], [-0.938647361913162, 43.35190576635028], [-0.936680406849725, 43.35281597588528], [-0.932065402155508, 43.34994398954512], [-0.939870728078024, 43.342420748263976], [-0.940748683250086, 43.33045429970986]]]]}}, {"type": "Feature", "properties": {"ud_kodea": "64213", "ud_iz_e": "Espelette", "iz_ofizial": "Espelette"}, "geometry": {"type": "MultiPolygon", "coordinates": [[[[-1.477929271484927, 43.37412038506819], [-1.471315935776945, 43.37563121499779], [-1.471333883546614, 43.372460538769985], [-1.467465245156393, 43.36685999630383], [-1.454624547377018, 43.361836678875015], [-1.427767822890484, 43.348312783954476], [-1.424822536140756, 43.34970112520865], [-1.425285557126429, 43.346987235962395], [-1.42717041649229, 43.34507197925619], [-1.436768215858111, 43.32836826126413], [-1.437115067405432, 43.32609429195054], [-1.432973517111603, 43.321320493860185], [-1.431553309768937, 43.31101099642975], [-1.431954470388262, 43.2990023804105], [-1.439507186040741, 43.28508460538873], [-1.446034751439119, 43.26904889915241], [-1.45305350481713, 43.283167175982165], [-1.459052050661289, 43.28995635872945], [-1.471382179690285, 43.29549942895477], [-1.475819074276148, 43.302738166146455], [-1.479142057468746, 43.31140967957477], [-1.471716682861469, 43.32248905496545], [-1.46706337439981, 43.33439671576411], [-1.466805190653321, 43.33897652654863], [-1.467847354547064, 43.34877909328332], [-1.470537207346555, 43.35940835393602], [-1.478605894660061, 43.3685147744532], [-1.479657619267981, 43.37174386901153], [-1.477929271484927, 43.37412038506819]]]]}}, {"type": "Feature", "properties": {"ud_kodea": "64214", "ud_iz_e": "Espès-Undurein", "iz_ofizial": "Espès-Undurein"}, "geometry": {"type": "MultiPolygon", "coordinates": [[[[-0.867546548657602, 43.260527325105336], [-0.871974491300231, 43.261926676934785], [-0.885798183340162, 43.26314299298515], [-0.914884760761964, 43.26287210473315], [-0.911658281392121, 43.272462079086296], [-0.918067213636779, 43.280833698230374], [-0.917757727691287, 43.2818122369703], [-0.916501260790052, 43.28153627617521], [-0.912270018358174, 43.28425562595653], [-0.908321192351639, 43.28540013605489], [-0.894943478871544, 43.28408572614086], [-0.875968621370936, 43.28862223432629], [-0.872219421286278, 43.285136143357526], [-0.864223187580519, 43.28864591740473], [-0.863765607395316, 43.28549835619715], [-0.865184935202311, 43.28500715945845], [-0.867258390166921, 43.28193652164098], [-0.869252547245247, 43.27586958211277], [-0.867546548657602, 43.260527325105336]]]]}}, {"type": "Feature", "properties": {"ud_kodea": "64217", "ud_iz_e": "Esquiule", "iz_ofizial": "Esquiule"}, "geometry": {"type": "MultiPolygon", "coordinates": [[[[-0.745891938005326, 43.20307360709163], [-0.735677850172257, 43.20285333074376], [-0.729689491469522, 43.200476132726855], [-0.722735894507679, 43.2011981332588], [-0.708019756471043, 43.20597969223231], [-0.694056135685569, 43.20784014784984], [-0.686773965556755, 43.205479688356355], [-0.669125993555766, 43.204558739151075], [-0.659464741511537, 43.20316795462626], [-0.657423651658611, 43.19517986397854], [-0.653934192544725, 43.19235545824878], [-0.652572718859673, 43.18984069342961], [-0.659363469860795, 43.18559085025179], [-0.67413354789621, 43.18363525791733], [-0.685139786261343, 43.18732616460667], [-0.689771418566149, 43.1886688639361], [-0.696098168285425, 43.18861248165282], [-0.706260597346476, 43.18485267167554], [-0.719864851671816, 43.178287951264714], [-0.722796182689248, 43.17564202058671], [-0.726050838004815, 43.17053643523206], [-0.729258845480947, 43.16245000021049], [-0.729605231163847, 43.161261098800786], [-0.731828264684879, 43.1610751966989], [-0.740808767070321, 43.15776620524184], [-0.754768705007157, 43.158928654650246], [-0.764188452168591, 43.15838216401147], [-0.768906206858221, 43.15912588673592], [-0.773049749195587, 43.167704921129605], [-0.774012504144974, 43.17466272032773], [-0.771825726563592, 43.180383622872235], [-0.766731401454604, 43.188588851336505], [-0.761921389206263, 43.19352947038587], [-0.750587054235517, 43.20152275532336], [-0.746335584254453, 43.202284660029754], [-0.745891938005326, 43.20307360709163]]]]}}, {"type": "Feature", "properties": {"ud_kodea": "64218", "ud_iz_e": "Estérençuby", "iz_ofizial": "Estérençuby"}, "geometry": {"type": "MultiPolygon", "coordinates": [[[[-1.212578834248551, 43.0514542036566], [-1.214816454438898, 43.07960641983652], [-1.219131213156959, 43.0777638635382], [-1.22178633531318, 43.079833105468495], [-1.221639365883002, 43.087346173859714], [-1.217207746189817, 43.094806560747806], [-1.214778458768365, 43.11639261282031], [-1.206794446635925, 43.11991045222433], [-1.201499938717379, 43.12183840662399], [-1.192519395856809, 43.12077698502737], [-1.186152810645501, 43.11750290862685], [-1.178218931162595, 43.119187296101835], [-1.176333874044002, 43.11947388193866], [-1.162794268590078, 43.117800428355444], [-1.156561418391189, 43.114014238746925], [-1.150948925147148, 43.10697490887779], [-1.136202548769844, 43.09813952571359], [-1.130430512879618, 43.08450918611361], [-1.13468480317825, 43.08286428052876], [-1.140798813956285, 43.0828111575592], [-1.149567316448449, 43.07757570968362], [-1.157943466858184, 43.06833958388216], [-1.158842106028485, 43.0482746433463], [-1.164429644655078, 43.04419835102487], [-1.171491674578276, 43.044235409732906], [-1.173962396553093, 43.037632470689026], [-1.174256199665938, 43.03464177894658], [-1.180965889194901, 43.03262129019309], [-1.211838970117126, 43.04967554049602], [-1.212578834248551, 43.0514542036566]]]]}}, {"type": "Feature", "properties": {"ud_kodea": "64221", "ud_iz_e": "Etcharry", "iz_ofizial": "Etcharry"}, "geometry": {"type": "MultiPolygon", "coordinates": [[[[-0.922026648345586, 43.3478334769648], [-0.918040810972875, 43.34813292409764], [-0.91515817454183, 43.34686918299831], [-0.912330443192097, 43.34408660074616], [-0.911594675221033, 43.333564250662654], [-0.922857555529791, 43.31666163224573], [-0.926116503657269, 43.31390965039327], [-0.930369339356708, 43.31186358251616], [-0.931539593162694, 43.30873254097731], [-0.935575790535098, 43.31146780172228], [-0.94020877957102, 43.313923570584436], [-0.942064028193385, 43.315961732679746], [-0.940748683250086, 43.33045429970986], [-0.939870728078024, 43.342420748263976], [-0.932065402155508, 43.34994398954512], [-0.926737638284481, 43.348141646773705], [-0.922026648345586, 43.3478334769648]]]]}}, {"type": "Feature", "properties": {"ud_kodea": "64222", "ud_iz_e": "Etchebar", "iz_ofizial": "Etchebar"}, "geometry": {"type": "MultiPolygon", "coordinates": [[[[-0.930877558630487, 43.05851006622808], [-0.91767756668278, 43.06317342955669], [-0.917230993757205, 43.06503031461756], [-0.910593841333761, 43.073966978998115], [-0.895990218447812, 43.087082055479044], [-0.890172091473575, 43.08855227709874], [-0.88524765659547, 43.08633928795641], [-0.880493987191842, 43.08221628666318], [-0.883998121209899, 43.07141185236946], [-0.907295368529329, 43.05145102091154], [-0.909874019513288, 43.04700078046043], [-0.911551824551216, 43.046320252127586], [-0.91912966486593, 43.047861630742034], [-0.925929885778414, 43.05212336027337], [-0.930877558630487, 43.05851006622808]]]]}}, {"type": "Feature", "properties": {"ud_kodea": "64228", "ud_iz_e": "Gabat", "iz_ofizial": "Gabat"}, "geometry": {"type": "MultiPolygon", "coordinates": [[[[-1.025020883789447, 43.35760347432338], [-1.039396303917635, 43.358848219133854], [-1.044345426406171, 43.360006287079685], [-1.050704896062373, 43.36269400648267], [-1.052780558366487, 43.36764267862452], [-1.047085510056155, 43.3749056111259], [-1.048838115273124, 43.38175548623596], [-1.046901844580484, 43.38195225875283], [-1.023218084298662, 43.393102128719676], [-1.014515828348736, 43.394182963793924], [-1.009339385917679, 43.396158488811814], [-1.003659385555308, 43.39479064266354], [-1.003232600347949, 43.39378764380906], [-1.009921468790243, 43.386077795082116], [-1.010625652943938, 43.386505686028016], [-1.021797436812969, 43.380960900017946], [-1.023015354323685, 43.373827305237334], [-1.021892726767344, 43.369778599245954], [-1.025020883789447, 43.35760347432338]]]]}}, {"type": "Feature", "properties": {"ud_kodea": "64229", "ud_iz_e": "Gamarthe", "iz_ofizial": "Gamarthe"}, "geometry": {"type": "MultiPolygon", "coordinates": [[[[-1.111378276054102, 43.174957433962454], [-1.112410809627221, 43.17271133771045], [-1.114246268657502, 43.17239180101421], [-1.11752123158053, 43.17372497880922], [-1.117853090075398, 43.176376576639875], [-1.120171020400788, 43.18017815038165], [-1.124662127169541, 43.18283103303559], [-1.134597761432963, 43.18288638075978], [-1.135562941211773, 43.18218462978273], [-1.144028826459136, 43.18180998853748], [-1.147544959877007, 43.182987123602736], [-1.15134362335058, 43.189203665073855], [-1.152030038207554, 43.19450237382675], [-1.151406483916556, 43.195127174225725], [-1.147724571294769, 43.199055560229134], [-1.143159160450112, 43.20852127609333], [-1.131824743891247, 43.21914074543165], [-1.122156058161635, 43.20723908577043], [-1.117259096108621, 43.202477571620925], [-1.110729799543403, 43.19086156103408], [-1.112242071918163, 43.180053069639506], [-1.111378276054102, 43.174957433962454]]]]}}, {"type": "Feature", "properties": {"ud_kodea": "64231", "ud_iz_e": "Garindein", "iz_ofizial": "Garindein"}, "geometry": {"type": "MultiPolygon", "coordinates": [[[[-0.912031848420852, 43.20093429130983], [-0.921385236822756, 43.20457348556179], [-0.929362387470476, 43.210838733457656], [-0.939956367467903, 43.22155162119014], [-0.955844473428398, 43.24064934740467], [-0.951621979302864, 43.24098147509045], [-0.946968817243752, 43.23901722211512], [-0.932847820309466, 43.22984101758871], [-0.930172796075749, 43.22693308225575], [-0.925612150679855, 43.22684333587445], [-0.923757817298945, 43.22853461865382], [-0.918881355576731, 43.22546509735213], [-0.914378257317538, 43.21994026396175], [-0.906185243385383, 43.215681942943405], [-0.89852586017158, 43.213435530448535], [-0.895512290607012, 43.210837198247994], [-0.898899964491123, 43.2072177739966], [-0.907223045175933, 43.20192996272789], [-0.912031848420852, 43.20093429130983]]]]}}, {"type": "Feature", "properties": {"ud_kodea": "64247", "ud_iz_e": "Gotein-Libarrenx", "iz_ofizial": "Gotein-Libarrenx"}, "geometry": {"type": "MultiPolygon", "coordinates": [[[[-0.898756369239622, 43.17230547109334], [-0.912618389254074, 43.18599644506735], [-0.914692365105006, 43.19169847250764], [-0.914244505206774, 43.19311695861598], [-0.913670605416643, 43.19619891926608], [-0.914606833138474, 43.19829665729984], [-0.912031848420852, 43.20093429130983], [-0.907223045175933, 43.20192996272789], [-0.898899964491123, 43.2072177739966], [-0.895512290607012, 43.210837198247994], [-0.882197231757566, 43.208031884363585], [-0.86044872306091, 43.19682583364407], [-0.854874507994571, 43.192522407754126], [-0.860064330698822, 43.19238448742574], [-0.863248386723341, 43.19148156674549], [-0.865189289263132, 43.189715345641716], [-0.863715980514114, 43.18642254981606], [-0.865252641660665, 43.186507062213416], [-0.867729407966963, 43.183245558982165], [-0.894269302585755, 43.172292052099145], [-0.895744775497683, 43.17054386615224], [-0.897590640596509, 43.170657253826874], [-0.898756369239622, 43.17230547109334]]]]}}, {"type": "Feature", "properties": {"ud_kodea": "64249", "ud_iz_e": "Guéthary", "iz_ofizial": "Guéthary"}, "geometry": {"type": "MultiPolygon", "coordinates": [[[[-1.608500230188882, 43.42703671955322], [-1.600469898583211, 43.41496196504538], [-1.605346037246806, 43.415199705147195], [-1.616141382696193, 43.41740897519021], [-1.619859182424519, 43.420351291017575], [-1.620297919280852, 43.421764550710094], [-1.617252820215801, 43.42455213891093], [-1.608500230188882, 43.42703671955322]]]]}}, {"type": "Feature", "properties": {"ud_kodea": "64250", "ud_iz_e": "Guiche", "iz_ofizial": "Guiche"}, "geometry": {"type": "MultiPolygon", "coordinates": [[[[-1.203779003773203, 43.54003866139629], [-1.192921371319217, 43.53092920388627], [-1.174994121549343, 43.51767116777691], [-1.164358314475107, 43.51282764932369], [-1.163549745201, 43.511373927121056], [-1.165044321442298, 43.50825684774052], [-1.168597906818794, 43.50160359832337], [-1.170037448045665, 43.496798376912515], [-1.171183951163361, 43.49707769522907], [-1.178359379146643, 43.49498222822773], [-1.193046313364911, 43.489024439204904], [-1.202258210350059, 43.48615295572031], [-1.207946799925434, 43.488031432290605], [-1.211940648642481, 43.48851233661995], [-1.21900493672497, 43.488760057635965], [-1.224966995101896, 43.48726185689044], [-1.228048555136695, 43.48871206252948], [-1.234236486984776, 43.49469535718203], [-1.241203887217745, 43.50471229048428], [-1.250974472895521, 43.51148892158045], [-1.257403263944418, 43.50950123708182], [-1.260169120150068, 43.513092140962534], [-1.250361130404484, 43.516732552713236], [-1.235609569508482, 43.52220694635503], [-1.218955412390995, 43.53022025036821], [-1.203779003773203, 43.54003866139629]]]]}}, {"type": "Feature", "properties": {"ud_kodea": "64255", "ud_iz_e": "Halsou", "iz_ofizial": "Halsou"}, "geometry": {"type": "MultiPolygon", "coordinates": [[[[-1.43415108008135, 43.38405904567704], [-1.43326102482083, 43.38438837353984], [-1.427242414167567, 43.38294727026447], [-1.417539324491204, 43.39203093488522], [-1.414343097865045, 43.39406171210239], [-1.396322508219699, 43.3968652801505], [-1.389280112274785, 43.39948221130289], [-1.385046538269334, 43.39388916493028], [-1.383101357222072, 43.39266783304662], [-1.398009137756553, 43.3887685696681], [-1.404230592870674, 43.38503564697094], [-1.407692416060136, 43.38192663579844], [-1.409705008688448, 43.37810983890937], [-1.409674327949336, 43.37530800550333], [-1.411726600008965, 43.373415041162396], [-1.421886256313477, 43.368985074080676], [-1.424263635354737, 43.3698348013768], [-1.43415108008135, 43.38405904567704]]]]}}, {"type": "Feature", "properties": {"ud_kodea": "64256", "ud_iz_e": "Hasparren", "iz_ofizial": "Hasparren"}, "geometry": {"type": "MultiPolygon", "coordinates": [[[[-1.294323372568395, 43.35775259554679], [-1.295442294385093, 43.357061270167165], [-1.311337713526926, 43.35151927247143], [-1.319324675147582, 43.35160585351713], [-1.323844977619878, 43.3509043874706], [-1.327654759742776, 43.3468291802808], [-1.347171056765301, 43.346057727300305], [-1.351573898054979, 43.343893028094946], [-1.35741664660669, 43.354951311330694], [-1.361325636370896, 43.36616136322916], [-1.362603474716472, 43.37311319809666], [-1.375965546020534, 43.38457194600224], [-1.381596383552222, 43.39206655888773], [-1.383101357222072, 43.39266783304662], [-1.385046538269334, 43.39388916493028], [-1.389280112274785, 43.39948221130289], [-1.391222330910695, 43.403103914282454], [-1.390096482376632, 43.407361022169546], [-1.383134520731248, 43.409804853530545], [-1.38013941619414, 43.41318966821794], [-1.383669073756889, 43.41944406918884], [-1.38895438781369, 43.42470276183286], [-1.38835072046819, 43.426155394045054], [-1.385559909514391, 43.42648837187047], [-1.38102775486874, 43.42841904069449], [-1.36859915890171, 43.44055559088304], [-1.363532629362081, 43.43972013361942], [-1.357720280716414, 43.437346676103076], [-1.342504163308496, 43.43583984292917], [-1.336050426297284, 43.43471458874978], [-1.33545525741894, 43.43405275528772], [-1.321376448743701, 43.43465987317784], [-1.295475146927882, 43.43796398284957], [-1.27627786413507, 43.44495521527446], [-1.274945507026551, 43.446227765495955], [-1.266503000871229, 43.44134321185495], [-1.258462541022177, 43.438911817528535], [-1.256113857928668, 43.438718573567655], [-1.251324016889304, 43.440407789289544], [-1.247845962235593, 43.43833424869525], [-1.247454739430531, 43.43782523841202], [-1.249012585941442, 43.436386531427615], [-1.26353490795786, 43.432034169909905], [-1.271233039778308, 43.426839304581165], [-1.275022925160149, 43.421532521787846], [-1.277510919191483, 43.4109289373123], [-1.278998679404275, 43.408318585043006], [-1.287169933226809, 43.39958462263478], [-1.288559880977937, 43.395191403665486], [-1.28750387639367, 43.393952999986], [-1.281115199068004, 43.393704193058525], [-1.276575559409869, 43.3905232120789], [-1.264486944508971, 43.374537652145186], [-1.265463748017248, 43.372919795847565], [-1.270038209441907, 43.372020316791755], [-1.276512415705547, 43.3674210638218], [-1.279046325963256, 43.3675190223959], [-1.291870002403323, 43.365071947941665], [-1.29201747499696, 43.364499401834756], [-1.294323372568395, 43.35775259554679]]]]}}, {"type": "Feature", "properties": {"ud_kodea": "64258", "ud_iz_e": "Haux", "iz_ofizial": "Haux"}, "geometry": {"type": "MultiPolygon", "coordinates": [[[[-0.863552178565783, 43.083730710490286], [-0.856816301187378, 43.08358505988718], [-0.831662500955601, 43.0873846904172], [-0.831461806534192, 43.085727762683746], [-0.816952448020347, 43.06863568673905], [-0.811028114131557, 43.05931985971893], [-0.815474616851662, 43.05969264076079], [-0.820202908181885, 43.057060359883636], [-0.822423108980454, 43.04499936215514], [-0.825884410852113, 43.03830314821412], [-0.826535018267254, 43.032789183860324], [-0.82588275628942, 43.02533526294347], [-0.844358319689351, 43.03095780377606], [-0.852263746866757, 43.03434783410462], [-0.849103000483167, 43.04579130527271], [-0.850471905187021, 43.0570835502089], [-0.852247112654259, 43.062794674096175], [-0.862112874739362, 43.069316136946576], [-0.863552178565783, 43.083730710490286]]]]}}, {"type": "Feature", "properties": {"ud_kodea": "64259", "ud_iz_e": "Hélette", "iz_ofizial": "Hélette"}, "geometry": {"type": "MultiPolygon", "coordinates": [[[[-1.243040314801289, 43.33812249149242], [-1.235369575108551, 43.328257780628476], [-1.23019159079427, 43.325015650944835], [-1.224882164992964, 43.31768579539835], [-1.22440460374657, 43.315312668183914], [-1.205735986445893, 43.29652774611246], [-1.20633723257081, 43.29628272463139], [-1.215960389074418, 43.28683601074418], [-1.221910388745481, 43.28303350837055], [-1.227535892832128, 43.281289179698554], [-1.24253478903908, 43.28161165096975], [-1.248825510262163, 43.28767931835737], [-1.254463168076513, 43.28999509032028], [-1.260083859644632, 43.29140768560619], [-1.278276554602717, 43.29221367551309], [-1.288708215669543, 43.29467104295853], [-1.285385392329105, 43.30148485653739], [-1.261816962496952, 43.33218368534208], [-1.252708950418111, 43.33365329964398], [-1.2443922595873, 43.336571220998366], [-1.243040314801289, 43.33812249149242]]]]}}, {"type": "Feature", "properties": {"ud_kodea": "64260", "ud_iz_e": "Hendaye", "iz_ofizial": "Hendaya"}, "geometry": {"type": "MultiPolygon", "coordinates": [[[[-1.771930597901469, 43.3422915813343], [-1.775905301380674, 43.34392657906754], [-1.785414765138673, 43.34991017354091], [-1.789226442432166, 43.354620740859346], [-1.790621783070771, 43.36682783839705], [-1.792350952083534, 43.370605937878736], [-1.792013855475331, 43.37281818865768], [-1.788751684045321, 43.37837849780674], [-1.786885472233659, 43.377957324487134], [-1.788828087866933, 43.37413100684924], [-1.783480137215236, 43.37300864367705], [-1.775570842434475, 43.37308612414683], [-1.763307941232188, 43.375791926006514], [-1.755746829961476, 43.379472034835096], [-1.747058597039333, 43.38085511494774], [-1.742390368821379, 43.379385444429914], [-1.735623401141374, 43.38095007910575], [-1.733759207741901, 43.38099926309639], [-1.734382869869004, 43.37971923314035], [-1.733156210959436, 43.38012802476358], [-1.733000589880741, 43.37688497007462], [-1.751410961572866, 43.364420767886614], [-1.751904845354348, 43.36085808285184], [-1.753534656926421, 43.359893291566344], [-1.75515962669278, 43.357301047570154], [-1.760517616768848, 43.35271760172049], [-1.76736014755134, 43.34932381936157], [-1.767695482549117, 43.34852674759905], [-1.762016965689996, 43.344090687881234], [-1.768963274353759, 43.342186456540134], [-1.771930597901469, 43.3422915813343]]]]}}, {"type": "Feature", "properties": {"ud_kodea": "64264", "ud_iz_e": "L'Hôpital-Saint-Blaise", "iz_ofizial": "L'Hôpital-Saint-Blaise"}, "geometry": {"type": "MultiPolygon", "coordinates": [[[[-0.776679674376298, 43.26473939874551], [-0.764719279297826, 43.26110276848712], [-0.762804952684375, 43.25946834676994], [-0.7611507941375, 43.25551130172894], [-0.761374518164816, 43.25287748672855], [-0.759629122055128, 43.250842703590074], [-0.759444133737315, 43.25029170486892], [-0.770376855305322, 43.246201891507205], [-0.77257772776556, 43.24860422082925], [-0.7753059508661, 43.24878350239106], [-0.775697208017567, 43.25272778212464], [-0.780253631043498, 43.25885967311074], [-0.782256005638931, 43.25979997872675], [-0.776679674376298, 43.26473939874551]]]]}}, {"type": "Feature", "properties": {"ud_kodea": "64265", "ud_iz_e": "Hosta", "iz_ofizial": "Hosta"}, "geometry": {"type": "MultiPolygon", "coordinates": [[[[-1.111407927802115, 43.17238391316581], [-1.10261458364849, 43.170399686231384], [-1.098137609623623, 43.17036194192912], [-1.094798083823206, 43.171405761104914], [-1.059112630276517, 43.164255965710524], [-1.048793609591583, 43.15039496006551], [-1.049050391984456, 43.12608620961476], [-1.044628047022968, 43.1151828673654], [-1.057289924621643, 43.123811875282975], [-1.100679827165241, 43.14402219138852], [-1.105648121757516, 43.16159344239968], [-1.111407927802115, 43.17238391316581]]]]}}, {"type": "Feature", "properties": {"ud_kodea": "64267", "ud_iz_e": "Ibarrolle", "iz_ofizial": "Ibarrolle"}, "geometry": {"type": "MultiPolygon", "coordinates": [[[[-1.111378276054102, 43.174957433962454], [-1.112242071918163, 43.180053069639506], [-1.110729799543403, 43.19086156103408], [-1.117259096108621, 43.202477571620925], [-1.113574502600368, 43.20808195643735], [-1.108234195646127, 43.21149117631869], [-1.102740331005553, 43.2092161134623], [-1.08730499517762, 43.20679920412376], [-1.084715925098502, 43.20762236145418], [-1.082518466077464, 43.207681245437094], [-1.081988061319959, 43.20702399233095], [-1.079973204102003, 43.1952794706903], [-1.089381404554093, 43.18586658208993], [-1.094798083823206, 43.171405761104914], [-1.098137609623623, 43.17036194192912], [-1.10261458364849, 43.170399686231384], [-1.111407927802115, 43.17238391316581], [-1.111378276054102, 43.174957433962454]]]]}}, {"type": "Feature", "properties": {"ud_kodea": "64268", "ud_iz_e": "Idaux-Mendy", "iz_ofizial": "Idaux-Mendy"}, "geometry": {"type": "MultiPolygon", "coordinates": [[[[-0.9180401565497, 43.15285089541239], [-0.92902741083373, 43.15871797330864], [-0.937400602039759, 43.167479502027945], [-0.940475391623766, 43.169464619522856], [-0.94993883590692, 43.173175455163104], [-0.94387274810867, 43.176133583431316], [-0.937356006057869, 43.1810999423128], [-0.936969680434434, 43.18518026925252], [-0.934179052360119, 43.18782723644197], [-0.929401992463703, 43.190407841393515], [-0.924010262074858, 43.192010025778934], [-0.915518257848297, 43.193748865062695], [-0.914244505206774, 43.19311695861598], [-0.914692365105006, 43.19169847250764], [-0.912618389254074, 43.18599644506735], [-0.898756369239622, 43.17230547109334], [-0.908344024360814, 43.16543451372211], [-0.911634863534359, 43.15387878987125], [-0.9180401565497, 43.15285089541239]]]]}}, {"type": "Feature", "properties": {"ud_kodea": "64271", "ud_iz_e": "Iholdy", "iz_ofizial": "Iholdy"}, "geometry": {"type": "MultiPolygon", "coordinates": [[[[-1.181873448153509, 43.2524101290233], [-1.184421050401277, 43.25161597077083], [-1.200660905883058, 43.2541676518829], [-1.205241153029669, 43.260039149522754], [-1.20868951841316, 43.266653689423165], [-1.208049438885525, 43.279163191757945], [-1.211588971047555, 43.28050885916739], [-1.214279936601834, 43.28334959873833], [-1.215960389074418, 43.28683601074418], [-1.20633723257081, 43.29628272463139], [-1.205750421281172, 43.29576236996008], [-1.200017116754549, 43.29591971677748], [-1.180177119353814, 43.29055030499792], [-1.157625814957806, 43.2889742425712], [-1.154540025991863, 43.28818048262092], [-1.143302313998249, 43.28037084424978], [-1.138426760071164, 43.273220005957356], [-1.135538585338777, 43.270611213291055], [-1.142850977146676, 43.261981510050305], [-1.14737669019836, 43.2579866123759], [-1.169245018925804, 43.2540580200927], [-1.175119452510206, 43.25485243497712], [-1.179814194709124, 43.2537537152477], [-1.181873448153509, 43.2524101290233]]]]}}, {"type": "Feature", "properties": {"ud_kodea": "64272", "ud_iz_e": "Ilharre", "iz_ofizial": "Ilharre"}, "geometry": {"type": "MultiPolygon", "coordinates": [[[[-1.048838115273124, 43.38175548623596], [-1.049883560584164, 43.38183435359788], [-1.056634747688272, 43.38909414854832], [-1.058105961649628, 43.39303589789498], [-1.05501740327405, 43.39527403647727], [-1.052109941443244, 43.39947268919016], [-1.052467756271131, 43.40532364155867], [-1.041586155848976, 43.41342633233553], [-1.030399307785065, 43.419632191707194], [-1.017598847629955, 43.422978090441646], [-1.010296642168845, 43.40914674782087], [-1.012897917192211, 43.407841439363075], [-1.009339385917679, 43.396158488811814], [-1.014515828348736, 43.394182963793924], [-1.023218084298662, 43.393102128719676], [-1.046901844580484, 43.38195225875283], [-1.048838115273124, 43.38175548623596]]]]}}, {"type": "Feature", "properties": {"ud_kodea": "64273", "ud_iz_e": "Irissarry", "iz_ofizial": "Irissarry"}, "geometry": {"type": "MultiPolygon", "coordinates": [[[[-1.224666671545577, 43.21723520470861], [-1.232028029451373, 43.21771861402573], [-1.233851373730248, 43.22925575441256], [-1.236120257436413, 43.23587775689091], [-1.250430239647467, 43.24655461788328], [-1.259773530071486, 43.261468124367575], [-1.260167046516494, 43.26550912743606], [-1.262068994753387, 43.26955906588649], [-1.265018765804935, 43.273203656742375], [-1.279068039783124, 43.280667278742115], [-1.288710492173635, 43.29276286687699], [-1.288708215669543, 43.29467104295853], [-1.278276554602717, 43.29221367551309], [-1.260083859644632, 43.29140768560619], [-1.254463168076513, 43.28999509032028], [-1.248825510262163, 43.28767931835737], [-1.24253478903908, 43.28161165096975], [-1.227535892832128, 43.281289179698554], [-1.221910388745481, 43.28303350837055], [-1.215960389074418, 43.28683601074418], [-1.214279936601834, 43.28334959873833], [-1.211588971047555, 43.28050885916739], [-1.208049438885525, 43.279163191757945], [-1.20868951841316, 43.266653689423165], [-1.205241153029669, 43.260039149522754], [-1.200660905883058, 43.2541676518829], [-1.212322857987298, 43.236548212594165], [-1.211245293868138, 43.23211689935899], [-1.212109268948073, 43.22820793843279], [-1.2177340896284, 43.22057641653571], [-1.223653126438526, 43.21794328860883], [-1.224666671545577, 43.21723520470861]]]]}}, {"type": "Feature", "properties": {"ud_kodea": "64274", "ud_iz_e": "Irouléguy", "iz_ofizial": "Irouléguy"}, "geometry": {"type": "MultiPolygon", "coordinates": [[[[-1.304024836072881, 43.16209753497403], [-1.305519022487553, 43.16129287887324], [-1.306503830515798, 43.173128913706435], [-1.308766710030818, 43.183115947077454], [-1.303235565408926, 43.19349908793765], [-1.301985568639402, 43.20026735848838], [-1.276136533601554, 43.200458679872], [-1.276320119268349, 43.199463204364555], [-1.272548588934034, 43.199895567882045], [-1.269057050061091, 43.19635675120059], [-1.269270393449133, 43.19076870631949], [-1.271207546478371, 43.184038644494116], [-1.269536237339254, 43.175622045176006], [-1.268179855198701, 43.17359043031898], [-1.269885813092396, 43.17051331616994], [-1.271805971505407, 43.16928601518446], [-1.283122396877171, 43.169257546205905], [-1.282943767072573, 43.17249040556795], [-1.287495184894883, 43.174513710667384], [-1.295217252993909, 43.17380269413443], [-1.300442928946075, 43.17141975965132], [-1.304024836072881, 43.16209753497403]]]]}}, {"type": "Feature", "properties": {"ud_kodea": "64275", "ud_iz_e": "Ispoure", "iz_ofizial": "Ispoure"}, "geometry": {"type": "MultiPolygon", "coordinates": [[[[-1.233891843674618, 43.1906000686143], [-1.22763692043403, 43.18740995156526], [-1.223556108968545, 43.182850751647635], [-1.221788878386948, 43.180112279087254], [-1.22060489624472, 43.17494501301601], [-1.220263032788494, 43.16769196326879], [-1.229429692505301, 43.1659940859741], [-1.229469862166298, 43.16797058510079], [-1.245833734728073, 43.17028529851774], [-1.247821776747855, 43.17132933039389], [-1.258927303856588, 43.178866628301876], [-1.259117808009733, 43.18106513763119], [-1.256147303408471, 43.189024764547945], [-1.256233130754957, 43.19803566980712], [-1.25465788990207, 43.19771229503313], [-1.243852722051811, 43.20136746114335], [-1.239516292390299, 43.204036843560104], [-1.236556145349431, 43.20127063874145], [-1.235581294752091, 43.193893638720496], [-1.233891843674618, 43.1906000686143]]]]}}, {"type": "Feature", "properties": {"ud_kodea": "64277", "ud_iz_e": "Isturits", "iz_ofizial": "Isturits"}, "geometry": {"type": "MultiPolygon", "coordinates": [[[[-1.185108725450501, 43.38943214806395], [-1.17029517334246, 43.372869551410076], [-1.186871687971478, 43.361902267572546], [-1.191289606344158, 43.359665389295486], [-1.199410489567923, 43.35811426239646], [-1.209675779295595, 43.35069175927795], [-1.21492935118627, 43.35291132836599], [-1.223103432211454, 43.35333375003302], [-1.229455687596372, 43.35179353082743], [-1.23309897952237, 43.35013381859685], [-1.232952832021766, 43.35758185652783], [-1.231041981032728, 43.366859371098286], [-1.219540199463303, 43.38107011263965], [-1.208066081510569, 43.387088334056095], [-1.204262079642842, 43.388060582293726], [-1.198551298339764, 43.38895716993327], [-1.185108725450501, 43.38943214806395]]]]}}, {"type": "Feature", "properties": {"ud_kodea": "64279", "ud_iz_e": "Itxassou", "iz_ofizial": "Itxassou"}, "geometry": {"type": "MultiPolygon", "coordinates": [[[[-1.363237634670459, 43.300881418182705], [-1.379549142644685, 43.29263882845182], [-1.396592378278465, 43.28203579161634], [-1.413205364128149, 43.27347733901443], [-1.416582078125231, 43.27263379424567], [-1.420623003670123, 43.26924656938242], [-1.427122946745498, 43.26707825779987], [-1.438456572732494, 43.266576779372805], [-1.446034751439119, 43.26904889915241], [-1.439507186040741, 43.28508460538873], [-1.431954470388262, 43.2990023804105], [-1.431553309768937, 43.31101099642975], [-1.432973517111603, 43.321320493860185], [-1.437115067405432, 43.32609429195054], [-1.436768215858111, 43.32836826126413], [-1.42717041649229, 43.34507197925619], [-1.425285557126429, 43.346987235962395], [-1.424822536140756, 43.34970112520865], [-1.418560757508247, 43.352569314662894], [-1.411105283111307, 43.34884360944854], [-1.402943981594486, 43.34736895957967], [-1.389180586391573, 43.34093706926417], [-1.384078005201431, 43.33778351397944], [-1.369581139179038, 43.33297832857986], [-1.368360458375775, 43.331530274024246], [-1.365566968609081, 43.31361678794683], [-1.365583472519743, 43.304539058345455], [-1.363237634670459, 43.300881418182705]]]]}}, {"type": "Feature", "properties": {"ud_kodea": "64282", "ud_iz_e": "Jatxou", "iz_ofizial": "Jatxou"}, "geometry": {"type": "MultiPolygon", "coordinates": [[[[-1.38835072046819, 43.426155394045054], [-1.38895438781369, 43.42470276183286], [-1.383669073756889, 43.41944406918884], [-1.38013941619414, 43.41318966821794], [-1.383134520731248, 43.409804853530545], [-1.390096482376632, 43.407361022169546], [-1.391222330910695, 43.403103914282454], [-1.389280112274785, 43.39948221130289], [-1.396322508219699, 43.3968652801505], [-1.414343097865045, 43.39406171210239], [-1.417539324491204, 43.39203093488522], [-1.427242414167567, 43.38294727026447], [-1.43326102482083, 43.38438837353984], [-1.43415108008135, 43.38405904567704], [-1.443079626193766, 43.38778968393568], [-1.439787723763161, 43.39127227246675], [-1.437362113868925, 43.40283413223678], [-1.422360494741426, 43.419160105010725], [-1.420003058787556, 43.41994663166392], [-1.409498316732506, 43.42718535591456], [-1.406505195827828, 43.43016901686718], [-1.395841074677497, 43.42686419813666], [-1.38835072046819, 43.426155394045054]]]]}}, {"type": "Feature", "properties": {"ud_kodea": "64283", "ud_iz_e": "Jaxu", "iz_ofizial": "Jaxu"}, "geometry": {"type": "MultiPolygon", "coordinates": [[[[-1.200574288616459, 43.186867128460534], [-1.20348274474146, 43.190073978347286], [-1.215932860990364, 43.19641661595842], [-1.225841406889135, 43.195673829713286], [-1.233891843674618, 43.1906000686143], [-1.235581294752091, 43.193893638720496], [-1.236556145349431, 43.20127063874145], [-1.239516292390299, 43.204036843560104], [-1.232895018493547, 43.2082991736792], [-1.224666671545577, 43.21723520470861], [-1.223653126438526, 43.21794328860883], [-1.22184391353318, 43.21585761520709], [-1.209254607524049, 43.21717837191426], [-1.19752108287935, 43.216809607261176], [-1.183482602082751, 43.21343935559406], [-1.180408519691911, 43.21042838523242], [-1.181731467355876, 43.209328608162515], [-1.184288859058567, 43.200747832126645], [-1.188871959225694, 43.19215139649691], [-1.200574288616459, 43.186867128460534]]]]}}, {"type": "Feature", "properties": {"ud_kodea": "64285", "ud_iz_e": "Juxue", "iz_ofizial": "Juxue"}, "geometry": {"type": "MultiPolygon", "coordinates": [[[[-1.038840631325781, 43.20684613369722], [-1.042789616520169, 43.206357722851905], [-1.047416242951347, 43.207754986174166], [-1.050014104094673, 43.21001546094737], [-1.054513949123696, 43.21668174946861], [-1.060118441902995, 43.222053480557165], [-1.063352990184814, 43.22361421107794], [-1.06435719002382, 43.22543814182918], [-1.061525057564072, 43.23580657225106], [-1.066305268857028, 43.246576573998176], [-1.06128378221236, 43.25033161238452], [-1.054866963504138, 43.25323180585941], [-1.046028463247855, 43.2526087283142], [-1.03441437226094, 43.24910287603587], [-1.026205341293148, 43.24793407382609], [-1.020355058447179, 43.24572388395649], [-1.018223621850254, 43.243514602224174], [-1.016399344003528, 43.231807828248414], [-1.029083552737249, 43.20578170577589], [-1.032426581795316, 43.206171950472616], [-1.035653318867205, 43.20290880506847], [-1.038840631325781, 43.20684613369722]]]]}}, {"type": "Feature", "properties": {"ud_kodea": "64289", "ud_iz_e": "La Bastide-Clairence", "iz_ofizial": "La Bastide-Clairence"}, "geometry": {"type": "MultiPolygon", "coordinates": [[[[-1.277510919191483, 43.4109289373123], [-1.275022925160149, 43.421532521787846], [-1.271233039778308, 43.426839304581165], [-1.26353490795786, 43.432034169909905], [-1.249012585941442, 43.436386531427615], [-1.247454739430531, 43.43782523841202], [-1.247845962235593, 43.43833424869525], [-1.233695484675987, 43.43805067569331], [-1.216430988888448, 43.43702709007144], [-1.215323370202078, 43.436169282066146], [-1.214378981262978, 43.43657633855801], [-1.193235661710782, 43.41665002249896], [-1.190321722549178, 43.40203392478947], [-1.19255987230913, 43.39863369229776], [-1.208409195550924, 43.3964570448784], [-1.225980749330341, 43.3989532248101], [-1.239475201187488, 43.401079409875216], [-1.277510919191483, 43.4109289373123]]]]}}, {"type": "Feature", "properties": {"ud_kodea": "64294", "ud_iz_e": "Labets-Biscay", "iz_ofizial": "Labets-Biscay"}, "geometry": {"type": "MultiPolygon", "coordinates": [[[[-1.052467756271131, 43.40532364155867], [-1.052109941443244, 43.39947268919016], [-1.05501740327405, 43.39527403647727], [-1.058105961649628, 43.39303589789498], [-1.056634747688272, 43.38909414854832], [-1.049883560584164, 43.38183435359788], [-1.048838115273124, 43.38175548623596], [-1.047085510056155, 43.3749056111259], [-1.052780558366487, 43.36764267862452], [-1.055909881530033, 43.3661606415663], [-1.055987946776831, 43.36532357305092], [-1.071212078194142, 43.372311963129874], [-1.074288415925181, 43.37121782509166], [-1.077498548942446, 43.37136888365057], [-1.079856043464736, 43.37504719455132], [-1.081380475120662, 43.37582113457744], [-1.070401596271563, 43.389835465948835], [-1.067706879785157, 43.395294030569296], [-1.079306396292328, 43.40678796867243], [-1.080146870238267, 43.41361981015841], [-1.079343187774163, 43.414728420482135], [-1.07877232952062, 43.415182343119746], [-1.068408468295921, 43.41340772447697], [-1.057620385965846, 43.41307136220658], [-1.052817671861024, 43.406169022324], [-1.052467756271131, 43.40532364155867]]]]}}, {"type": "Feature", "properties": {"ud_kodea": "64297", "ud_iz_e": "Lacarre", "iz_ofizial": "Lacarre"}, "geometry": {"type": "MultiPolygon", "coordinates": [[[[-1.172098308358534, 43.20199391536344], [-1.169777135665703, 43.20309884196476], [-1.16453278661122, 43.202089085707655], [-1.163472718417588, 43.19964935959395], [-1.158003231992382, 43.197046478113826], [-1.151406483916556, 43.195127174225725], [-1.152030038207554, 43.19450237382675], [-1.15134362335058, 43.189203665073855], [-1.147544959877007, 43.182987123602736], [-1.144028826459136, 43.18180998853748], [-1.135562941211773, 43.18218462978273], [-1.134837705707574, 43.18156213131463], [-1.141600624915518, 43.178982269249026], [-1.163602527749798, 43.177521301611385], [-1.174058700111125, 43.17855449430336], [-1.175802893551541, 43.181160337183094], [-1.176522315570903, 43.18487775435933], [-1.172263056671894, 43.19465002282905], [-1.171114714278697, 43.20099159554267], [-1.172098308358534, 43.20199391536344]]]]}}, {"type": "Feature", "properties": {"ud_kodea": "64298", "ud_iz_e": "Lacarry-Arhan-Charritte-de-Haut", "iz_ofizial": "Lacarry-Arhan-Charritte-de-Haut"}, "geometry": {"type": "MultiPolygon", "coordinates": [[[[-0.898438955213099, 43.0889970358903], [-0.895990218447812, 43.087082055479044], [-0.910593841333761, 43.073966978998115], [-0.917230993757205, 43.06503031461756], [-0.91767756668278, 43.06317342955669], [-0.930877558630487, 43.05851006622808], [-0.931775565837682, 43.059201261715934], [-0.958673378201472, 43.05332425695733], [-0.967354406485116, 43.05267038243268], [-0.976308404188268, 43.054650562606646], [-0.992327142438728, 43.05665357171156], [-1.002929003231612, 43.054116341920626], [-1.01390683012016, 43.05292203945013], [-1.025508840668461, 43.0535034582243], [-1.021316732866668, 43.05804864682397], [-1.01780083695613, 43.05516854741772], [-1.007499230616361, 43.05916307288516], [-0.995066187425613, 43.06871827089814], [-0.986892075877362, 43.07282083789137], [-0.968728761735369, 43.07610826507771], [-0.956546301049553, 43.08417085457], [-0.937406796357586, 43.09448676393118], [-0.934328012780443, 43.09516395718088], [-0.925123093475714, 43.095057790074634], [-0.901405654807868, 43.088770690637276], [-0.898438955213099, 43.0889970358903]]]]}}, {"type": "Feature", "properties": {"ud_kodea": "64303", "ud_iz_e": "Laguinge-Restoue", "iz_ofizial": "Laguinge-Restoue"}, "geometry": {"type": "MultiPolygon", "coordinates": [[[[-0.865179885404893, 43.0968906105029], [-0.860011093533014, 43.10450425313312], [-0.851716930755412, 43.104210532022215], [-0.845686298160341, 43.10572279147781], [-0.840423878592638, 43.111754801730925], [-0.837725208974745, 43.11144668354176], [-0.838530058676045, 43.10996280152163], [-0.833275079578231, 43.098738127655864], [-0.831662500955601, 43.0873846904172], [-0.856816301187378, 43.08358505988718], [-0.863552178565783, 43.083730710490286], [-0.871727530463157, 43.08625550480815], [-0.869494190161659, 43.09103278595213], [-0.865179885404893, 43.0968906105029]]]]}}, {"type": "Feature", "properties": {"ud_kodea": "64304", "ud_iz_e": "Lahonce", "iz_ofizial": "Lahonce"}, "geometry": {"type": "MultiPolygon", "coordinates": [[[[-1.417774318523003, 43.49701358988863], [-1.414368880024837, 43.49712354577468], [-1.388586449495769, 43.496861554957036], [-1.37018709264756, 43.494912770463436], [-1.369705351321894, 43.493477862446056], [-1.376132218168103, 43.486811817871704], [-1.379103249038527, 43.47312431333845], [-1.377872543382135, 43.469346333659324], [-1.386198776688245, 43.470528660914546], [-1.398599037555664, 43.46638631640565], [-1.402847254454558, 43.46614250624353], [-1.411439237409643, 43.477840409583486], [-1.4131404060814, 43.489111417444164], [-1.417500762778426, 43.49048090908402], [-1.432215367165094, 43.48860216116355], [-1.434295457540509, 43.48994350640346], [-1.426855914961557, 43.49508310871746], [-1.417774318523003, 43.49701358988863]]]]}}, {"type": "Feature", "properties": {"ud_kodea": "64313", "ud_iz_e": "Lantabat", "iz_ofizial": "Lantabat"}, "geometry": {"type": "MultiPolygon", "coordinates": [[[[-1.10204830549487, 43.24226856080285], [-1.122016144644805, 43.23912068238599], [-1.128307653551043, 43.236755285208154], [-1.13477771769557, 43.232797336836036], [-1.140010480493111, 43.22740202487353], [-1.148680655820469, 43.225151248885815], [-1.154678386889391, 43.22447095041833], [-1.159950336993517, 43.22602607358795], [-1.167831265145658, 43.23279384179966], [-1.177538621797893, 43.244424050451435], [-1.181873448153509, 43.2524101290233], [-1.179814194709124, 43.2537537152477], [-1.175119452510206, 43.25485243497712], [-1.169245018925804, 43.2540580200927], [-1.14737669019836, 43.2579866123759], [-1.142850977146676, 43.261981510050305], [-1.135538585338777, 43.270611213291055], [-1.131608108815277, 43.27277043872606], [-1.125085921273184, 43.27422236777104], [-1.124046377340567, 43.27924968906552], [-1.127293312951615, 43.29117454241507], [-1.132852405108464, 43.29652256161815], [-1.13593773135106, 43.301346252837746], [-1.135208578149874, 43.302339829852826], [-1.128027709377522, 43.30196051209389], [-1.10635262991928, 43.287444570955444], [-1.091870216438492, 43.27590964540841], [-1.091672009254839, 43.27567034893355], [-1.082359037743263, 43.26655958920288], [-1.082716903408158, 43.26513818999193], [-1.083430128356085, 43.26327009087839], [-1.091960829164264, 43.255460957166896], [-1.103623760721363, 43.24946685849495], [-1.104114477474626, 43.247202638543136], [-1.10204830549487, 43.24226856080285]]]]}}, {"type": "Feature", "properties": {"ud_kodea": "64314", "ud_iz_e": "Larceveau-Arros-Cibits", "iz_ofizial": "Larceveau-Arros-Cibits"}, "geometry": {"type": "MultiPolygon", "coordinates": [[[[-1.066305268857028, 43.246576573998176], [-1.061525057564072, 43.23580657225106], [-1.06435719002382, 43.22543814182918], [-1.063352990184814, 43.22361421107794], [-1.060118441902995, 43.222053480557165], [-1.068203132577895, 43.22081757068128], [-1.077219965535075, 43.217840773604046], [-1.079336615604571, 43.21532703339185], [-1.080297516537086, 43.21228412769074], [-1.079396376472636, 43.21026730816223], [-1.080326082683845, 43.2080209118849], [-1.081988061319959, 43.20702399233095], [-1.082518466077464, 43.207681245437094], [-1.084715925098502, 43.20762236145418], [-1.08730499517762, 43.20679920412376], [-1.102740331005553, 43.2092161134623], [-1.108234195646127, 43.21149117631869], [-1.113574502600368, 43.20808195643735], [-1.117259096108621, 43.202477571620925], [-1.122156058161635, 43.20723908577043], [-1.131824743891247, 43.21914074543165], [-1.13438952184452, 43.22514682640806], [-1.140010480493111, 43.22740202487353], [-1.13477771769557, 43.232797336836036], [-1.128307653551043, 43.236755285208154], [-1.122016144644805, 43.23912068238599], [-1.10204830549487, 43.24226856080285], [-1.096557485587955, 43.23995237664521], [-1.07833203285079, 43.236954262096056], [-1.074310495277381, 43.23884908004224], [-1.066305268857028, 43.246576573998176]]]]}}, {"type": "Feature", "properties": {"ud_kodea": "64316", "ud_iz_e": "Larrau", "iz_ofizial": "Larrau"}, "geometry": {"type": "MultiPolygon", "coordinates": [[[[-1.083518436279441, 43.01132535685932], [-1.082643430319599, 43.01887737003516], [-1.078884922742657, 43.029095545545644], [-1.066887489236858, 43.031442927378606], [-1.056993532365376, 43.03952003505912], [-1.047407064626911, 43.0520316126988], [-1.047688828077103, 43.05598892201865], [-1.025508840668461, 43.0535034582243], [-1.01390683012016, 43.05292203945013], [-1.002929003231612, 43.054116341920626], [-0.992327142438728, 43.05665357171156], [-0.976308404188268, 43.054650562606646], [-0.967354406485116, 43.05267038243268], [-0.958673378201472, 43.05332425695733], [-0.931775565837682, 43.059201261715934], [-0.930877558630487, 43.05851006622808], [-0.925929885778414, 43.05212336027337], [-0.91912966486593, 43.047861630742034], [-0.904909392512783, 43.03863916176575], [-0.897809760713316, 43.030193643012666], [-0.899069600523515, 43.02329544715099], [-0.901105784273495, 43.018325795771815], [-0.891977201960867, 43.00743250454332], [-0.891769893564773, 42.99217217157639], [-0.874794000591089, 42.96731461263678], [-0.897078430083375, 42.95616555134944], [-0.897360630567398, 42.95948682591548], [-0.899166325730079, 42.96139860284099], [-0.902059253829567, 42.962886393674474], [-0.908353116188173, 42.96449805485315], [-0.91463345120734, 42.963635489539286], [-0.920390995153337, 42.957911333086244], [-0.920046728255724, 42.95626532124965], [-0.924014809166233, 42.95458071222873], [-0.935994582062838, 42.95309519163122], [-0.946883726883222, 42.954826028704375], [-0.96297153178395, 42.96096809700563], [-0.975331139300392, 42.96422399556139], [-0.986860285992739, 42.97231786332415], [-0.997061093290032, 42.97543900549299], [-1.00046060340608, 42.97806886323509], [-1.006310092395955, 42.98898639494799], [-1.010155488110509, 42.991908271385455], [-1.01648550323208, 42.99392855566358], [-1.063289427886429, 42.996961853743436], [-1.074344880983725, 42.998884737815416], [-1.084143573484677, 43.0020258941508], [-1.085108771307473, 43.003689458731415], [-1.084880004458412, 43.00780378104532], [-1.083518436279441, 43.01132535685932]]]]}}, {"type": "Feature", "properties": {"ud_kodea": "64317", "ud_iz_e": "Larressore", "iz_ofizial": "Larressore"}, "geometry": {"type": "MultiPolygon", "coordinates": [[[[-1.443079626193766, 43.38778968393568], [-1.43415108008135, 43.38405904567704], [-1.424263635354737, 43.3698348013768], [-1.425578974485759, 43.36922413631224], [-1.422836313087891, 43.36542140379106], [-1.417976612771816, 43.36225208034257], [-1.418560757508247, 43.352569314662894], [-1.424822536140756, 43.34970112520865], [-1.427767822890484, 43.348312783954476], [-1.454624547377018, 43.361836678875015], [-1.467465245156393, 43.36685999630383], [-1.471333883546614, 43.372460538769985], [-1.471315935776945, 43.37563121499779], [-1.467573654311358, 43.37947213629959], [-1.459561920221322, 43.38421351073239], [-1.448961377349644, 43.38850301934075], [-1.447224723671069, 43.38884475799473], [-1.443079626193766, 43.38778968393568]]]]}}, {"type": "Feature", "properties": {"ud_kodea": "64319", "ud_iz_e": "Larribar-Sorhapuru", "iz_ofizial": "Larribar-Sorhapuru"}, "geometry": {"type": "MultiPolygon", "coordinates": [[[[-0.987523669830489, 43.30192943415433], [-0.988965888220633, 43.292976237463776], [-0.981803073941019, 43.28623215837932], [-0.986038853360906, 43.2757412684806], [-0.991508376392984, 43.26555770561246], [-0.993055870345435, 43.26519424421945], [-1.005313851294732, 43.27138013746531], [-1.008231077776449, 43.27722465947975], [-1.018604210787327, 43.29058500854315], [-1.025181067283925, 43.295118472340306], [-1.029860843736643, 43.29502954114915], [-1.033532753779264, 43.29731366427674], [-1.034182685846966, 43.29999161385941], [-1.029958270136915, 43.30291187037219], [-1.02733990308313, 43.3023645900599], [-1.025446358532873, 43.30368269168958], [-1.010153101092653, 43.3058277681407], [-0.999800302768934, 43.30572247821016], [-0.999450494415679, 43.303525951760676], [-0.996531737501346, 43.304013176796566], [-0.996086492771076, 43.303283850103526], [-0.992909458046346, 43.30748339653775], [-0.984527861188782, 43.30568967622562], [-0.987523669830489, 43.30192943415433]]]]}}, {"type": "Feature", "properties": {"ud_kodea": "64322", "ud_iz_e": "Lasse", "iz_ofizial": "Lasse"}, "geometry": {"type": "MultiPolygon", "coordinates": [[[[-1.332369774050384, 43.107844036546744], [-1.336322287338909, 43.11318512055649], [-1.326235796839001, 43.11747955330948], [-1.300895297453794, 43.12572967615033], [-1.298691381577321, 43.12908298327559], [-1.299320665733856, 43.13354014498601], [-1.29658168721055, 43.13754351616012], [-1.28941088297647, 43.14079286858976], [-1.284595980092845, 43.145680248641106], [-1.275754731251407, 43.16015575950978], [-1.27201202875332, 43.16328850381823], [-1.262928630749504, 43.166511793603355], [-1.255029004775114, 43.16351722555097], [-1.25242055213836, 43.156486072659455], [-1.252261701480878, 43.15208938915634], [-1.255524567499062, 43.1480503395253], [-1.262137815357453, 43.142477095608356], [-1.269858136838578, 43.125805397194824], [-1.270376140414074, 43.12154950321758], [-1.269983862394561, 43.11827100386325], [-1.278078752358707, 43.11849376896117], [-1.303812776319212, 43.11548301407462], [-1.316469951458344, 43.11322885612783], [-1.324869529510332, 43.110642547058575], [-1.328749024848622, 43.10846618875104], [-1.332369774050384, 43.107844036546744]]]]}}, {"type": "Feature", "properties": {"ud_kodea": "64327", "ud_iz_e": "Lecumberry", "iz_ofizial": "Lecumberry"}, "geometry": {"type": "MultiPolygon", "coordinates": [[[[-1.105648121757516, 43.16159344239968], [-1.100679827165241, 43.14402219138852], [-1.103865078131601, 43.141626717508906], [-1.118952915087009, 43.141316617949016], [-1.122793553377823, 43.14037891242639], [-1.123318310656776, 43.139114991388595], [-1.126588476757178, 43.139181619863585], [-1.138202018057583, 43.13433177520189], [-1.140147632556904, 43.13256462774704], [-1.145270714203894, 43.11629495060976], [-1.142964372988769, 43.11065363632991], [-1.130689857025832, 43.09999127633887], [-1.108983349100571, 43.08813105580483], [-1.098518787712884, 43.080641463039015], [-1.093014159466836, 43.07131525215853], [-1.090553760866827, 43.061747121472735], [-1.095763285748658, 43.049039612841554], [-1.085035867741705, 43.0441016465979], [-1.079272182849692, 43.04383857741923], [-1.072689232550471, 43.042017609495275], [-1.078884922742657, 43.029095545545644], [-1.082643430319599, 43.01887737003516], [-1.083518436279441, 43.01132535685932], [-1.088688712210236, 43.01110272340745], [-1.093396470517902, 43.011836740648484], [-1.105768076184767, 43.01658287867692], [-1.110516488288677, 43.01993621065811], [-1.118475757201342, 43.020191787550786], [-1.133538701521231, 43.00988556246502], [-1.135819681413872, 43.008918856542024], [-1.14008212623693, 43.009406806405266], [-1.142555287118047, 43.010493105318524], [-1.144395541973046, 43.01463425816652], [-1.144452110554322, 43.02334448433939], [-1.145578222828357, 43.02487713079607], [-1.158749572172348, 43.031645479325256], [-1.173962396553093, 43.037632470689026], [-1.171491674578276, 43.044235409732906], [-1.164429644655078, 43.04419835102487], [-1.158842106028485, 43.0482746433463], [-1.157943466858184, 43.06833958388216], [-1.149567316448449, 43.07757570968362], [-1.140798813956285, 43.0828111575592], [-1.13468480317825, 43.08286428052876], [-1.130430512879618, 43.08450918611361], [-1.136202548769844, 43.09813952571359], [-1.150948925147148, 43.10697490887779], [-1.156561418391189, 43.114014238746925], [-1.162794268590078, 43.117800428355444], [-1.161548970928133, 43.12616912052078], [-1.145966471394436, 43.14733104189831], [-1.129990269956913, 43.15514565662039], [-1.123604099971372, 43.15862731686796], [-1.123227377564463, 43.15950279429337], [-1.106565320077192, 43.16203405785753], [-1.105648121757516, 43.16159344239968]]]]}}, {"type": "Feature", "properties": {"ud_kodea": "64340", "ud_iz_e": "Lichans-Sunhar", "iz_ofizial": "Lichans-Sunhar"}, "geometry": {"type": "MultiPolygon", "coordinates": [[[[-0.898438955213099, 43.0889970358903], [-0.897509279942069, 43.09195646014998], [-0.891032039248246, 43.0988491458019], [-0.88306807267086, 43.101049347013536], [-0.879429958980232, 43.102652823518916], [-0.865179885404893, 43.0968906105029], [-0.869494190161659, 43.09103278595213], [-0.871727530463157, 43.08625550480815], [-0.87924038646241, 43.08625607444974], [-0.880771934971398, 43.08348406979208], [-0.880493987191842, 43.08221628666318], [-0.88524765659547, 43.08633928795641], [-0.890172091473575, 43.08855227709874], [-0.895990218447812, 43.087082055479044], [-0.898438955213099, 43.0889970358903]]]]}}, {"type": "Feature", "properties": {"ud_kodea": "64341", "ud_iz_e": "Lichos", "iz_ofizial": "Lichos"}, "geometry": {"type": "MultiPolygon", "coordinates": [[[[-0.871469186780893, 43.29731360647384], [-0.873380013508297, 43.29851772162185], [-0.875793224583302, 43.29849961385555], [-0.886703455396613, 43.30421677273494], [-0.892438847170281, 43.309468307847276], [-0.898290304856626, 43.312463727625506], [-0.89761287515047, 43.31506679308618], [-0.879226200964065, 43.31943739886345], [-0.873651670755848, 43.318555675963616], [-0.872385819519959, 43.31871723145561], [-0.87250673511434, 43.319488368642936], [-0.87102308381579, 43.31828150158414], [-0.866854179836688, 43.30435804731451], [-0.871469186780893, 43.29731360647384]]]]}}, {"type": "Feature", "properties": {"ud_kodea": "64342", "ud_iz_e": "Licq-Athérey", "iz_ofizial": "Licq-Athérey"}, "geometry": {"type": "MultiPolygon", "coordinates": [[[[-0.863552178565783, 43.083730710490286], [-0.862112874739362, 43.069316136946576], [-0.852247112654259, 43.062794674096175], [-0.850471905187021, 43.0570835502089], [-0.849103000483167, 43.04579130527271], [-0.852263746866757, 43.03434783410462], [-0.860728826908318, 43.04294796886279], [-0.866096359652688, 43.043336886782896], [-0.881735745823789, 43.03621738705656], [-0.897809760713316, 43.030193643012666], [-0.904909392512783, 43.03863916176575], [-0.91912966486593, 43.047861630742034], [-0.911551824551216, 43.046320252127586], [-0.909874019513288, 43.04700078046043], [-0.907295368529329, 43.05145102091154], [-0.883998121209899, 43.07141185236946], [-0.880493987191842, 43.08221628666318], [-0.880771934971398, 43.08348406979208], [-0.87924038646241, 43.08625607444974], [-0.871727530463157, 43.08625550480815], [-0.863552178565783, 43.083730710490286]]]]}}, {"type": "Feature", "properties": {"ud_kodea": "64345", "ud_iz_e": "Lohitzun-Oyhercq", "iz_ofizial": "Lohitzun-Oyhercq"}, "geometry": {"type": "MultiPolygon", "coordinates": [[[[-0.960332800177447, 43.287090971271894], [-0.957989882470818, 43.286547279526694], [-0.956888454531062, 43.29013275059242], [-0.948919068666569, 43.291888038819586], [-0.940567372269938, 43.290006209063534], [-0.93941735394021, 43.287972996376936], [-0.933594019329784, 43.28161123559937], [-0.935252118092463, 43.27572439459444], [-0.934879675375492, 43.27035829286423], [-0.931065217414297, 43.26533736062324], [-0.93153855711623, 43.26441676476922], [-0.936858755806498, 43.26255486753983], [-0.940568970157465, 43.262601436195084], [-0.952315639315267, 43.26823893494136], [-0.956847045572291, 43.2652133196665], [-0.957967716580392, 43.25859374139642], [-0.967491823652205, 43.249594975538756], [-0.970070302778941, 43.24524000522977], [-0.974650444869386, 43.240868911968626], [-0.979527440747184, 43.2400785239442], [-0.988273985420623, 43.24408336204711], [-0.989786035113623, 43.246261152037654], [-0.988989128461399, 43.246692311483415], [-0.987790528088189, 43.25259372221644], [-0.989893317195638, 43.260973448242375], [-0.993055870345435, 43.26519424421945], [-0.991508376392984, 43.26555770561246], [-0.986038853360906, 43.2757412684806], [-0.981803073941019, 43.28623215837932], [-0.988965888220633, 43.292976237463776], [-0.987523669830489, 43.30192943415433], [-0.977231110880947, 43.29276768536167], [-0.960332800177447, 43.287090971271894]]]]}}, {"type": "Feature", "properties": {"ud_kodea": "64350", "ud_iz_e": "Louhossoa", "iz_ofizial": "Louhossoa"}, "geometry": {"type": "MultiPolygon", "coordinates": [[[[-1.363975289579864, 43.335096888381365], [-1.363092522839814, 43.33287831916014], [-1.351080740077525, 43.32506845303783], [-1.348892951337433, 43.320789636239255], [-1.325779526847199, 43.31305057550855], [-1.321308836754389, 43.30320675974455], [-1.321827367556757, 43.302209418770495], [-1.329314505468189, 43.29931311765483], [-1.351964812636468, 43.30330658109313], [-1.360419301725162, 43.30147273665092], [-1.36194149200089, 43.30055988231993], [-1.363237634670459, 43.300881418182705], [-1.365583472519743, 43.304539058345455], [-1.365566968609081, 43.31361678794683], [-1.368360458375775, 43.331530274024246], [-1.366248873505522, 43.33407164899548], [-1.363975289579864, 43.335096888381365]]]]}}, {"type": "Feature", "properties": {"ud_kodea": "64362", "ud_iz_e": "Luxe-Sumberraute", "iz_ofizial": "Luxe-Sumberraute"}, "geometry": {"type": "MultiPolygon", "coordinates": [[[[-1.055987946776831, 43.36532357305092], [-1.055217401151162, 43.36465615500603], [-1.054941009463197, 43.35438845136236], [-1.061902912420371, 43.350743732731836], [-1.068414874240616, 43.33435038521714], [-1.067934434284817, 43.32983752792568], [-1.065273911519627, 43.327632545600835], [-1.063798254114274, 43.32761598474091], [-1.062433085674714, 43.327434011237195], [-1.06329287939412, 43.32627661573208], [-1.072704988826054, 43.3296479430082], [-1.085103660086293, 43.32994474747626], [-1.08908919359126, 43.32837887105629], [-1.09247171912617, 43.3282796538081], [-1.100851455052851, 43.32949515076407], [-1.099631410388014, 43.331649315588706], [-1.089960687990351, 43.33823574618019], [-1.077821683289844, 43.35776975719364], [-1.076996347920635, 43.361089730959826], [-1.079853217078773, 43.37047834997034], [-1.079716987460209, 43.371709501613395], [-1.077498548942446, 43.37136888365057], [-1.074288415925181, 43.37121782509166], [-1.071212078194142, 43.372311963129874], [-1.055987946776831, 43.36532357305092]]]]}}, {"type": "Feature", "properties": {"ud_kodea": "64364", "ud_iz_e": "Macaye", "iz_ofizial": "Macaye"}, "geometry": {"type": "MultiPolygon", "coordinates": [[[[-1.327654759742776, 43.3468291802808], [-1.321800526520942, 43.34551108088774], [-1.311898801993817, 43.33941257634817], [-1.302206857627054, 43.32961744041883], [-1.296643606567541, 43.32080349028385], [-1.298498890358246, 43.306511527903794], [-1.288708215669543, 43.29467104295853], [-1.292882428545842, 43.29037370750033], [-1.32848632136013, 43.29860035149751], [-1.329314505468189, 43.29931311765483], [-1.321827367556757, 43.302209418770495], [-1.321308836754389, 43.30320675974455], [-1.325779526847199, 43.31305057550855], [-1.348892951337433, 43.320789636239255], [-1.351080740077525, 43.32506845303783], [-1.363092522839814, 43.33287831916014], [-1.363975289579864, 43.335096888381365], [-1.351573898054979, 43.343893028094946], [-1.347171056765301, 43.346057727300305], [-1.327654759742776, 43.3468291802808]]]]}}, {"type": "Feature", "properties": {"ud_kodea": "64368", "ud_iz_e": "Masparraute", "iz_ofizial": "Masparraute"}, "geometry": {"type": "MultiPolygon", "coordinates": [[[[-1.084131441926392, 43.415802708992715], [-1.079343187774163, 43.414728420482135], [-1.080146870238267, 43.41361981015841], [-1.079306396292328, 43.40678796867243], [-1.067706879785157, 43.395294030569296], [-1.070401596271563, 43.389835465948835], [-1.081380475120662, 43.37582113457744], [-1.082139518837686, 43.37490968253212], [-1.097838627739337, 43.374332192179665], [-1.10216878563033, 43.38608610149304], [-1.10280744910068, 43.3906949129013], [-1.100464104316089, 43.39585912023612], [-1.087637874643698, 43.410437288412794], [-1.084131441926392, 43.415802708992715]]]]}}, {"type": "Feature", "properties": {"ud_kodea": "64371", "ud_iz_e": "Mauléon-Licharre", "iz_ofizial": "Mauléon-Licharre"}, "geometry": {"type": "MultiPolygon", "coordinates": [[[[-0.895512290607012, 43.210837198247994], [-0.89852586017158, 43.213435530448535], [-0.906185243385383, 43.215681942943405], [-0.914378257317538, 43.21994026396175], [-0.918881355576731, 43.22546509735213], [-0.923757817298945, 43.22853461865382], [-0.922599725776467, 43.23463435815034], [-0.919335260924579, 43.23153052932603], [-0.903356266046633, 43.2321304635368], [-0.891581335768609, 43.233448277547424], [-0.884071557197089, 43.23304699690336], [-0.877135011238664, 43.23090985374351], [-0.877688100042643, 43.22926168939584], [-0.868541159666726, 43.218779301236886], [-0.861238443222227, 43.215422375787526], [-0.847297153127995, 43.20213904800414], [-0.846163779952779, 43.20229294266123], [-0.852732257165046, 43.1929006553948], [-0.854874507994571, 43.192522407754126], [-0.86044872306091, 43.19682583364407], [-0.882197231757566, 43.208031884363585], [-0.895512290607012, 43.210837198247994]]]]}}, {"type": "Feature", "properties": {"ud_kodea": "64375", "ud_iz_e": "Méharin", "iz_ofizial": "Méharin"}, "geometry": {"type": "MultiPolygon", "coordinates": [[[[-1.132536154358454, 43.33598117198242], [-1.133776786790018, 43.33435278010787], [-1.135007467248161, 43.32913227376304], [-1.133527822703262, 43.32522797859238], [-1.129829262892718, 43.32108962586513], [-1.128727043989579, 43.31702134905133], [-1.132639315592853, 43.30572608617209], [-1.134590033789377, 43.30334538258659], [-1.158376380433573, 43.31732018726763], [-1.17217271051575, 43.321382578676356], [-1.168439049589366, 43.32842260117777], [-1.168991511627575, 43.334844121370615], [-1.172286682859933, 43.34780724092855], [-1.157641775428441, 43.35929342647757], [-1.155865165094791, 43.35300081112044], [-1.152970332670014, 43.35101668262563], [-1.149068820344636, 43.34998008111561], [-1.141967463833204, 43.34655265737853], [-1.135453747997458, 43.34270235897786], [-1.132536154358454, 43.33598117198242]]]]}}, {"type": "Feature", "properties": {"ud_kodea": "64377", "ud_iz_e": "Mendionde", "iz_ofizial": "Mendionde"}, "geometry": {"type": "MultiPolygon", "coordinates": [[[[-1.29201747499696, 43.364499401834756], [-1.291870002403323, 43.365071947941665], [-1.279046325963256, 43.3675190223959], [-1.276512415705547, 43.3674210638218], [-1.269088066569737, 43.36240888242966], [-1.263191769657883, 43.362956858727706], [-1.26092928375456, 43.36226855003325], [-1.261816962496952, 43.33218368534208], [-1.285385392329105, 43.30148485653739], [-1.288708215669543, 43.29467104295853], [-1.298498890358246, 43.306511527903794], [-1.296643606567541, 43.32080349028385], [-1.302206857627054, 43.32961744041883], [-1.311898801993817, 43.33941257634817], [-1.321800526520942, 43.34551108088774], [-1.327654759742776, 43.3468291802808], [-1.323844977619878, 43.3509043874706], [-1.319324675147582, 43.35160585351713], [-1.311337713526926, 43.35151927247143], [-1.295442294385093, 43.357061270167165], [-1.294323372568395, 43.35775259554679], [-1.29201747499696, 43.364499401834756]]]]}}, {"type": "Feature", "properties": {"ud_kodea": "64378", "ud_iz_e": "Menditte", "iz_ofizial": "Menditte"}, "geometry": {"type": "MultiPolygon", "coordinates": [[[[-0.898756369239622, 43.17230547109334], [-0.897590640596509, 43.170657253826874], [-0.895744775497683, 43.17054386615224], [-0.894269302585755, 43.172292052099145], [-0.867729407966963, 43.183245558982165], [-0.865252641660665, 43.186507062213416], [-0.863715980514114, 43.18642254981606], [-0.85390937243138, 43.17801020886072], [-0.858335463878032, 43.17386515023309], [-0.867818296373276, 43.16993121729841], [-0.879267163698508, 43.16630931443194], [-0.892969262660665, 43.16337477451297], [-0.897414132581144, 43.15803319757905], [-0.90067362611743, 43.15239933662941], [-0.900261915171316, 43.150327645562555], [-0.906744416950614, 43.14886265289849], [-0.911634863534359, 43.15387878987125], [-0.908344024360814, 43.16543451372211], [-0.898756369239622, 43.17230547109334]]]]}}, {"type": "Feature", "properties": {"ud_kodea": "64379", "ud_iz_e": "Mendive", "iz_ofizial": "Mendive"}, "geometry": {"type": "MultiPolygon", "coordinates": [[[[-1.078884922742657, 43.029095545545644], [-1.072689232550471, 43.042017609495275], [-1.079272182849692, 43.04383857741923], [-1.085035867741705, 43.0441016465979], [-1.095763285748658, 43.049039612841554], [-1.090553760866827, 43.061747121472735], [-1.093014159466836, 43.07131525215853], [-1.098518787712884, 43.080641463039015], [-1.108983349100571, 43.08813105580483], [-1.130689857025832, 43.09999127633887], [-1.142964372988769, 43.11065363632991], [-1.145270714203894, 43.11629495060976], [-1.140147632556904, 43.13256462774704], [-1.138202018057583, 43.13433177520189], [-1.126588476757178, 43.139181619863585], [-1.123318310656776, 43.139114991388595], [-1.126487985151118, 43.13286721309257], [-1.124814891332984, 43.11937081163903], [-1.116757321882697, 43.11387168515753], [-1.107821493061191, 43.10996817192402], [-1.099578806381792, 43.10750112746326], [-1.086418188109575, 43.10517882000377], [-1.080404573195084, 43.10973261149295], [-1.073350339409045, 43.10984298737838], [-1.068960446766364, 43.108424764597146], [-1.058921974615675, 43.09971373685496], [-1.038119185417952, 43.09416300462311], [-1.032096656656338, 43.084280551575006], [-1.029831282352417, 43.07270110433534], [-1.042553691837906, 43.07380265374048], [-1.047688828077103, 43.05598892201865], [-1.047407064626911, 43.0520316126988], [-1.056993532365376, 43.03952003505912], [-1.066887489236858, 43.031442927378606], [-1.078884922742657, 43.029095545545644]]]]}}, {"type": "Feature", "properties": {"ud_kodea": "64391", "ud_iz_e": "Moncayolle-Larrory-Mendibieu", "iz_ofizial": "Moncayolle-Larrory-Mendibieu"}, "geometry": {"type": "MultiPolygon", "coordinates": [[[[-0.782256005638931, 43.25979997872675], [-0.785853579256, 43.26165063850491], [-0.802748377450304, 43.26111630509874], [-0.811737550858294, 43.25828035543865], [-0.824332217495914, 43.25300774792886], [-0.834186241614652, 43.24279130663021], [-0.836737773190809, 43.24222151707229], [-0.840225981007441, 43.24167777905217], [-0.84543648460339, 43.24239374171078], [-0.851224682891377, 43.245320526590575], [-0.84839243810842, 43.24862588051211], [-0.846794061849491, 43.25320026870528], [-0.865452938332975, 43.25951706527843], [-0.858488480169191, 43.26791948768521], [-0.849159645052369, 43.277105530624624], [-0.838026922492005, 43.284572520354835], [-0.829341952809754, 43.292644130235914], [-0.826003421048655, 43.29454295933909], [-0.823497296734689, 43.28681975904984], [-0.823171516727089, 43.28229851702781], [-0.821062397102231, 43.27945429315135], [-0.812830729848666, 43.2738823344869], [-0.811433814512333, 43.273167043707616], [-0.809948152275786, 43.27340229421912], [-0.788326897656381, 43.267355493040014], [-0.781677228515348, 43.266400740756275], [-0.776679674376298, 43.26473939874551], [-0.782256005638931, 43.25979997872675]]]]}}, {"type": "Feature", "properties": {"ud_kodea": "64404", "ud_iz_e": "Montory", "iz_ofizial": "Montory"}, "geometry": {"type": "MultiPolygon", "coordinates": [[[[-0.811028114131557, 43.05931985971893], [-0.816952448020347, 43.06863568673905], [-0.831461806534192, 43.085727762683746], [-0.831662500955601, 43.0873846904172], [-0.833275079578231, 43.098738127655864], [-0.838530058676045, 43.10996280152163], [-0.837725208974745, 43.11144668354176], [-0.828913662265389, 43.122595961864135], [-0.810427324351119, 43.13063463247575], [-0.799372575451174, 43.12297835743435], [-0.783551375190844, 43.11818915410433], [-0.787079626789634, 43.10962237223872], [-0.793420633088062, 43.0879601560701], [-0.799552168990099, 43.077747114070014], [-0.800382052476382, 43.06241030602094], [-0.801955835782867, 43.06070151198096], [-0.808303227862171, 43.058815743614744], [-0.811028114131557, 43.05931985971893]]]]}}, {"type": "Feature", "properties": {"ud_kodea": "64407", "ud_iz_e": "Mouguerre", "iz_ofizial": "Mouguerre"}, "geometry": {"type": "MultiPolygon", "coordinates": [[[[-1.406505195827828, 43.43016901686718], [-1.423199926227554, 43.443666410475835], [-1.421588641409688, 43.44691483700704], [-1.422897841129022, 43.46156434589995], [-1.430224615832373, 43.464977357803114], [-1.434984110177837, 43.46829773869277], [-1.440913453396806, 43.48090187415251], [-1.442471155597984, 43.481986021989854], [-1.444895522513968, 43.481763117916714], [-1.444118228682392, 43.48428839869776], [-1.445104527774747, 43.48619074366652], [-1.445133303410027, 43.48624272897498], [-1.434295457540509, 43.48994350640346], [-1.432215367165094, 43.48860216116355], [-1.417500762778426, 43.49048090908402], [-1.4131404060814, 43.489111417444164], [-1.411439237409643, 43.477840409583486], [-1.402847254454558, 43.46614250624353], [-1.398599037555664, 43.46638631640565], [-1.386198776688245, 43.470528660914546], [-1.377872543382135, 43.469346333659324], [-1.37395183304504, 43.46694031985308], [-1.373610096334802, 43.46581518037227], [-1.374752137539561, 43.45381112760888], [-1.376161984500738, 43.450674358083425], [-1.374032863769277, 43.4447188613433], [-1.368229423409236, 43.441011119519246], [-1.36859915890171, 43.44055559088304], [-1.38102775486874, 43.42841904069449], [-1.385559909514391, 43.42648837187047], [-1.38835072046819, 43.426155394045054], [-1.395841074677497, 43.42686419813666], [-1.406505195827828, 43.43016901686718]]]]}}, {"type": "Feature", "properties": {"ud_kodea": "64411", "ud_iz_e": "Musculdy", "iz_ofizial": "Musculdy"}, "geometry": {"type": "MultiPolygon", "coordinates": [[[[-1.023496246045326, 43.130074374329176], [-1.020950709629717, 43.14882033302123], [-1.023688201122998, 43.158507093946206], [-1.026401036133569, 43.16142110220569], [-1.029504684442365, 43.171395909924556], [-1.02339027325084, 43.17662379300594], [-1.019946612417744, 43.186552224877936], [-1.022432453174578, 43.19979466264824], [-1.016174832020554, 43.20602449686784], [-1.008940045088212, 43.20818685059909], [-0.997460362811608, 43.20823375360499], [-0.972673564995504, 43.21281067209797], [-0.971227540562695, 43.21740316933637], [-0.972947636128397, 43.22514396754243], [-0.971503076884222, 43.22568260505831], [-0.969337524206939, 43.2256596251743], [-0.966532434264192, 43.22344632114497], [-0.964421784797602, 43.22024194754532], [-0.964116974765907, 43.20614373119746], [-0.960230942891685, 43.19505025250683], [-0.957880590080087, 43.192081634580965], [-0.958490291926829, 43.186217840342096], [-0.964661572199679, 43.17962462327134], [-0.996507737342369, 43.172609053491186], [-1.004013377292805, 43.169282777273956], [-1.009535288779153, 43.1629153911103], [-1.011148124848192, 43.151133734782654], [-1.016875125293186, 43.13582962477807], [-1.023496246045326, 43.130074374329176]]]]}}, {"type": "Feature", "properties": {"ud_kodea": "64424", "ud_iz_e": "Ordiarp", "iz_ofizial": "Ordiarp"}, "geometry": {"type": "MultiPolygon", "coordinates": [[[[-0.912031848420852, 43.20093429130983], [-0.914606833138474, 43.19829665729984], [-0.913670605416643, 43.19619891926608], [-0.914244505206774, 43.19311695861598], [-0.915518257848297, 43.193748865062695], [-0.924010262074858, 43.192010025778934], [-0.929401992463703, 43.190407841393515], [-0.934179052360119, 43.18782723644197], [-0.936969680434434, 43.18518026925252], [-0.937356006057869, 43.1810999423128], [-0.94387274810867, 43.176133583431316], [-0.94993883590692, 43.173175455163104], [-0.953796236103892, 43.169901742881706], [-0.964119774949801, 43.1670729246831], [-0.975720250303693, 43.16200390847551], [-0.984533622464003, 43.15554346582302], [-0.988295621136334, 43.15153798291833], [-0.990385333276995, 43.145089722505105], [-0.998669775705931, 43.132503737257274], [-1.003662403812369, 43.13158340155408], [-1.012280541323045, 43.13619808076638], [-1.016875125293186, 43.13582962477807], [-1.011148124848192, 43.151133734782654], [-1.009535288779153, 43.1629153911103], [-1.004013377292805, 43.169282777273956], [-0.996507737342369, 43.172609053491186], [-0.964661572199679, 43.17962462327134], [-0.958490291926829, 43.186217840342096], [-0.957880590080087, 43.192081634580965], [-0.960230942891685, 43.19505025250683], [-0.964116974765907, 43.20614373119746], [-0.964421784797602, 43.22024194754532], [-0.966532434264192, 43.22344632114497], [-0.969337524206939, 43.2256596251743], [-0.971503076884222, 43.22568260505831], [-0.972747977405275, 43.22700216297412], [-0.975275308414101, 43.237816060157705], [-0.974650444869386, 43.240868911968626], [-0.970070302778941, 43.24524000522977], [-0.967491823652205, 43.249594975538756], [-0.965431137684803, 43.24940771051598], [-0.955844473428398, 43.24064934740467], [-0.939956367467903, 43.22155162119014], [-0.929362387470476, 43.210838733457656], [-0.921385236822756, 43.20457348556179], [-0.912031848420852, 43.20093429130983]]]]}}, {"type": "Feature", "properties": {"ud_kodea": "64425", "ud_iz_e": "Orègue", "iz_ofizial": "Orègue"}, "geometry": {"type": "MultiPolygon", "coordinates": [[[[-1.19255987230913, 43.39863369229776], [-1.190321722549178, 43.40203392478947], [-1.193235661710782, 43.41665002249896], [-1.214378981262978, 43.43657633855801], [-1.205682590972213, 43.44512750338845], [-1.200018465071945, 43.44679067667276], [-1.197074481393535, 43.44711565452563], [-1.191603421211065, 43.44590411349126], [-1.188910053614128, 43.44325420002794], [-1.189236967930421, 43.441700058979286], [-1.187989074199621, 43.44026991344269], [-1.185667459784196, 43.439221825886044], [-1.183081533993344, 43.43931456592473], [-1.183050909706749, 43.441493286097256], [-1.160845851151679, 43.43807230345891], [-1.146871816402251, 43.419615776033126], [-1.140781501130248, 43.415775158513156], [-1.133361751639216, 43.40862476179348], [-1.124271107977282, 43.39510010933036], [-1.124470916523828, 43.38746222929572], [-1.132871161089282, 43.38088695430366], [-1.133528679049504, 43.380704178107045], [-1.133262160499628, 43.37640918159478], [-1.136629546087766, 43.36758992035252], [-1.144579402159576, 43.36100838051623], [-1.157652939445716, 43.35948217686622], [-1.17029517334246, 43.372869551410076], [-1.185108725450501, 43.38943214806395], [-1.192294485572506, 43.396348476950436], [-1.19255987230913, 43.39863369229776]]]]}}, {"type": "Feature", "properties": {"ud_kodea": "64429", "ud_iz_e": "Orsanco", "iz_ofizial": "Orsanco"}, "geometry": {"type": "MultiPolygon", "coordinates": [[[[-1.060301180076609, 43.3060145904109], [-1.060103324904654, 43.306830009500466], [-1.044333676453286, 43.30610552815544], [-1.040804267605836, 43.30447843906745], [-1.037443701474806, 43.30050570007427], [-1.041262821589948, 43.29612218030708], [-1.043429612010077, 43.2912022992198], [-1.043516324822874, 43.28426606937006], [-1.047887498816136, 43.28286739733803], [-1.058299603632795, 43.2824315606682], [-1.062062908469773, 43.281388417795235], [-1.07519414374357, 43.27289139831821], [-1.083119718789273, 43.27340173612689], [-1.091672009254839, 43.27567034893355], [-1.091870216438492, 43.27590964540841], [-1.088730991333642, 43.28092509035782], [-1.085817875494661, 43.29190305370345], [-1.075454875172512, 43.29858462173042], [-1.064067639036632, 43.302913956666075], [-1.060301180076609, 43.3060145904109]]]]}}, {"type": "Feature", "properties": {"ud_kodea": "64432", "ud_iz_e": "Ossas-Suhare", "iz_ofizial": "Ossas-Suhare"}, "geometry": {"type": "MultiPolygon", "coordinates": [[[[-0.9180401565497, 43.15285089541239], [-0.911634863534359, 43.15387878987125], [-0.906744416950614, 43.14886265289849], [-0.900261915171316, 43.150327645562555], [-0.884549379771645, 43.14087483799837], [-0.883144013222857, 43.1410065467684], [-0.881399956407403, 43.13860461506675], [-0.881665163217076, 43.12900706816616], [-0.889869043823264, 43.127792586935065], [-0.891784451910548, 43.12640321702531], [-0.902331513586478, 43.13296932273104], [-0.911592703868895, 43.134056314823674], [-0.916613493711503, 43.13333356176637], [-0.926586468959034, 43.129073799136584], [-0.932540045162889, 43.12430609435012], [-0.93752186958996, 43.124253771425856], [-0.933095493218101, 43.12542231633021], [-0.926536450080364, 43.14160152659281], [-0.91821702206524, 43.15139635014911], [-0.9180401565497, 43.15285089541239]]]]}}, {"type": "Feature", "properties": {"ud_kodea": "64435", "ud_iz_e": "Osserain-Rivareyte", "iz_ofizial": "Osserain-Rivareyte"}, "geometry": {"type": "MultiPolygon", "coordinates": [[[[-0.973216151875152, 43.37555922658778], [-0.973229219846961, 43.38195504643807], [-0.966656384654242, 43.39072919552661], [-0.960251998968054, 43.387658936969984], [-0.957373725567412, 43.383844176234525], [-0.949429158245489, 43.378034658094705], [-0.939704186779987, 43.37470979293543], [-0.933869348713091, 43.376401181586665], [-0.93244542869145, 43.37618183976721], [-0.932596064251414, 43.36897139944926], [-0.935378209789093, 43.363867538697605], [-0.942780729171068, 43.35853398038044], [-0.941667207911954, 43.356171436265505], [-0.936680406849725, 43.35281597588528], [-0.938647361913162, 43.35190576635028], [-0.948526820215992, 43.36180563664893], [-0.962527414731322, 43.36314812074951], [-0.966811721188441, 43.37031953078133], [-0.970006645942972, 43.373641373789965], [-0.973216151875152, 43.37555922658778]]]]}}, {"type": "Feature", "properties": {"ud_kodea": "64436", "ud_iz_e": "Ossès", "iz_ofizial": "Ossès"}, "geometry": {"type": "MultiPolygon", "coordinates": [[[[-1.274284949743742, 43.20488573772081], [-1.277432073296695, 43.20881735025695], [-1.280946292071037, 43.21158217148776], [-1.290802883825844, 43.21352273153018], [-1.294980112124952, 43.21786786314036], [-1.301298624278578, 43.2293631355388], [-1.299779891867255, 43.235135090866244], [-1.300232983890538, 43.23775834524082], [-1.303738942135642, 43.24111659935234], [-1.307623626303054, 43.24295700108115], [-1.311987500618242, 43.243901581727364], [-1.315220129302544, 43.24578310114906], [-1.320080600767497, 43.25157495664882], [-1.320929206630755, 43.25597512490727], [-1.319659828834437, 43.25635566135641], [-1.319522200286793, 43.25792420293917], [-1.320501667639412, 43.25984262292821], [-1.312242379344439, 43.27493034215602], [-1.308418233460358, 43.27595958679241], [-1.301648142707853, 43.279282651231505], [-1.295397270987688, 43.2844863882716], [-1.292882428545842, 43.29037370750033], [-1.288708215669543, 43.29467104295853], [-1.288710492173635, 43.29276286687699], [-1.279068039783124, 43.280667278742115], [-1.265018765804935, 43.273203656742375], [-1.262068994753387, 43.26955906588649], [-1.260167046516494, 43.26550912743606], [-1.259773530071486, 43.261468124367575], [-1.250430239647467, 43.24655461788328], [-1.236120257436413, 43.23587775689091], [-1.233851373730248, 43.22925575441256], [-1.232028029451373, 43.21771861402573], [-1.224666671545577, 43.21723520470861], [-1.232895018493547, 43.2082991736792], [-1.239516292390299, 43.204036843560104], [-1.243852722051811, 43.20136746114335], [-1.25465788990207, 43.19771229503313], [-1.256233130754957, 43.19803566980712], [-1.259866242712488, 43.20245117660743], [-1.26351517018285, 43.20408967104714], [-1.268478546521729, 43.20493285988886], [-1.274284949743742, 43.20488573772081]]]]}}, {"type": "Feature", "properties": {"ud_kodea": "64437", "ud_iz_e": "Ostabat-Asme", "iz_ofizial": "Ostabat-Asme"}, "geometry": {"type": "MultiPolygon", "coordinates": [[[[-1.037054185780697, 43.267275143930924], [-1.046028463247855, 43.2526087283142], [-1.054866963504138, 43.25323180585941], [-1.06128378221236, 43.25033161238452], [-1.066305268857028, 43.246576573998176], [-1.074310495277381, 43.23884908004224], [-1.07833203285079, 43.236954262096056], [-1.096557485587955, 43.23995237664521], [-1.10204830549487, 43.24226856080285], [-1.104114477474626, 43.247202638543136], [-1.103623760721363, 43.24946685849495], [-1.091960829164264, 43.255460957166896], [-1.083430128356085, 43.26327009087839], [-1.082716903408158, 43.26513818999193], [-1.082359037743263, 43.26655958920288], [-1.091672009254839, 43.27567034893355], [-1.083119718789273, 43.27340173612689], [-1.07519414374357, 43.27289139831821], [-1.062062908469773, 43.281388417795235], [-1.058299603632795, 43.2824315606682], [-1.047887498816136, 43.28286739733803], [-1.041949479390892, 43.27737737500261], [-1.038817546678398, 43.27161462547664], [-1.037852149806298, 43.267546142697626], [-1.037054185780697, 43.267275143930924]]]]}}, {"type": "Feature", "properties": {"ud_kodea": "64441", "ud_iz_e": "Pagolle", "iz_ofizial": "Pagolle"}, "geometry": {"type": "MultiPolygon", "coordinates": [[[[-0.971503076884222, 43.22568260505831], [-0.972947636128397, 43.22514396754243], [-0.971227540562695, 43.21740316933637], [-0.972673564995504, 43.21281067209797], [-0.997460362811608, 43.20823375360499], [-1.008940045088212, 43.20818685059909], [-1.016174832020554, 43.20602449686784], [-1.022432453174578, 43.19979466264824], [-1.031429314971759, 43.20377561553044], [-1.035653318867205, 43.20290880506847], [-1.032426581795316, 43.206171950472616], [-1.029083552737249, 43.20578170577589], [-1.016399344003528, 43.231807828248414], [-1.018223621850254, 43.243514602224174], [-1.012227280310986, 43.24507342428916], [-1.006756663276481, 43.2483336026806], [-1.00453516175993, 43.25351575706905], [-1.007229220477245, 43.25566660594365], [-0.998207023786995, 43.25222818682381], [-0.990504582731421, 43.24614001501389], [-0.989786035113623, 43.246261152037654], [-0.988273985420623, 43.24408336204711], [-0.979527440747184, 43.2400785239442], [-0.974650444869386, 43.240868911968626], [-0.975275308414101, 43.237816060157705], [-0.972747977405275, 43.22700216297412], [-0.971503076884222, 43.22568260505831]]]]}}, {"type": "Feature", "properties": {"ud_kodea": "64468", "ud_iz_e": "Roquiague", "iz_ofizial": "Roquiague"}, "geometry": {"type": "MultiPolygon", "coordinates": [[[[-0.846163779952779, 43.20229294266123], [-0.842840455779504, 43.20538776986551], [-0.829829932717503, 43.20647731638313], [-0.818659956756587, 43.20173030081167], [-0.817945541018397, 43.200476814262665], [-0.830309239714206, 43.18565124965414], [-0.833136156859439, 43.17530892741057], [-0.830692554087297, 43.168576938441845], [-0.843409133226814, 43.16412318668843], [-0.849421076601546, 43.16286582073773], [-0.855054361820475, 43.16919072038214], [-0.853524682782273, 43.171784955351264], [-0.85390937243138, 43.17801020886072], [-0.863715980514114, 43.18642254981606], [-0.865189289263132, 43.189715345641716], [-0.863248386723341, 43.19148156674549], [-0.860064330698822, 43.19238448742574], [-0.854874507994571, 43.192522407754126], [-0.852732257165046, 43.1929006553948], [-0.846163779952779, 43.20229294266123]]]]}}, {"type": "Feature", "properties": {"ud_kodea": "64475", "ud_iz_e": "Sainte-Engrâce", "iz_ofizial": "Sainte-Engrâce"}, "geometry": {"type": "MultiPolygon", "coordinates": [[[[-0.897078430083375, 42.95616555134944], [-0.874794000591089, 42.96731461263678], [-0.891769893564773, 42.99217217157639], [-0.891977201960867, 43.00743250454332], [-0.901105784273495, 43.018325795771815], [-0.899069600523515, 43.02329544715099], [-0.897809760713316, 43.030193643012666], [-0.881735745823789, 43.03621738705656], [-0.866096359652688, 43.043336886782896], [-0.860728826908318, 43.04294796886279], [-0.852263746866757, 43.03434783410462], [-0.844358319689351, 43.03095780377606], [-0.82588275628942, 43.02533526294347], [-0.808615644147212, 43.02065825940506], [-0.79621158657451, 43.0152856904483], [-0.789076147106002, 43.015299671122456], [-0.778009974743048, 43.01695861145385], [-0.774909073088952, 43.01682441308044], [-0.763675171661147, 43.01262807207672], [-0.754244001333857, 43.001279110241015], [-0.754466994177118, 42.99875840943883], [-0.77679887415383, 42.99820480351711], [-0.794428289268954, 42.990434028231], [-0.797878449737999, 42.98766595856008], [-0.797258989615345, 42.98300589733537], [-0.793652852556547, 42.97526133817376], [-0.787712666168891, 42.96814376996894], [-0.784714581428114, 42.967235623087184], [-0.783825033716332, 42.96446505859235], [-0.792990913450277, 42.96243477273169], [-0.799958877193502, 42.958956250988756], [-0.811962553079548, 42.951282176561925], [-0.818688904213701, 42.951055854072955], [-0.837862847039901, 42.95400635237304], [-0.848932412308605, 42.951971580705575], [-0.858382747318339, 42.95130838227888], [-0.870195534378399, 42.953004701700834], [-0.876593819529747, 42.95472422304607], [-0.885161925635944, 42.95554285520558], [-0.89559834611056, 42.95548360722113], [-0.897078430083375, 42.95616555134944]]]]}}, {"type": "Feature", "properties": {"ud_kodea": "64476", "ud_iz_e": "Saint-Esteben", "iz_ofizial": "Saint-Esteben"}, "geometry": {"type": "MultiPolygon", "coordinates": [[[[-1.243040314801289, 43.33812249149242], [-1.242469544177113, 43.34389440748939], [-1.239961076110359, 43.34794777200136], [-1.238414135480502, 43.34791204281553], [-1.23309897952237, 43.35013381859685], [-1.229455687596372, 43.35179353082743], [-1.223103432211454, 43.35333375003302], [-1.21492935118627, 43.35291132836599], [-1.209675779295595, 43.35069175927795], [-1.209527849015175, 43.34684535784453], [-1.202398347316379, 43.34008695678834], [-1.199666729955371, 43.334364528717934], [-1.197331577801266, 43.31981811431981], [-1.19477624328017, 43.31365014733788], [-1.1977364435711, 43.30355110546003], [-1.205735986445893, 43.29652774611246], [-1.22440460374657, 43.315312668183914], [-1.224882164992964, 43.31768579539835], [-1.23019159079427, 43.325015650944835], [-1.235369575108551, 43.328257780628476], [-1.243040314801289, 43.33812249149242]]]]}}, {"type": "Feature", "properties": {"ud_kodea": "64477", "ud_iz_e": "Saint-Étienne-de-Baïgorry", "iz_ofizial": "Saint-Étienne-de-Baïgorry"}, "geometry": {"type": "MultiPolygon", "coordinates": [[[[-1.332315498951588, 43.121012135205035], [-1.335523484893713, 43.120844292090695], [-1.337741890516019, 43.122024175808114], [-1.346497037047262, 43.13143408507153], [-1.3568673901037, 43.140659245497645], [-1.364313309261026, 43.14197661300109], [-1.367717151178478, 43.138592064055736], [-1.372920911749631, 43.1370864376778], [-1.397543509534062, 43.14687884990612], [-1.407552885584563, 43.15548292167909], [-1.403987050019847, 43.160406022786425], [-1.401937822344364, 43.17843423709502], [-1.390873016242517, 43.186305163560434], [-1.385654256732815, 43.19272194685366], [-1.38191213932237, 43.22563942991309], [-1.378072185409221, 43.23201967059716], [-1.378280510932831, 43.23510491987928], [-1.364227595120411, 43.233768005778686], [-1.359778532292266, 43.235986611827066], [-1.356485944004413, 43.23645654838533], [-1.355282129836798, 43.23567362802074], [-1.350805855520511, 43.23420561059679], [-1.33648994721936, 43.23307572310342], [-1.333674459091943, 43.23113846551606], [-1.333095205216296, 43.225986224377266], [-1.324276607087029, 43.21473971349985], [-1.311253467698165, 43.204776144541846], [-1.305519224003914, 43.20131902379441], [-1.301985568639402, 43.20026735848838], [-1.303235565408926, 43.19349908793765], [-1.308766710030818, 43.183115947077454], [-1.306503830515798, 43.173128913706435], [-1.305519022487553, 43.16129287887324], [-1.304024836072881, 43.16209753497403], [-1.30362900432891, 43.158173228485346], [-1.312700631073921, 43.13984314798312], [-1.317995474575166, 43.135506286605114], [-1.325219066175048, 43.1316267834824], [-1.329034945018065, 43.128664790861265], [-1.330359761679673, 43.12707657357207], [-1.332315498951588, 43.121012135205035]]]]}}, {"type": "Feature", "properties": {"ud_kodea": "64483", "ud_iz_e": "Saint-Jean-de-Luz", "iz_ofizial": "Saint-Jean-de-Luz"}, "geometry": {"type": "MultiPolygon", "coordinates": [[[[-1.628965100470107, 43.3671792071468], [-1.641068469853696, 43.367463231911394], [-1.642552449155646, 43.37853802068462], [-1.651526361018597, 43.3809451180953], [-1.654823040451194, 43.38100962695766], [-1.660618660434221, 43.38239384545978], [-1.663715489984858, 43.38477736508838], [-1.6653706674269, 43.38711667341152], [-1.667194937635323, 43.38651255837366], [-1.669968369579232, 43.38802670549782], [-1.666730333248899, 43.388325094903706], [-1.66235498856664, 43.39076770924275], [-1.660578174515857, 43.39289001381693], [-1.660462067231689, 43.396520546064295], [-1.66231744609519, 43.39894863433681], [-1.66478628956226, 43.39955143858876], [-1.660344419823097, 43.402542049936685], [-1.653481928928049, 43.40527343679153], [-1.645808469045462, 43.404829127416576], [-1.632245715326989, 43.41242742068709], [-1.622639678145384, 43.42133469945248], [-1.620432937109032, 43.4211369635233], [-1.619859182424519, 43.420351291017575], [-1.616141382696193, 43.41740897519021], [-1.605346037246806, 43.415199705147195], [-1.600469898583211, 43.41496196504538], [-1.599647916280597, 43.41437600395077], [-1.600609890936549, 43.41059343705487], [-1.59838506551397, 43.40088874077723], [-1.597228734437037, 43.40058553595195], [-1.604529049172886, 43.39271065663121], [-1.612205061979508, 43.38766599540909], [-1.61873844374497, 43.38528744599873], [-1.616400761667385, 43.37480312772391], [-1.616181616903076, 43.37016252117956], [-1.617563953206268, 43.366838610830825], [-1.621544571896217, 43.36524919839385], [-1.628965100470107, 43.3671792071468]]]]}}, {"type": "Feature", "properties": {"ud_kodea": "64484", "ud_iz_e": "Saint-Jean-le-Vieux", "iz_ofizial": "Saint-Jean-le-Vieux"}, "geometry": {"type": "MultiPolygon", "coordinates": [[[[-1.181121736915937, 43.172072869575146], [-1.180332011174054, 43.17002099961557], [-1.181284756704815, 43.166302740258196], [-1.182689585893503, 43.16468275317228], [-1.186317200892207, 43.163360136441085], [-1.187403884655611, 43.16141106404765], [-1.181867417044707, 43.154349074573396], [-1.185305282139151, 43.15517036649389], [-1.186929734703259, 43.15336074688775], [-1.203305337090533, 43.148400550400844], [-1.205151178563922, 43.14861135297034], [-1.210071612728338, 43.151831192903515], [-1.214467496620592, 43.15876351588107], [-1.219345880503953, 43.161674798939295], [-1.221143781604136, 43.16113869947493], [-1.222529190051515, 43.163678598427055], [-1.228640368728406, 43.16484416173521], [-1.229429692505301, 43.1659940859741], [-1.220263032788494, 43.16769196326879], [-1.22060489624472, 43.17494501301601], [-1.221788878386948, 43.180112279087254], [-1.223556108968545, 43.182850751647635], [-1.22763692043403, 43.18740995156526], [-1.233891843674618, 43.1906000686143], [-1.225841406889135, 43.195673829713286], [-1.215932860990364, 43.19641661595842], [-1.20348274474146, 43.190073978347286], [-1.200574288616459, 43.186867128460534], [-1.201757870604256, 43.18592835247224], [-1.200141830117969, 43.17874113684968], [-1.191540113740412, 43.1717114519958], [-1.181121736915937, 43.172072869575146]]]]}}, {"type": "Feature", "properties": {"ud_kodea": "64485", "ud_iz_e": "Saint-Jean-Pied-de-Port", "iz_ofizial": "Saint-Jean-Pied-de-Port"}, "geometry": {"type": "MultiPolygon", "coordinates": [[[[-1.221143781604136, 43.16113869947493], [-1.222294506942078, 43.15932453819735], [-1.228744782977037, 43.1549947864093], [-1.232215314309715, 43.150223246948606], [-1.235084407999669, 43.14388361118869], [-1.236633088484346, 43.143765971533604], [-1.236557540806766, 43.143138417477566], [-1.239009886633033, 43.143618429796575], [-1.242431823455072, 43.14706603024396], [-1.24166307132572, 43.15390242959145], [-1.242467994985174, 43.16310177674263], [-1.245833734728073, 43.17028529851774], [-1.229469862166298, 43.16797058510079], [-1.229429692505301, 43.1659940859741], [-1.228640368728406, 43.16484416173521], [-1.222529190051515, 43.163678598427055], [-1.221143781604136, 43.16113869947493]]]]}}, {"type": "Feature", "properties": {"ud_kodea": "64487", "ud_iz_e": "Saint-Just-Ibarre", "iz_ofizial": "Saint-Just-Ibarre"}, "geometry": {"type": "MultiPolygon", "coordinates": [[[[-1.079973204102003, 43.1952794706903], [-1.073565643219761, 43.19313579727359], [-1.054313941279424, 43.19664177601214], [-1.039677450048259, 43.20499272199321], [-1.038840631325781, 43.20684613369722], [-1.035653318867205, 43.20290880506847], [-1.031429314971759, 43.20377561553044], [-1.022432453174578, 43.19979466264824], [-1.019946612417744, 43.186552224877936], [-1.02339027325084, 43.17662379300594], [-1.029504684442365, 43.171395909924556], [-1.026401036133569, 43.16142110220569], [-1.023688201122998, 43.158507093946206], [-1.020950709629717, 43.14882033302123], [-1.023496246045326, 43.130074374329176], [-1.034999181607336, 43.118676400778035], [-1.04459007008405, 43.11513205809182], [-1.044628047022968, 43.1151828673654], [-1.049050391984456, 43.12608620961476], [-1.048793609591583, 43.15039496006551], [-1.059112630276517, 43.164255965710524], [-1.094798083823206, 43.171405761104914], [-1.089381404554093, 43.18586658208993], [-1.079973204102003, 43.1952794706903]]]]}}, {"type": "Feature", "properties": {"ud_kodea": "64489", "ud_iz_e": "Saint-Martin-d'Arberoue", "iz_ofizial": "Saint-Martin-d'Arberoue"}, "geometry": {"type": "MultiPolygon", "coordinates": [[[[-1.157652939445716, 43.35948217686622], [-1.157641775428441, 43.35929342647757], [-1.172286682859933, 43.34780724092855], [-1.168991511627575, 43.334844121370615], [-1.168439049589366, 43.32842260117777], [-1.17217271051575, 43.321382578676356], [-1.173897629620355, 43.32175737158007], [-1.185519150784185, 43.31464157148832], [-1.193223827045639, 43.31332214849334], [-1.19477624328017, 43.31365014733788], [-1.197331577801266, 43.31981811431981], [-1.199666729955371, 43.334364528717934], [-1.202398347316379, 43.34008695678834], [-1.209527849015175, 43.34684535784453], [-1.209675779295595, 43.35069175927795], [-1.199410489567923, 43.35811426239646], [-1.191289606344158, 43.359665389295486], [-1.186871687971478, 43.361902267572546], [-1.17029517334246, 43.372869551410076], [-1.157652939445716, 43.35948217686622]]]]}}, {"type": "Feature", "properties": {"ud_kodea": "64490", "ud_iz_e": "Saint-Martin-d'Arrossa", "iz_ofizial": "Saint-Martin-d'Arrossa"}, "geometry": {"type": "MultiPolygon", "coordinates": [[[[-1.355282129836798, 43.23567362802074], [-1.350817952666503, 43.237926692396385], [-1.345188612837896, 43.242203040849404], [-1.339128591033183, 43.26012510922834], [-1.334676972441392, 43.26172559538068], [-1.325551650028677, 43.26317545076422], [-1.320501667639412, 43.25984262292821], [-1.319522200286793, 43.25792420293917], [-1.319659828834437, 43.25635566135641], [-1.320929206630755, 43.25597512490727], [-1.320080600767497, 43.25157495664882], [-1.315220129302544, 43.24578310114906], [-1.311987500618242, 43.243901581727364], [-1.307623626303054, 43.24295700108115], [-1.303738942135642, 43.24111659935234], [-1.300232983890538, 43.23775834524082], [-1.299779891867255, 43.235135090866244], [-1.301298624278578, 43.2293631355388], [-1.294980112124952, 43.21786786314036], [-1.290802883825844, 43.21352273153018], [-1.280946292071037, 43.21158217148776], [-1.277432073296695, 43.20881735025695], [-1.274284949743742, 43.20488573772081], [-1.275856208320233, 43.203056942283695], [-1.276136533601554, 43.200458679872], [-1.301985568639402, 43.20026735848838], [-1.305519224003914, 43.20131902379441], [-1.311253467698165, 43.204776144541846], [-1.324276607087029, 43.21473971349985], [-1.333095205216296, 43.225986224377266], [-1.333674459091943, 43.23113846551606], [-1.33648994721936, 43.23307572310342], [-1.350805855520511, 43.23420561059679], [-1.355282129836798, 43.23567362802074]]]]}}, {"type": "Feature", "properties": {"ud_kodea": "64492", "ud_iz_e": "Saint-Michel", "iz_ofizial": "Saint-Michel"}, "geometry": {"type": "MultiPolygon", "coordinates": [[[[-1.236557540806766, 43.143138417477566], [-1.236633088484346, 43.143765971533604], [-1.235084407999669, 43.14388361118869], [-1.234064019179322, 43.14427771386537], [-1.222800605390493, 43.14159422337927], [-1.210621566418777, 43.135782934573854], [-1.206794446635925, 43.11991045222433], [-1.214778458768365, 43.11639261282031], [-1.217207746189817, 43.094806560747806], [-1.221639365883002, 43.087346173859714], [-1.22178633531318, 43.079833105468495], [-1.219131213156959, 43.0777638635382], [-1.214816454438898, 43.07960641983652], [-1.212578834248551, 43.0514542036566], [-1.229749664278809, 43.05550804466474], [-1.240465969895758, 43.04703044299885], [-1.247600108516109, 43.04263642910744], [-1.258651538208537, 43.049123000949535], [-1.267153549702859, 43.05856136043475], [-1.268147397791491, 43.05987839795888], [-1.268951829533616, 43.068098788731106], [-1.266648982156492, 43.07331969892759], [-1.26251473100264, 43.07762143300533], [-1.250378912237151, 43.08645015172662], [-1.247458958487386, 43.088891070960116], [-1.245612008658423, 43.088508178527306], [-1.243683053088867, 43.09131071257615], [-1.238782742262085, 43.10485063341138], [-1.237223302912962, 43.11255466781571], [-1.237630960288739, 43.11595148716265], [-1.238554631326521, 43.11790034589967], [-1.245302731867122, 43.12254084327457], [-1.246523042579929, 43.12530844942249], [-1.243013510566604, 43.13358229002211], [-1.236557540806766, 43.143138417477566]]]]}}, {"type": "Feature", "properties": {"ud_kodea": "64493", "ud_iz_e": "Saint-Palais", "iz_ofizial": "Saint-Palais"}, "geometry": {"type": "MultiPolygon", "coordinates": [[[[-1.034182685846966, 43.29999161385941], [-1.035815027429984, 43.29954421988454], [-1.037443701474806, 43.30050570007427], [-1.040804267605836, 43.30447843906745], [-1.044333676453286, 43.30610552815544], [-1.060103324904654, 43.306830009500466], [-1.060301180076609, 43.3060145904109], [-1.062215506104979, 43.30643533939296], [-1.064415260031303, 43.30948545935494], [-1.056774075496232, 43.31553304383207], [-1.048808405137794, 43.31940876236345], [-1.049121831890591, 43.32009420894763], [-1.049919541516007, 43.32212256227913], [-1.045600846749009, 43.32339678066991], [-1.039276509348142, 43.32666893589246], [-1.032532121520273, 43.33494840603933], [-1.030732698864558, 43.33415169545598], [-1.021173884205439, 43.32269527112596], [-1.020046375700196, 43.32206076011563], [-1.018443945490729, 43.318048988869556], [-1.018835994029475, 43.3145088961516], [-1.025446358532873, 43.30368269168958], [-1.02733990308313, 43.3023645900599], [-1.029958270136915, 43.30291187037219], [-1.034182685846966, 43.29999161385941]]]]}}, {"type": "Feature", "properties": {"ud_kodea": "64495", "ud_iz_e": "Saint-Pée-sur-Nivelle", "iz_ofizial": "Saint-Pée-sur-Nivelle"}, "geometry": {"type": "MultiPolygon", "coordinates": [[[[-1.529037217920676, 43.293437297627385], [-1.535210068422683, 43.3026383464717], [-1.538293985649366, 43.315270514880375], [-1.549162062554283, 43.31787971446432], [-1.555982757755827, 43.32110737440891], [-1.556884832334393, 43.323991536144476], [-1.555973839201511, 43.326813403904495], [-1.563666824233815, 43.331995290693975], [-1.580081785927438, 43.33832394130792], [-1.587311260688308, 43.34022861288338], [-1.594912458920098, 43.34042651834006], [-1.596130610763815, 43.33899870497859], [-1.608737565763725, 43.34822820955372], [-1.61591129262944, 43.35125627586266], [-1.61962255132634, 43.35886288709704], [-1.617563953206268, 43.366838610830825], [-1.616181616903076, 43.37016252117956], [-1.616400761667385, 43.37480312772391], [-1.61873844374497, 43.38528744599873], [-1.612205061979508, 43.38766599540909], [-1.604529049172886, 43.39271065663121], [-1.597228734437037, 43.40058553595195], [-1.584862392199105, 43.39636942661446], [-1.56452053739796, 43.392062638507575], [-1.55493043966116, 43.39072145274182], [-1.543883904999218, 43.3913960671043], [-1.533424622716018, 43.39414633085719], [-1.51772336193908, 43.391245710877556], [-1.501366959649515, 43.36485550247907], [-1.503872994364418, 43.36428887958414], [-1.505440939797881, 43.36289355906927], [-1.514981384804057, 43.34115358249851], [-1.507881135588982, 43.326313120238524], [-1.50585112669087, 43.324124449457365], [-1.516878950949609, 43.3105815851636], [-1.515427678512342, 43.306250570936335], [-1.505975689066135, 43.296899730381696], [-1.505955599103224, 43.29351990582249], [-1.529037217920676, 43.293437297627385]]]]}}, {"type": "Feature", "properties": {"ud_kodea": "64496", "ud_iz_e": "Saint-Pierre-d'Irube", "iz_ofizial": "Saint-Pierre-d'Irube"}, "geometry": {"type": "MultiPolygon", "coordinates": [[[[-1.466860502726421, 43.47164557451597], [-1.460369574590155, 43.47574104557617], [-1.454296682100143, 43.47563231182682], [-1.453497285779732, 43.47496141057085], [-1.448944750840199, 43.47618838763089], [-1.445300251565702, 43.47915760528776], [-1.444895522513968, 43.481763117916714], [-1.442471155597984, 43.481986021989854], [-1.440913453396806, 43.48090187415251], [-1.434984110177837, 43.46829773869277], [-1.430224615832373, 43.464977357803114], [-1.422897841129022, 43.46156434589995], [-1.421588641409688, 43.44691483700704], [-1.423199926227554, 43.443666410475835], [-1.434377158633289, 43.445671815326456], [-1.443768451689026, 43.4492010837463], [-1.452434557649124, 43.45473733880772], [-1.454635366753, 43.460772539126935], [-1.451974268136482, 43.464059283487074], [-1.454153507662638, 43.46722718979706], [-1.458746928600911, 43.47010827504619], [-1.466860502726421, 43.47164557451597]]]]}}, {"type": "Feature", "properties": {"ud_kodea": "64502", "ud_iz_e": "Sames", "iz_ofizial": "Sames"}, "geometry": {"type": "MultiPolygon", "coordinates": [[[[-1.174114863218758, 43.54593451740302], [-1.168224179877872, 43.54486545595574], [-1.159076716431974, 43.5386935633113], [-1.158568966535346, 43.53459198418912], [-1.155327785252958, 43.52973027779017], [-1.150076997951742, 43.52717263218463], [-1.140605020471666, 43.52429584035102], [-1.132967486674459, 43.520522176448026], [-1.130689747498451, 43.51901251116256], [-1.129890356570429, 43.515627489931816], [-1.131093693050662, 43.510948095063725], [-1.133091987026387, 43.50973222723865], [-1.156447184267027, 43.507704837716155], [-1.165044321442298, 43.50825684774052], [-1.163549745201, 43.511373927121056], [-1.164358314475107, 43.51282764932369], [-1.174994121549343, 43.51767116777691], [-1.192921371319217, 43.53092920388627], [-1.203779003773203, 43.54003866139629], [-1.195511686281463, 43.54625677140813], [-1.184349472606113, 43.54723580456741], [-1.174114863218758, 43.54593451740302]]]]}}, {"type": "Feature", "properties": {"ud_kodea": "64504", "ud_iz_e": "Sare", "iz_ofizial": "Sare"}, "geometry": {"type": "MultiPolygon", "coordinates": [[[[-1.635411672819086, 43.30902065583046], [-1.621025719789903, 43.31936739955328], [-1.609652251047838, 43.325420429638335], [-1.602698804729006, 43.33151197408853], [-1.596130610763815, 43.33899870497859], [-1.594912458920098, 43.34042651834006], [-1.587311260688308, 43.34022861288338], [-1.580081785927438, 43.33832394130792], [-1.563666824233815, 43.331995290693975], [-1.555973839201511, 43.326813403904495], [-1.556884832334393, 43.323991536144476], [-1.555982757755827, 43.32110737440891], [-1.549162062554283, 43.31787971446432], [-1.538293985649366, 43.315270514880375], [-1.535210068422683, 43.3026383464717], [-1.529037217920676, 43.293437297627385], [-1.532918004990623, 43.29373579390446], [-1.552153577458799, 43.29190119452189], [-1.565023059354005, 43.28800861631846], [-1.563659178524517, 43.284680084685526], [-1.561483447901826, 43.28411876293137], [-1.56077141630884, 43.273922780506524], [-1.56858395378855, 43.25739243959257], [-1.575152488514502, 43.249922016425465], [-1.582717178000601, 43.252990747035426], [-1.590902002012863, 43.25377365909061], [-1.601630492475559, 43.25363205752439], [-1.605244681206098, 43.25261014677275], [-1.609344622477177, 43.25288562312963], [-1.617868013353461, 43.258073622279205], [-1.625490782873414, 43.27054889697446], [-1.628099041002922, 43.28070148114858], [-1.630678521145855, 43.28502068942731], [-1.628592770030709, 43.2922531978279], [-1.624855933689929, 43.29707565199003], [-1.622902065583252, 43.30218390533091], [-1.62387052988621, 43.3056874240885], [-1.6248744450291, 43.30649599224946], [-1.635411672819086, 43.30902065583046]]]]}}, {"type": "Feature", "properties": {"ud_kodea": "64509", "ud_iz_e": "Sauguis-Saint-Étienne", "iz_ofizial": "Sauguis-Saint-Étienne"}, "geometry": {"type": "MultiPolygon", "coordinates": [[[[-0.85390937243138, 43.17801020886072], [-0.853524682782273, 43.171784955351264], [-0.855054361820475, 43.16919072038214], [-0.849421076601546, 43.16286582073773], [-0.84608988264558, 43.157233930270955], [-0.849650553510723, 43.151395628583415], [-0.858929115534474, 43.153675317876754], [-0.868392822937821, 43.15220584101508], [-0.883572678393011, 43.14229778210924], [-0.883144013222857, 43.1410065467684], [-0.884549379771645, 43.14087483799837], [-0.900261915171316, 43.150327645562555], [-0.90067362611743, 43.15239933662941], [-0.897414132581144, 43.15803319757905], [-0.892969262660665, 43.16337477451297], [-0.879267163698508, 43.16630931443194], [-0.867818296373276, 43.16993121729841], [-0.858335463878032, 43.17386515023309], [-0.85390937243138, 43.17801020886072]]]]}}, {"type": "Feature", "properties": {"ud_kodea": "64527", "ud_iz_e": "Souraïde", "iz_ofizial": "Souraïde"}, "geometry": {"type": "MultiPolygon", "coordinates": [[[[-1.479142057468746, 43.31140967957477], [-1.483249183415223, 43.32167591701285], [-1.486631354408491, 43.32455218037234], [-1.50585112669087, 43.324124449457365], [-1.507881135588982, 43.326313120238524], [-1.514981384804057, 43.34115358249851], [-1.505440939797881, 43.36289355906927], [-1.503872994364418, 43.36428887958414], [-1.501366959649515, 43.36485550247907], [-1.499213914206148, 43.36459821230038], [-1.498390630487699, 43.36646885841601], [-1.482125449121146, 43.37413755536538], [-1.479289554019509, 43.374885816697706], [-1.477929271484927, 43.37412038506819], [-1.479657619267981, 43.37174386901153], [-1.478605894660061, 43.3685147744532], [-1.470537207346555, 43.35940835393602], [-1.467847354547064, 43.34877909328332], [-1.466805190653321, 43.33897652654863], [-1.46706337439981, 43.33439671576411], [-1.471716682861469, 43.32248905496545], [-1.479142057468746, 43.31140967957477]]]]}}, {"type": "Feature", "properties": {"ud_kodea": "64528", "ud_iz_e": "Suhescun", "iz_ofizial": "Suhescun"}, "geometry": {"type": "MultiPolygon", "coordinates": [[[[-1.167831265145658, 43.23279384179966], [-1.176582379572305, 43.22659228174976], [-1.179761788688358, 43.22256428710983], [-1.183482602082751, 43.21343935559406], [-1.19752108287935, 43.216809607261176], [-1.209254607524049, 43.21717837191426], [-1.22184391353318, 43.21585761520709], [-1.223653126438526, 43.21794328860883], [-1.2177340896284, 43.22057641653571], [-1.212109268948073, 43.22820793843279], [-1.211245293868138, 43.23211689935899], [-1.212322857987298, 43.236548212594165], [-1.200660905883058, 43.2541676518829], [-1.184421050401277, 43.25161597077083], [-1.181873448153509, 43.2524101290233], [-1.177538621797893, 43.244424050451435], [-1.167831265145658, 43.23279384179966]]]]}}, {"type": "Feature", "properties": {"ud_kodea": "64533", "ud_iz_e": "Tardets-Sorholus", "iz_ofizial": "Tardets-Sorholus"}, "geometry": {"type": "MultiPolygon", "coordinates": [[[[-0.837725208974745, 43.11144668354176], [-0.840423878592638, 43.111754801730925], [-0.845686298160341, 43.10572279147781], [-0.851716930755412, 43.104210532022215], [-0.860011093533014, 43.10450425313312], [-0.861179124454886, 43.11150431659389], [-0.865971321326556, 43.11730998336332], [-0.876286903970446, 43.12331849971459], [-0.863082366328981, 43.13045673134459], [-0.855943799498994, 43.13767981560987], [-0.843805691901056, 43.14753029283029], [-0.813613202256231, 43.147611599101126], [-0.808973418085074, 43.1447265998968], [-0.802180378920172, 43.13493860174816], [-0.802887484171439, 43.132604785795614], [-0.810427324351119, 43.13063463247575], [-0.828913662265389, 43.122595961864135], [-0.837725208974745, 43.11144668354176]]]]}}, {"type": "Feature", "properties": {"ud_kodea": "64537", "ud_iz_e": "Trois-Villes", "iz_ofizial": "Trois-Villes"}, "geometry": {"type": "MultiPolygon", "coordinates": [[[[-0.876286903970446, 43.12331849971459], [-0.880153622601874, 43.12359802015881], [-0.881665163217076, 43.12900706816616], [-0.881399956407403, 43.13860461506675], [-0.883144013222857, 43.1410065467684], [-0.883572678393011, 43.14229778210924], [-0.868392822937821, 43.15220584101508], [-0.858929115534474, 43.153675317876754], [-0.849650553510723, 43.151395628583415], [-0.84608988264558, 43.157233930270955], [-0.843805691901056, 43.14753029283029], [-0.855943799498994, 43.13767981560987], [-0.863082366328981, 43.13045673134459], [-0.876286903970446, 43.12331849971459]]]]}}, {"type": "Feature", "properties": {"ud_kodea": "64538", "ud_iz_e": "Uhart-Cize", "iz_ofizial": "Uhart-Cize"}, "geometry": {"type": "MultiPolygon", "coordinates": [[[[-1.255029004775114, 43.16351722555097], [-1.254360602981716, 43.165535231721975], [-1.250161282919519, 43.16811860727411], [-1.247821776747855, 43.17132933039389], [-1.245833734728073, 43.17028529851774], [-1.242467994985174, 43.16310177674263], [-1.24166307132572, 43.15390242959145], [-1.242431823455072, 43.14706603024396], [-1.239009886633033, 43.143618429796575], [-1.236557540806766, 43.143138417477566], [-1.243013510566604, 43.13358229002211], [-1.246523042579929, 43.12530844942249], [-1.245302731867122, 43.12254084327457], [-1.238554631326521, 43.11790034589967], [-1.237630960288739, 43.11595148716265], [-1.237223302912962, 43.11255466781571], [-1.238782742262085, 43.10485063341138], [-1.243683053088867, 43.09131071257615], [-1.245612008658423, 43.088508178527306], [-1.247458958487386, 43.088891070960116], [-1.250378912237151, 43.08645015172662], [-1.25695381029221, 43.09122803584337], [-1.251342354311004, 43.09709644720788], [-1.250012528584759, 43.10079239142638], [-1.252277958108368, 43.11050108933389], [-1.256101968563189, 43.11693620856738], [-1.263490321573401, 43.120602719905285], [-1.270376140414074, 43.12154950321758], [-1.269858136838578, 43.125805397194824], [-1.262137815357453, 43.142477095608356], [-1.255524567499062, 43.1480503395253], [-1.252261701480878, 43.15208938915634], [-1.25242055213836, 43.156486072659455], [-1.255029004775114, 43.16351722555097]]]]}}, {"type": "Feature", "properties": {"ud_kodea": "64539", "ud_iz_e": "Uhart-Mixe", "iz_ofizial": "Uhart-Mixe"}, "geometry": {"type": "MultiPolygon", "coordinates": [[[[-1.047887498816136, 43.28286739733803], [-1.043516324822874, 43.28426606937006], [-1.043429612010077, 43.2912022992198], [-1.041262821589948, 43.29612218030708], [-1.037443701474806, 43.30050570007427], [-1.035815027429984, 43.29954421988454], [-1.034182685846966, 43.29999161385941], [-1.033532753779264, 43.29731366427674], [-1.029860843736643, 43.29502954114915], [-1.025181067283925, 43.295118472340306], [-1.018604210787327, 43.29058500854315], [-1.008231077776449, 43.27722465947975], [-1.005313851294732, 43.27138013746531], [-0.993055870345435, 43.26519424421945], [-0.989893317195638, 43.260973448242375], [-0.987790528088189, 43.25259372221644], [-0.988989128461399, 43.246692311483415], [-0.989786035113623, 43.246261152037654], [-0.990504582731421, 43.24614001501389], [-0.998207023786995, 43.25222818682381], [-1.007229220477245, 43.25566660594365], [-1.018592459153011, 43.259223455818905], [-1.030837998981081, 43.270055542090404], [-1.037054185780697, 43.267275143930924], [-1.037852149806298, 43.267546142697626], [-1.038817546678398, 43.27161462547664], [-1.041949479390892, 43.27737737500261], [-1.047887498816136, 43.28286739733803]]]]}}, {"type": "Feature", "properties": {"ud_kodea": "64540", "ud_iz_e": "Urcuit", "iz_ofizial": "Urcuit"}, "geometry": {"type": "MultiPolygon", "coordinates": [[[[-1.37018709264756, 43.494912770463436], [-1.364596420314783, 43.49559856220985], [-1.356680446648647, 43.49976650528364], [-1.335081859798018, 43.502881751635705], [-1.33466056916462, 43.50285985810739], [-1.32458312106651, 43.50208750218811], [-1.319428402426749, 43.495204544303505], [-1.319528087725626, 43.48665688524759], [-1.337618755318616, 43.475637827156774], [-1.354340427197668, 43.46864693966866], [-1.361623228662554, 43.46681759958523], [-1.370632375698391, 43.46566867866697], [-1.373107162899703, 43.46635900560223], [-1.373610096334802, 43.46581518037227], [-1.37395183304504, 43.46694031985308], [-1.377872543382135, 43.469346333659324], [-1.379103249038527, 43.47312431333845], [-1.376132218168103, 43.486811817871704], [-1.369705351321894, 43.493477862446056], [-1.37018709264756, 43.494912770463436]]]]}}, {"type": "Feature", "properties": {"ud_kodea": "64543", "ud_iz_e": "Urepel", "iz_ofizial": "Urepel"}, "geometry": {"type": "MultiPolygon", "coordinates": [[[[-1.393063518427044, 43.09135973075901], [-1.389778375389933, 43.08631323879789], [-1.387566272554916, 43.07620911723375], [-1.376956311476004, 43.06779191212976], [-1.373786379932676, 43.06135686691951], [-1.372050412288423, 43.04924724356808], [-1.365543468699231, 43.03072635153261], [-1.441248125860446, 43.04627244194506], [-1.456068744452658, 43.06323621353311], [-1.443569776530679, 43.065849427700265], [-1.414824507843747, 43.081403477498725], [-1.40191746936173, 43.08976926903256], [-1.393063518427044, 43.09135973075901]]]]}}, {"type": "Feature", "properties": {"ud_kodea": "64545", "ud_iz_e": "Urrugne", "iz_ofizial": "Urrugne"}, "geometry": {"type": "MultiPolygon", "coordinates": [[[[-1.65479275789898, 43.34878306350439], [-1.659621388309359, 43.33968138490557], [-1.660229418839861, 43.333862503178516], [-1.659341127774683, 43.32930851878443], [-1.650073043803343, 43.32018360690428], [-1.645925714942136, 43.31786950544445], [-1.640540277892309, 43.31730890019794], [-1.635411672819086, 43.30902065583046], [-1.653902792584888, 43.311813782718474], [-1.668417786155448, 43.314843341877115], [-1.674282001202691, 43.31185832879049], [-1.684406056070458, 43.30966965958157], [-1.703467007764135, 43.30915484854855], [-1.707520981978172, 43.310439925396096], [-1.718154229098824, 43.321622851359606], [-1.720302767613711, 43.325773603619005], [-1.719441306135581, 43.32923938499428], [-1.730124027743896, 43.34427387107968], [-1.735277890425814, 43.34917878949233], [-1.739129801764652, 43.34912079461441], [-1.758298477081727, 43.345251253496585], [-1.760934662447168, 43.344128463758274], [-1.762016965689996, 43.344090687881234], [-1.767695482549117, 43.34852674759905], [-1.76736014755134, 43.34932381936157], [-1.760517616768848, 43.35271760172049], [-1.75515962669278, 43.357301047570154], [-1.753534656926421, 43.359893291566344], [-1.751904845354348, 43.36085808285184], [-1.751410961572866, 43.364420767886614], [-1.733000589880741, 43.37688497007462], [-1.733156210959436, 43.38012802476358], [-1.728306030337637, 43.382602333522435], [-1.717992863805605, 43.386180983965865], [-1.692555625020851, 43.39421815583305], [-1.689092464011478, 43.394654044635146], [-1.691982949477421, 43.382683986105135], [-1.692248222595916, 43.382012787153975], [-1.688471572219878, 43.379609055610075], [-1.683154263337403, 43.37762612444116], [-1.68146183159446, 43.37755251818677], [-1.680690832140463, 43.37858442982483], [-1.675959208796905, 43.3789081104136], [-1.670232583182077, 43.378055243753884], [-1.66705991670777, 43.37575630733222], [-1.667678421004865, 43.37463916581341], [-1.668341998576828, 43.372326897724264], [-1.65524732466118, 43.355594337244945], [-1.65479275789898, 43.34878306350439]]]]}}, {"type": "Feature", "properties": {"ud_kodea": "64546", "ud_iz_e": "Urt", "iz_ofizial": "Urt"}, "geometry": {"type": "MultiPolygon", "coordinates": [[[[-1.319528087725626, 43.48665688524759], [-1.319428402426749, 43.495204544303505], [-1.32458312106651, 43.50208750218811], [-1.33466056916462, 43.50285985810739], [-1.332045332912361, 43.504079042759166], [-1.322545738875756, 43.5050981096374], [-1.306463492501351, 43.502580204342145], [-1.293283177788221, 43.49812856512245], [-1.291095327046491, 43.49815125162194], [-1.287822603877871, 43.49899441372007], [-1.260169120150068, 43.513092140962534], [-1.257403263944418, 43.50950123708182], [-1.255170760070012, 43.50632093120886], [-1.252093416517097, 43.504198194519134], [-1.25117785824607, 43.49985701863567], [-1.253582970360369, 43.49432867651028], [-1.269952755565242, 43.47942727333267], [-1.271931521461225, 43.478532949123704], [-1.274984521737965, 43.47470036804197], [-1.26713066002066, 43.45689376091291], [-1.251324016889304, 43.440407789289544], [-1.256113857928668, 43.438718573567655], [-1.258462541022177, 43.438911817528535], [-1.266503000871229, 43.44134321185495], [-1.274945507026551, 43.446227765495955], [-1.280028160193545, 43.44819023645544], [-1.281459882533655, 43.45572269794184], [-1.280770707037392, 43.464269783755775], [-1.281385124269311, 43.46791708198559], [-1.301199364834228, 43.47781449605987], [-1.316925059825773, 43.484196283992695], [-1.319528087725626, 43.48665688524759]]]]}}, {"type": "Feature", "properties": {"ud_kodea": "64547", "ud_iz_e": "Ustaritz", "iz_ofizial": "Ustaritz"}, "geometry": {"type": "MultiPolygon", "coordinates": [[[[-1.51772336193908, 43.391245710877556], [-1.516764176778547, 43.39753583374831], [-1.514665817184448, 43.40153423658942], [-1.494923354215637, 43.417237136941466], [-1.484970702804164, 43.422241223018176], [-1.476780679076153, 43.43391349618935], [-1.475423998327679, 43.43837330490968], [-1.474468454890646, 43.43928327703111], [-1.460638084117905, 43.4296744029316], [-1.459700263452586, 43.42692507669577], [-1.456652436685948, 43.42417886350612], [-1.437447075830621, 43.42008063214721], [-1.422360494741426, 43.419160105010725], [-1.437362113868925, 43.40283413223678], [-1.439787723763161, 43.39127227246675], [-1.443079626193766, 43.38778968393568], [-1.447224723671069, 43.38884475799473], [-1.448961377349644, 43.38850301934075], [-1.459561920221322, 43.38421351073239], [-1.467573654311358, 43.37947213629959], [-1.471315935776945, 43.37563121499779], [-1.477929271484927, 43.37412038506819], [-1.479289554019509, 43.374885816697706], [-1.482125449121146, 43.37413755536538], [-1.498390630487699, 43.36646885841601], [-1.499213914206148, 43.36459821230038], [-1.501366959649515, 43.36485550247907], [-1.51772336193908, 43.391245710877556]]]]}}, {"type": "Feature", "properties": {"ud_kodea": "64558", "ud_iz_e": "Villefranque", "iz_ofizial": "Villefranque"}, "geometry": {"type": "MultiPolygon", "coordinates": [[[[-1.406505195827828, 43.43016901686718], [-1.409498316732506, 43.42718535591456], [-1.420003058787556, 43.41994663166392], [-1.422360494741426, 43.419160105010725], [-1.437447075830621, 43.42008063214721], [-1.456652436685948, 43.42417886350612], [-1.459700263452586, 43.42692507669577], [-1.460638084117905, 43.4296744029316], [-1.474468454890646, 43.43928327703111], [-1.475117280257714, 43.44318529035617], [-1.482998244082779, 43.455243292213396], [-1.484538654456786, 43.45629419377445], [-1.485978848463263, 43.4578511561795], [-1.482070306091826, 43.45960169729168], [-1.480747522924651, 43.46156412422564], [-1.481863779074166, 43.46440784580389], [-1.468935241144307, 43.4715789097519], [-1.466860502726421, 43.47164557451597], [-1.458746928600911, 43.47010827504619], [-1.454153507662638, 43.46722718979706], [-1.451974268136482, 43.464059283487074], [-1.454635366753, 43.460772539126935], [-1.452434557649124, 43.45473733880772], [-1.443768451689026, 43.4492010837463], [-1.434377158633289, 43.445671815326456], [-1.423199926227554, 43.443666410475835], [-1.406505195827828, 43.43016901686718]]]]}}, {"type": "Feature", "properties": {"ud_kodea": "64559", "ud_iz_e": "Viodos-Abense-de-Bas", "iz_ofizial": "Viodos-Abense-de-Bas"}, "geometry": {"type": "MultiPolygon", "coordinates": [[[[-0.873045760374703, 43.242668208106515], [-0.87309216656375, 43.23855256755356], [-0.875380597401388, 43.232974017745505], [-0.877135011238664, 43.23090985374351], [-0.884071557197089, 43.23304699690336], [-0.891581335768609, 43.233448277547424], [-0.903356266046633, 43.2321304635368], [-0.919335260924579, 43.23153052932603], [-0.922599725776467, 43.23463435815034], [-0.920172036715651, 43.24707117732352], [-0.916690336830721, 43.255943695756805], [-0.916212903891081, 43.262177269181485], [-0.914884760761964, 43.26287210473315], [-0.885798183340162, 43.26314299298515], [-0.871974491300231, 43.261926676934785], [-0.867546548657602, 43.260527325105336], [-0.865452938332975, 43.25951706527843], [-0.86656648470571, 43.25741567607551], [-0.870111679855976, 43.25569094095483], [-0.872723486593189, 43.255354104093115], [-0.874982273651794, 43.25220283678218], [-0.874992423545232, 43.24808125643276], [-0.873045760374703, 43.242668208106515]]]]}}, {"type": "Feature", "properties": {"ud_kodea": "65472", "ud_iz_e": "Villefranque", "iz_ofizial": "Villefranque"}, "geometry": {"type": "MultiPolygon", "coordinates": [[[[-0.009932385631123, 43.51421042343376], [-0.000291086658108, 43.51534283517437], [0.000416249697303, 43.51108479794178], [0.004019140969122, 43.50644943479084], [0.012560092508657, 43.5029828525845], [0.01245542780268, 43.49881136920924], [0.009767876227522, 43.498882234442675], [0.002808785394881, 43.499419358786255], [-0.001802615923211, 43.49781970891261], [-0.005717413946552, 43.49489495056756], [-0.010794796403915, 43.48792040859769], [-0.014028991838323, 43.486398075930666], [-0.015475700275392, 43.486467681815704], [-0.012218881781297, 43.497725281948284], [-0.009932385631123, 43.51421042343376]]]]}}, {"type": "Feature", "properties": {"ud_kodea": "82166", "ud_iz_e": "Saint-Michel", "iz_ofizial": "Saint-Michel"}, "geometry": {"type": "MultiPolygon", "coordinates": [[[[0.919092000098307, 44.068513491237084], [0.923669503762765, 44.06903525468783], [0.925939992463715, 44.060219899029185], [0.944754495161054, 44.05917201926873], [0.95717922145307, 44.061061165571196], [0.961330503007952, 44.05029150230719], [0.96986919975433, 44.05028274420985], [0.970732408137044, 44.047182767679594], [0.968821556811249, 44.04308331672262], [0.959605787158243, 44.03732095744971], [0.941705266334945, 44.02758646810119], [0.92969121746744, 44.028652654998275], [0.922897975920785, 44.02677009115189], [0.91913543845091, 44.02995774958666], [0.915978542137891, 44.03673831046047], [0.904339441891816, 44.04287685457626], [0.913428336253995, 44.04884412859037], [0.919974187873799, 44.05558074037249], [0.922777373730052, 44.06087209988872], [0.919092000098307, 44.068513491237084]]]]}}]}