{"type": "FeatureCollection", "features": [{"type": "Feature", "properties": {"ud_kodea": "31157", "ud_iz_e": "Lodosa", "iz_ofizial": "Lodosa"}, "geometry": {"type": "Polygon", "coordinates": [[[-2.0552782919999686, 42.444857832000025], [-2.0859324809999293, 42.45488665700003], [-2.090420465999955, 42.44392635000003], [-2.102985826999941, 42.44785288400004], [-2.106173210999941, 42.44432949700007], [-2.10513885499995, 42.41592593200005], [-2.0824094119999472, 42.37482194800003], [-2.078698759999952, 42.36811159600006], [-2.0897084729999733, 42.35671704900005], [-2.090019308999956, 42.346957108000026], [-2.070043792999968, 42.342510642000036], [-2.0700407289999703, 42.34250995900004], [-2.0518100569999547, 42.351177445000076], [-2.0407791649999467, 42.35671260300006], [-2.0463588029999755, 42.35812683000006], [-2.057060258999968, 42.36083924600007], [-2.057137290999947, 42.37354714700007], [-2.067937937999943, 42.38319068000004], [-2.056241906999958, 42.40007998700003], [-2.0306458289999796, 42.41155601400004], [-2.025739605999945, 42.41760229500005], [-2.048327770999947, 42.42767142500003], [-2.0552782919999686, 42.444857832000025]]]}}, {"type": "Feature", "properties": {"ud_kodea": "31158", "ud_iz_e": "Lónguida/Longida", "iz_ofizial": "Lónguida/Longida"}, "geometry": {"type": "Polygon", "coordinates": [[[-1.4013939859999596, 42.839885835000075], [-1.4105582399999435, 42.82942361400006], [-1.3983474099999285, 42.82709212000003], [-1.4014425789999336, 42.81712184300005], [-1.4112453909999658, 42.81166625800006], [-1.4238342169999783, 42.82309649100006], [-1.4267273259999342, 42.82092104000003], [-1.4203653669999312, 42.799338446000036], [-1.4261650759999611, 42.788594310000065], [-1.42209541699998, 42.78034368200008], [-1.4366197589999388, 42.775427999000044], [-1.4399592019999545, 42.76705379100008], [-1.4326317639999502, 42.76101037900003], [-1.387336308999977, 42.74518076000004], [-1.3519430269999475, 42.722064972000055], [-1.3223348849999752, 42.72717307000005], [-1.3000630899999805, 42.74123473800006], [-1.308599883999932, 42.75032123700004], [-1.3047820309999452, 42.75725272400007], [-1.3113707129999739, 42.76437406100007], [-1.2976990639999713, 42.78518937000007], [-1.2800137909999307, 42.789859687000046], [-1.2823110069999757, 42.811569219000035], [-1.3012861389999557, 42.81137505400005], [-1.313835178999966, 42.82396950100008], [-1.324881737999931, 42.82306009400003], [-1.3261533149999423, 42.82988643900006], [-1.3330168619999654, 42.83261604900008], [-1.3431962919999592, 42.82254313100003], [-1.353615644999934, 42.82035218500005], [-1.3651575359999697, 42.83542085100004], [-1.3814506019999726, 42.837939696000035], [-1.393772728999977, 42.83508752700004], [-1.4013939859999596, 42.839885835000075]], [[-1.3425096369999778, 42.803370579000045], [-1.3200958859999332, 42.801026781000076], [-1.319797365999932, 42.78855944900005], [-1.3308603899999412, 42.78407478200006], [-1.3312655239999458, 42.778551538000045], [-1.3384563349999326, 42.78255521900007], [-1.351004469999964, 42.78143996400007], [-1.3570069669999612, 42.78651501600007], [-1.369880448999936, 42.763231922000045], [-1.3805329219999294, 42.76529817000005], [-1.3875418329999434, 42.76231938300003], [-1.3769764179999697, 42.773706497000035], [-1.3820153519999394, 42.782981051000036], [-1.386708619999979, 42.78161542400005], [-1.3853395209999348, 42.785846495000044], [-1.387345699999969, 42.79474477300005], [-1.3819713539999725, 42.801566765000075], [-1.3608282279999457, 42.80108597000003], [-1.3534638849999396, 42.79564926300003], [-1.3425096369999778, 42.803370579000045]]]}}, {"type": "Feature", "properties": {"ud_kodea": "31159", "ud_iz_e": "Lumbier", "iz_ofizial": "Lumbier"}, "geometry": {"type": "MultiPolygon", "coordinates": [[[[-1.3092989879999664, 42.68681847600004], [-1.3190140269999802, 42.687312717000054], [-1.3245784079999794, 42.67375143100003], [-1.3186997949999295, 42.67045041500006], [-1.3252591749999283, 42.66521555700007], [-1.3221449579999671, 42.658514995000075], [-1.351437313999952, 42.65071861400003], [-1.3548127089999298, 42.64253645900004], [-1.3508864219999737, 42.637400987000035], [-1.3567458969999393, 42.63164980700003], [-1.323055601999954, 42.61371828600005], [-1.3103804479999326, 42.618511848000026], [-1.3037687139999434, 42.625366220000046], [-1.2826020659999244, 42.630598031000034], [-1.2400020769999287, 42.63240075300007], [-1.2190758079999569, 42.63492288500004], [-1.2085202279999407, 42.64193540700006], [-1.171642960999975, 42.64625137200005], [-1.1762970779999478, 42.65813129500003], [-1.1936800489999655, 42.66328766200007], [-1.2651535909999438, 42.652875118000054], [-1.2692958989999283, 42.66847166100007], [-1.2837432659999308, 42.67203909700004], [-1.2810363469999402, 42.68036429500006], [-1.3073237959999346, 42.67729783200008], [-1.3092989879999664, 42.68681847600004]]], [[[-1.3881577759999573, 42.64171373500005], [-1.384737702999928, 42.65179646900003], [-1.396036937999952, 42.66118565800008], [-1.4095167829999582, 42.66022052000005], [-1.419093739999937, 42.641586594000046], [-1.3881577759999573, 42.64171373500005]]]]}}, {"type": "Feature", "properties": {"ud_kodea": "31160", "ud_iz_e": "Luquin", "iz_ofizial": "Luquin"}, "geometry": {"type": "MultiPolygon", "coordinates": [[[[-2.1472091569999634, 42.52867444700007], [-2.1447898119999422, 42.55696102400003], [-2.150299762999964, 42.561153630000035], [-2.1582403149999436, 42.559501183000066], [-2.166391841999939, 42.55386923100008], [-2.1584578639999563, 42.54422024100006], [-2.1576665039999625, 42.52517651100004], [-2.1482302909999476, 42.517145792000065], [-2.1472091569999634, 42.52867444700007]]], [[[-2.0855327909999346, 42.61000540400005], [-2.079277769999976, 42.61458243000004], [-2.0812304759999734, 42.61766914300006], [-2.0794368779999672, 42.61994370700006], [-2.08598034299996, 42.62088933300004], [-2.097510546999956, 42.61552177600004], [-2.109155954999949, 42.608579579000036], [-2.1243074649999585, 42.60265377700006], [-2.134002407999958, 42.591814284000066], [-2.1244832739999424, 42.592703957000026], [-2.1058972929999413, 42.60713140000007], [-2.090342869999972, 42.60703582100007], [-2.0855327909999346, 42.61000540400005]]]]}}, {"type": "Feature", "properties": {"ud_kodea": "31161", "ud_iz_e": "Mañeru", "iz_ofizial": "Mañeru"}, "geometry": {"type": "Polygon", "coordinates": [[[-1.858859268999936, 42.68455369600008], [-1.8728453399999694, 42.69006838100006], [-1.867295965999972, 42.675019759000065], [-1.8736260009999341, 42.66577962200006], [-1.8746869969999693, 42.63333453900003], [-1.862440385999946, 42.62740512600004], [-1.8456400639999515, 42.640240911000035], [-1.8389736209999796, 42.636139068000034], [-1.8335572499999557, 42.640118510000036], [-1.850199947999954, 42.65836057000007], [-1.8383556339999245, 42.66017722600003], [-1.8427876349999792, 42.668570026000054], [-1.8557677669999748, 42.676760297000044], [-1.858859268999936, 42.68455369600008]]]}}, {"type": "Feature", "properties": {"ud_kodea": "31162", "ud_iz_e": "Marañón", "iz_ofizial": "Marañón"}, "geometry": {"type": "Polygon", "coordinates": [[[-2.4211849579999694, 42.61341771000008], [-2.4329409269999474, 42.61715072000004], [-2.438233716999946, 42.634674594000046], [-2.454020747999948, 42.636567798000044], [-2.459538059999943, 42.63722944500006], [-2.468911825999953, 42.62725959000005], [-2.470212230999948, 42.62587649200003], [-2.467891192999957, 42.62372134900005], [-2.4601610569999366, 42.61654372300006], [-2.4438505219999342, 42.61614161600005], [-2.4186102229999733, 42.60712880700004], [-2.4186068169999544, 42.60712759000006], [-2.4211849579999694, 42.61341771000008]]]}}, {"type": "Feature", "properties": {"ud_kodea": "31163", "ud_iz_e": "Marcilla", "iz_ofizial": "Marcilla"}, "geometry": {"type": "Polygon", "coordinates": [[[-1.6979259019999517, 42.38081886100008], [-1.7078558299999713, 42.39948306100007], [-1.7227567519999525, 42.39627285200004], [-1.7163600149999638, 42.357206491000056], [-1.705455436999955, 42.34126968100003], [-1.7442119649999768, 42.33538766800007], [-1.7462893549999308, 42.329799714000046], [-1.7617821659999322, 42.32641087300004], [-1.750495786999977, 42.30736712400005], [-1.726141995999967, 42.30391993100005], [-1.705553130999931, 42.30986743400007], [-1.7143290779999347, 42.317441064000036], [-1.6999505949999616, 42.32976098900008], [-1.7016928009999788, 42.34183051000008], [-1.7122829949999527, 42.357962970000074], [-1.6935661299999651, 42.36143391300004], [-1.6979259019999517, 42.38081886100008]]]}}, {"type": "Feature", "properties": {"ud_kodea": "31164", "ud_iz_e": "Mélida", "iz_ofizial": "Mélida"}, "geometry": {"type": "MultiPolygon", "coordinates": [[[[-1.5422910989999536, 42.37488381400004], [-1.55208184199995, 42.360553638000056], [-1.5590533359999768, 42.36711662100004], [-1.5665658539999754, 42.36013230400005], [-1.576699744999928, 42.369516549000025], [-1.5847498349999682, 42.36743676000003], [-1.5623244029999341, 42.35176684600003], [-1.5590997519999519, 42.33454342700003], [-1.53879255399994, 42.31725645400007], [-1.5218514499999287, 42.326639519000025], [-1.508956755999975, 42.34178229200006], [-1.497890444999939, 42.33800848200008], [-1.5042293439999526, 42.361452245000066], [-1.5051049809999313, 42.36805584500007], [-1.527675492999947, 42.37142783300004], [-1.5312495459999695, 42.36659264000008], [-1.5422910989999536, 42.37488381400004]]], [[[-1.4451930379999567, 42.31155844800003], [-1.4687741199999778, 42.325834720000046], [-1.4772796369999242, 42.320886822000034], [-1.467763669999954, 42.31396067900005], [-1.4541522569999756, 42.30938314300005], [-1.4451930379999567, 42.31155844800003]]]]}}, {"type": "Feature", "properties": {"ud_kodea": "31165", "ud_iz_e": "Mendavia", "iz_ofizial": "Mendavia"}, "geometry": {"type": "Polygon", "coordinates": [[[-2.1622244649999516, 42.48837668200008], [-2.1979455009999356, 42.49535957100005], [-2.2079790079999384, 42.480416700000035], [-2.2224430889999667, 42.471717150000075], [-2.2814405499999566, 42.486736551000035], [-2.2838529069999254, 42.47364836400004], [-2.2859552829999643, 42.463794578000034], [-2.2871841709999785, 42.45803481400003], [-2.2814191829999686, 42.45619141600008], [-2.27853775899996, 42.45527006000003], [-2.278216909999969, 42.45515228600004], [-2.2575890219999337, 42.44758042800004], [-2.2379651549999267, 42.44035507500007], [-2.237895637999941, 42.44024041600005], [-2.2361890479999715, 42.437425371000074], [-2.237811894999936, 42.435042517000056], [-2.2412019069999474, 42.43006490200003], [-2.2375894609999705, 42.42749469200004], [-2.2375860619999344, 42.427492276000066], [-2.2375850629999263, 42.427491875000044], [-2.232614129999945, 42.42550483000008], [-2.214073548999977, 42.420296361000055], [-2.2113918709999325, 42.41954301900006], [-2.193909264999945, 42.417653621000056], [-2.184311725999976, 42.41661637200008], [-2.1821645339999804, 42.41638431700005], [-2.1571500119999314, 42.41559071900008], [-2.1543306709999683, 42.417852147000076], [-2.154324899999949, 42.417856776000065], [-2.1543241699999385, 42.41785736200006], [-2.139738632999979, 42.420549668000035], [-2.133038640999928, 42.42117398500005], [-2.133033025999964, 42.421174508000036], [-2.133032734999972, 42.42117453600008], [-2.129375593999953, 42.43888845600003], [-2.118563334999976, 42.44695604800006], [-2.1456695539999373, 42.48170728800005], [-2.154112310999949, 42.480869418000054], [-2.1622244649999516, 42.48837668200008]]]}}, {"type": "Feature", "properties": {"ud_kodea": "31166", "ud_iz_e": "Mendaza", "iz_ofizial": "Mendaza"}, "geometry": {"type": "Polygon", "coordinates": [[[-2.253383443999951, 42.68981311600004], [-2.2640580099999283, 42.68831529800008], [-2.2610631059999378, 42.683630409000045], [-2.264564489999941, 42.68114520300003], [-2.2758407049999505, 42.68175333600004], [-2.267735840999933, 42.67139064100007], [-2.2907006239999532, 42.671200542000065], [-2.2921429149999426, 42.671188603000076], [-2.304005540999981, 42.671090406000076], [-2.3088246549999667, 42.67105051400006], [-2.3096634429999767, 42.67104357100004], [-2.326301687999944, 42.66596311500007], [-2.2908483159999378, 42.653053621000026], [-2.290845850999972, 42.65305272400008], [-2.2550646979999556, 42.64002387600004], [-2.2627558929999623, 42.62807823400004], [-2.2697081349999735, 42.626943088000075], [-2.275933979999934, 42.617977162000045], [-2.2730544939999504, 42.609754828000064], [-2.272522485999957, 42.60518553400004], [-2.268104659999949, 42.60246480100005], [-2.261762537999971, 42.605846263000046], [-2.2544594259999258, 42.59773001000008], [-2.250493550999977, 42.60114420700006], [-2.2596131539999647, 42.62365431100005], [-2.256523116999972, 42.62713740600003], [-2.239510248999977, 42.62278631400005], [-2.2206866419999756, 42.64339736200003], [-2.216238017999956, 42.66059449200003], [-2.2075171349999323, 42.661308940000026], [-2.208034639999937, 42.67102182900004], [-2.219304594999926, 42.68367830600005], [-2.2331759939999642, 42.68820274500007], [-2.244260294999947, 42.682125658000075], [-2.253383443999951, 42.68981311600004]]]}}, {"type": "Feature", "properties": {"ud_kodea": "31168", "ud_iz_e": "Metauten", "iz_ofizial": "Metauten"}, "geometry": {"type": "Polygon", "coordinates": [[[-2.1264896479999607, 42.712464682000075], [-2.1327691499999446, 42.707883726000034], [-2.1464682229999426, 42.708869080000056], [-2.1443465109999806, 42.69442663600006], [-2.1587996589999534, 42.68818490800004], [-2.1573271949999366, 42.678826482000034], [-2.1444948259999705, 42.67650706300003], [-2.1433663279999564, 42.671854145000054], [-2.1285236239999676, 42.663076560000036], [-2.1286409699999354, 42.65591759000006], [-2.113102825999931, 42.660328682000056], [-2.1028961679999725, 42.65737644700005], [-2.083063331999938, 42.664459744000055], [-2.095167053999944, 42.685547616000065], [-2.092218263999939, 42.689387588000045], [-2.1264896479999607, 42.712464682000075]]]}}, {"type": "Feature", "properties": {"ud_kodea": "31169", "ud_iz_e": "Milagro", "iz_ofizial": "Milagro"}, "geometry": {"type": "Polygon", "coordinates": [[[-1.784133504999943, 42.26672479000007], [-1.7911738509999395, 42.240924989000064], [-1.8182267609999485, 42.24454970600004], [-1.8273542849999558, 42.24577266800003], [-1.8334387069999707, 42.24658789700004], [-1.8369550339999705, 42.24705903800003], [-1.8171025019999547, 42.22968558500003], [-1.8168885549999345, 42.22949835500003], [-1.8168837109999458, 42.22949411700006], [-1.8000468349999323, 42.222790313000075], [-1.8000455399999282, 42.222789797000075], [-1.7902891039999531, 42.22292145500006], [-1.7895483369999283, 42.22357412800005], [-1.7876023229999305, 42.22528871800006], [-1.782942405999961, 42.22467888600005], [-1.7799635719999287, 42.22428905500004], [-1.725407984999947, 42.21452837100003], [-1.725403412999981, 42.21452755300004], [-1.7173721579999324, 42.22967651700003], [-1.726575251999975, 42.23783933800007], [-1.7229073829999493, 42.23882523100008], [-1.7503841359999797, 42.25594208100006], [-1.756698427999936, 42.25110249100004], [-1.7712692179999294, 42.26670472600006], [-1.7806304039999645, 42.262896055000056], [-1.784133504999943, 42.26672479000007]]]}}, {"type": "Feature", "properties": {"ud_kodea": "31170", "ud_iz_e": "Mirafuentes", "iz_ofizial": "Mirafuentes"}, "geometry": {"type": "Polygon", "coordinates": [[[-2.2880032979999783, 42.62884133800003], [-2.292451605999929, 42.61726076600007], [-2.2847450299999537, 42.611989677000054], [-2.284927590999928, 42.61520586300003], [-2.2791915379999637, 42.61462955200005], [-2.2730544939999504, 42.609754828000064], [-2.275933979999934, 42.617977162000045], [-2.2697081349999735, 42.626943088000075], [-2.2819280329999287, 42.62901961500006], [-2.2880032979999783, 42.62884133800003]]]}}, {"type": "Feature", "properties": {"ud_kodea": "31171", "ud_iz_e": "Miranda de Arga", "iz_ofizial": "Miranda de Arga"}, "geometry": {"type": "Polygon", "coordinates": [[[-1.7944547589999615, 42.513501750000046], [-1.8298165499999755, 42.51153582100005], [-1.8330204559999288, 42.50531726300005], [-1.8569414249999454, 42.51326849700007], [-1.884215438999945, 42.50259551100004], [-1.892724287999954, 42.48456774400006], [-1.8842461629999434, 42.456369754000036], [-1.8506901659999357, 42.44516835100006], [-1.8156182159999616, 42.45894124600005], [-1.7738338889999454, 42.46493180200008], [-1.7604033789999676, 42.46073473600006], [-1.764639360999979, 42.48591523600004], [-1.7944547589999615, 42.513501750000046]]]}}, {"type": "Feature", "properties": {"ud_kodea": "53083", "ud_iz_e": " ", "iz_ofizial": " "}, "geometry": {"type": "Polygon", "coordinates": [[[-2.1191710299999613, 42.62285869500005], [-2.1281742149999445, 42.61733508200007], [-2.1282034409999255, 42.60998676100007], [-2.1357164859999784, 42.61558783700008], [-2.1355995109999526, 42.60764742400005], [-2.1339030529999263, 42.598989397000025], [-2.14471975999993, 42.59508114300007], [-2.14716902899994, 42.58398071900007], [-2.134002407999958, 42.591814284000066], [-2.1243074649999585, 42.60265377700006], [-2.109155954999949, 42.608579579000036], [-2.1095991219999632, 42.615120957000045], [-2.097191928999962, 42.62105760000003], [-2.1080134599999383, 42.61859377800005], [-2.1191710299999613, 42.62285869500005]]]}}, {"type": "Feature", "properties": {"ud_kodea": "53078", "ud_iz_e": " ", "iz_ofizial": " "}, "geometry": {"type": "Polygon", "coordinates": [[[-1.5042293439999526, 42.361452245000066], [-1.497890444999939, 42.33800848200008], [-1.508956755999975, 42.34178229200006], [-1.5218514499999287, 42.326639519000025], [-1.53879255399994, 42.31725645400007], [-1.5923535099999526, 42.288459481000075], [-1.5888231489999498, 42.28251730800008], [-1.6062329999999747, 42.26352971500006], [-1.6142557109999416, 42.260925189000034], [-1.627173450999976, 42.26065719600007], [-1.6398954199999594, 42.27456994700003], [-1.6797741799999244, 42.28527567500004], [-1.6803948639999362, 42.277618751000034], [-1.6811338489999343, 42.26428052700004], [-1.6637490949999574, 42.25902700900008], [-1.6448999689999368, 42.25096164400003], [-1.596433784999931, 42.225378231000036], [-1.5910444519999487, 42.229616941000074], [-1.577979265999943, 42.22431323700005], [-1.552411822999943, 42.23867302100007], [-1.5568076809999525, 42.24360969400004], [-1.5537609139999518, 42.24805620600006], [-1.5489689709999652, 42.24664486200004], [-1.5490154119999602, 42.254138287000046], [-1.5625127369999632, 42.263521225000034], [-1.5553417609999656, 42.27331964000007], [-1.5383966269999405, 42.269853785000066], [-1.5317266179999365, 42.26258181700007], [-1.5162374299999328, 42.25769949800008], [-1.5170901289999392, 42.23216981000007], [-1.527086681999947, 42.227033660000075], [-1.5274749379999548, 42.218641640000044], [-1.5214755679999712, 42.21353908200007], [-1.5322537269999543, 42.16451398000004], [-1.56043916699997, 42.13869964200006], [-1.5714347219999354, 42.130794655000045], [-1.5662367799999402, 42.124686705000045], [-1.5457264199999372, 42.119601311000054], [-1.50810957799996, 42.12715163400003], [-1.4911222859999498, 42.13689016200004], [-1.4856922789999771, 42.13321625200007], [-1.4886572299999443, 42.11690931600003], [-1.4992131519999248, 42.11093282100006], [-1.5125470599999744, 42.08588038700003], [-1.5230243949999362, 42.07880181100006], [-1.5010861039999668, 42.079174704000025], [-1.4874359079999522, 42.06702647000003], [-1.480405497999925, 42.066348127000026], [-1.4711274919999369, 42.06968328100004], [-1.4716649129999269, 42.078012095000076], [-1.4671849289999273, 42.07981657500005], [-1.449054996999962, 42.06972928400006], [-1.3937738199999785, 42.06086324600005], [-1.3752033669999264, 42.04454389800003], [-1.3706844669999327, 42.03793230900004], [-1.376329109999972, 42.02690783200006], [-1.3949063019999244, 42.02164841900003], [-1.4291199509999615, 41.999813440000025], [-1.4195308579999733, 41.98792230200007], [-1.4195089699999244, 41.98789515900006], [-1.418630822999944, 41.98740500500003], [-1.376909747999946, 41.964117627000064], [-1.374992236999958, 41.96304733300008], [-1.3741719019999437, 41.96258944900006], [-1.3710961029999567, 41.96087263700008], [-1.3304087089999257, 42.024602178000066], [-1.3282564069999694, 42.02797338100004], [-1.3442675789999612, 42.07100248900008], [-1.348831673999939, 42.07216845800008], [-1.3523370299999442, 42.073063955000066], [-1.3523372709999535, 42.07306423000006], [-1.3523595299999442, 42.073089623000044], [-1.3989349219999667, 42.12620410900007], [-1.3989409979999436, 42.12621101700006], [-1.3989447669999322, 42.126228473000026], [-1.4152772869999808, 42.20167074500006], [-1.4162984289999372, 42.206387550000045], [-1.4175913209999749, 42.212359615000025], [-1.4175235819999443, 42.21291546400005], [-1.4164204529999438, 42.22196738400004], [-1.4164178509999488, 42.22198870500006], [-1.4164141149999523, 42.22200288300007], [-1.3978811499999324, 42.292272842000045], [-1.39779045399996, 42.29261672800004], [-1.3977886189999253, 42.29262368500008], [-1.3977886059999491, 42.292623742000046], [-1.3977915729999495, 42.29262735900005], [-1.4085621329999753, 42.30577846600005], [-1.418879623999942, 42.30606529200003], [-1.432601267999928, 42.31584483000006], [-1.4451930379999567, 42.31155844800003], [-1.4541522569999756, 42.30938314300005], [-1.467763669999954, 42.31396067900005], [-1.4772796369999242, 42.320886822000034], [-1.4687741199999778, 42.325834720000046], [-1.4816134069999407, 42.33343524800006], [-1.5042293439999526, 42.361452245000066]]]}}, {"type": "Feature", "properties": {"ud_kodea": "31903", "ud_iz_e": "Berriozar", "iz_ofizial": "Berriozar"}, "geometry": {"type": "Polygon", "coordinates": [[[-1.6658897349999506, 42.833422288000065], [-1.6601868949999243, 42.847538662000034], [-1.6710800239999344, 42.854252666000036], [-1.6805335019999461, 42.83810356400005], [-1.670907945999943, 42.83048195100008], [-1.6658897349999506, 42.833422288000065]]]}}, {"type": "Feature", "properties": {"ud_kodea": "31904", "ud_iz_e": "Irurtzun", "iz_ofizial": "Irurtzun"}, "geometry": {"type": "Polygon", "coordinates": [[[-1.81422820399996, 42.93070619700006], [-1.825787810999941, 42.940190545000064], [-1.8288883919999535, 42.93761992900005], [-1.8277561009999772, 42.93011621200003], [-1.8369694489999802, 42.92044873800006], [-1.8350488309999378, 42.913144155000055], [-1.8196911179999802, 42.90966403700003], [-1.8108249529999512, 42.92797843900007], [-1.81422820399996, 42.93070619700006]]]}}, {"type": "Feature", "properties": {"ud_kodea": "31905", "ud_iz_e": "Beriáin", "iz_ofizial": "Beriáin"}, "geometry": {"type": "Polygon", "coordinates": [[[-1.6337724949999597, 42.71999294300008], [-1.628503124999952, 42.73410418800006], [-1.636480302999928, 42.74468152500003], [-1.6630403009999668, 42.733377982000036], [-1.6507915699999671, 42.72532773900008], [-1.6529121399999553, 42.71933718900004], [-1.6466111539999702, 42.71817320300005], [-1.6337724949999597, 42.71999294300008]]]}}, {"type": "Feature", "properties": {"ud_kodea": "31906", "ud_iz_e": "Orkoien", "iz_ofizial": "Orkoien"}, "geometry": {"type": "Polygon", "coordinates": [[[-1.6939346839999416, 42.834502034000025], [-1.7059022219999633, 42.83916756100007], [-1.7110287539999263, 42.833858330000055], [-1.7214829219999501, 42.83301199600004], [-1.7242604019999703, 42.82825233700004], [-1.7255122949999304, 42.82448416100004], [-1.716781697999977, 42.81955075600007], [-1.692786172999945, 42.81468679300008], [-1.6852856669999596, 42.82058028500006], [-1.6939346839999416, 42.834502034000025]]]}}, {"type": "Feature", "properties": {"ud_kodea": "31907", "ud_iz_e": "Zizur Mayor/Zizur Nagusia", "iz_ofizial": "Zizur Mayor/Zizur Nagusia"}, "geometry": {"type": "Polygon", "coordinates": [[[-1.7027786339999693, 42.80126573200005], [-1.7115783129999613, 42.80327422600004], [-1.7134054389999278, 42.79949454600006], [-1.6989390479999429, 42.77673716600003], [-1.6885026269999344, 42.77601476700005], [-1.6827653819999568, 42.781982423000045], [-1.683417651999946, 42.791580371000066], [-1.6764421229999584, 42.79244549400005], [-1.6840174459999275, 42.80186203100004], [-1.6977473069999292, 42.79859718300003], [-1.7027786339999693, 42.80126573200005]]]}}, {"type": "Feature", "properties": {"ud_kodea": "31153", "ud_iz_e": "Lesaka", "iz_ofizial": "Lesaka"}, "geometry": {"type": "Polygon", "coordinates": [[[-1.71000136899994, 43.27781669400008], [-1.7111278159999301, 43.29042658600008], [-1.7274803309999243, 43.29183435200008], [-1.7289761779999253, 43.296118782000065], [-1.7289810389999616, 43.29611840500007], [-1.7289851889999568, 43.29611808400006], [-1.7394413699999518, 43.29530857300006], [-1.7436325869999791, 43.29498409100006], [-1.7732880939999518, 43.28907498600006], [-1.7833169079999607, 43.28680515700006], [-1.7833176719999528, 43.28680497900007], [-1.7837580119999643, 43.286382478000064], [-1.812639990999969, 43.25867012000003], [-1.7949807369999462, 43.248980233000054], [-1.794651207999948, 43.248799416000054], [-1.7702201309999737, 43.235393732000034], [-1.7621150279999256, 43.228778076000026], [-1.7605196949999709, 43.21939609000003], [-1.7427832659999467, 43.22572186100007], [-1.7307160419999263, 43.22334644500006], [-1.7046384189999344, 43.23782138900003], [-1.6986526649999405, 43.23493512600004], [-1.6731414559999394, 43.23975655000004], [-1.6694055839999464, 43.24616931500003], [-1.6805845939999244, 43.25212468700005], [-1.6802240419999634, 43.257406106000076], [-1.6910268019999535, 43.281635143000074], [-1.6987857909999775, 43.28074218300003], [-1.6977793639999277, 43.27592235800006], [-1.71000136899994, 43.27781669400008]]]}}, {"type": "Feature", "properties": {"ud_kodea": "31035", "ud_iz_e": "Armañanzas", "iz_ofizial": "Armañanzas"}, "geometry": {"type": "Polygon", "coordinates": [[[-2.274335525999959, 42.56774283200008], [-2.284542976999944, 42.57850566700006], [-2.295014227999957, 42.579237083000066], [-2.3067641929999354, 42.576760154000056], [-2.2967161419999798, 42.558993877000034], [-2.301563809999948, 42.55140481600006], [-2.2858509059999506, 42.517239493000034], [-2.2936208969999257, 42.489928321000036], [-2.2814405499999566, 42.486736551000035], [-2.282432539999945, 42.54894510200006], [-2.274335525999959, 42.56774283200008]]]}}, {"type": "Feature", "properties": {"ud_kodea": "31036", "ud_iz_e": "Arróniz", "iz_ofizial": "Arróniz"}, "geometry": {"type": "Polygon", "coordinates": [[[-2.0694347029999562, 42.60134756100007], [-2.0855327909999346, 42.61000540400005], [-2.090342869999972, 42.60703582100007], [-2.1001148249999346, 42.59638753000007], [-2.127094601999943, 42.58199815900008], [-2.1447898119999422, 42.55696102400003], [-2.1472091569999634, 42.52867444700007], [-2.1380273389999616, 42.521689337000055], [-2.131282619999979, 42.50499597800007], [-2.1212391049999724, 42.49908374800003], [-2.0877801599999657, 42.49848907400008], [-2.0811006379999526, 42.50253328900004], [-2.0848983579999754, 42.52335777400003], [-2.089527880999981, 42.534039301000064], [-2.086023351999927, 42.548906663000025], [-2.057967711999936, 42.57925331400003], [-2.0694347029999562, 42.60134756100007]]]}}, {"type": "Feature", "properties": {"ud_kodea": "31037", "ud_iz_e": "Arruazu", "iz_ofizial": "Arruazu"}, "geometry": {"type": "Polygon", "coordinates": [[[-1.9891147669999327, 42.95383421200006], [-2.010229795999976, 42.95660323900006], [-2.0096964299999627, 42.94838602600004], [-2.0148104799999373, 42.94843016400006], [-2.017979607999962, 42.938768046000064], [-2.0071908149999445, 42.92752676900005], [-2.014515575999951, 42.91772961000004], [-2.0074788279999325, 42.91232881700006], [-1.9921353549999594, 42.91935680300003], [-1.9819385879999345, 42.928826773000026], [-1.993377005999946, 42.928927961000056], [-2.005181388999972, 42.93056201300004], [-2.008020131999956, 42.937700654000025], [-2.0052675579999573, 42.94805043000008], [-1.9929654319999486, 42.947744784000065], [-1.9891147669999327, 42.95383421200006]]]}}, {"type": "Feature", "properties": {"ud_kodea": "31038", "ud_iz_e": "Artajona", "iz_ofizial": "Artajona"}, "geometry": {"type": "Polygon", "coordinates": [[[-1.7017056639999737, 42.61129650500004], [-1.7042176819999781, 42.617736828000034], [-1.7172304739999618, 42.61521767800008], [-1.732304438999961, 42.62222959700006], [-1.7423271789999717, 42.620439927000064], [-1.748928436999961, 42.625690312000074], [-1.7709701389999282, 42.625991948000035], [-1.777954976999979, 42.62425663200003], [-1.7794439929999726, 42.618572103000076], [-1.8173460699999282, 42.589909066000075], [-1.8125774579999643, 42.55797123200006], [-1.7946686529999738, 42.544167893000065], [-1.7718746279999777, 42.54145826400003], [-1.770486018999975, 42.545198723000055], [-1.7345100989999764, 42.54156499100003], [-1.7206493339999724, 42.55300113200008], [-1.720880817999955, 42.56492705900007], [-1.7131385809999529, 42.57471037200003], [-1.7066255099999807, 42.579148737000025], [-1.7009796929999652, 42.57641023700006], [-1.6996238829999584, 42.58125781600006], [-1.7057970689999706, 42.59563742800003], [-1.70950467199998, 42.59965951700008], [-1.7017056639999737, 42.61129650500004]]]}}, {"type": "Feature", "properties": {"ud_kodea": "31039", "ud_iz_e": "Artazu", "iz_ofizial": "Artazu"}, "geometry": {"type": "Polygon", "coordinates": [[[-1.8427876349999792, 42.668570026000054], [-1.8315659209999353, 42.68589043900005], [-1.8209699029999342, 42.691104033000045], [-1.82565040399993, 42.69925701300008], [-1.8379924929999447, 42.69866243400003], [-1.8505493069999375, 42.695024896000064], [-1.858859268999936, 42.68455369600008], [-1.8557677669999748, 42.676760297000044], [-1.8427876349999792, 42.668570026000054]]]}}, {"type": "Feature", "properties": {"ud_kodea": "31042", "ud_iz_e": "Azagra", "iz_ofizial": "Azagra"}, "geometry": {"type": "Polygon", "coordinates": [[[-1.8433437229999754, 42.25326993400006], [-1.8368494019999275, 42.27551200100004], [-1.8573502829999597, 42.321432257000026], [-1.8825416529999757, 42.340070498000046], [-1.9165183039999647, 42.32432090000003], [-1.9131835329999376, 42.31869373300003], [-1.9071202149999635, 42.30846236300005], [-1.88360182699995, 42.28788082500006], [-1.8715359149999244, 42.277321639000036], [-1.8626928959999418, 42.26958289100003], [-1.8582746369999654, 42.265716361000045], [-1.8581797189999634, 42.26563329500004], [-1.8507496909999759, 42.25913109000004], [-1.843650982999975, 42.252918831000045], [-1.8434879079999291, 42.25277612100007], [-1.8433437229999754, 42.25326993400006]]]}}, {"type": "Feature", "properties": {"ud_kodea": "31043", "ud_iz_e": "Azuelo", "iz_ofizial": "Azuelo"}, "geometry": {"type": "Polygon", "coordinates": [[[-2.3504624579999245, 42.634394444000066], [-2.3504681799999503, 42.63454459400003], [-2.3513737299999775, 42.65830741500008], [-2.3514089279999553, 42.65829666700006], [-2.367046392999953, 42.65352179700005], [-2.3679444439999315, 42.63668559700005], [-2.3679629619999787, 42.63633842300004], [-2.3685677559999476, 42.625000052000075], [-2.3762920359999384, 42.62570878300005], [-2.3660874019999483, 42.614656970000055], [-2.35301364999998, 42.60909054000007], [-2.3624773509999386, 42.58845779100005], [-2.3595042079999757, 42.58364119600003], [-2.3390086439999322, 42.58112933700005], [-2.3340879419999396, 42.576327837000065], [-2.3294229809999365, 42.59319512700006], [-2.3396978509999258, 42.59665884900005], [-2.3368346899999324, 42.60572907200003], [-2.3499038349999637, 42.61973544800003], [-2.3504624579999245, 42.634394444000066]]]}}, {"type": "Feature", "properties": {"ud_kodea": "31044", "ud_iz_e": "Bakaiku", "iz_ofizial": "Bakaiku"}, "geometry": {"type": "Polygon", "coordinates": [[[-2.0874224499999627, 42.87571300800005], [-2.095346415999927, 42.91076064300006], [-2.111191872999939, 42.92233016100005], [-2.1099297629999683, 42.93168568100003], [-2.1177043889999254, 42.942227425000056], [-2.1177074439999615, 42.94222668700007], [-2.129572825999958, 42.93935565400005], [-2.1326271029999475, 42.939270399000065], [-2.109544666999966, 42.89460879100005], [-2.1122044279999272, 42.88848795300004], [-2.104484526999954, 42.87356947400008], [-2.0874224499999627, 42.87571300800005]]]}}, {"type": "Feature", "properties": {"ud_kodea": "31080", "ud_iz_e": "Dicastillo", "iz_ofizial": "Dicastillo"}, "geometry": {"type": "Polygon", "coordinates": [[[-2.0321011909999243, 42.619984113000044], [-2.0452844869999467, 42.62941714800007], [-2.0533804989999567, 42.628727827000034], [-2.0639114139999606, 42.62341111500007], [-2.0619633409999665, 42.620804312000075], [-2.0389463349999346, 42.618890763000024], [-2.0323370769999656, 42.604750495000076], [-2.0341868859999295, 42.599425852000024], [-2.0484249609999665, 42.592970954000066], [-2.047505198999943, 42.574925230000076], [-2.0770809479999457, 42.523439101000065], [-2.0848983579999754, 42.52335777400003], [-2.0811006379999526, 42.50253328900004], [-2.0697230779999245, 42.51224859300004], [-2.0462694729999384, 42.502446803000055], [-2.0383610409999733, 42.553883831000064], [-2.021947356999931, 42.57690721900008], [-2.0036779929999398, 42.581738941000026], [-1.9742644359999417, 42.56368439100004], [-1.9707140239999603, 42.566228186000046], [-1.9778215989999808, 42.57489203800003], [-2.018379907999929, 42.603136850000055], [-2.0321011909999243, 42.619984113000044]]]}}, {"type": "Feature", "properties": {"ud_kodea": "31081", "ud_iz_e": "Donamaria", "iz_ofizial": "Donamaria"}, "geometry": {"type": "Polygon", "coordinates": [[[-1.6473182529999804, 43.065062167000065], [-1.656545122999944, 43.07107799600004], [-1.6451285699999403, 43.08362201800003], [-1.6351282039999546, 43.10908540400004], [-1.6463958639999419, 43.12201491500008], [-1.6612288789999639, 43.12390031000007], [-1.677763109999944, 43.11760922800005], [-1.6869820549999304, 43.099787125000034], [-1.6824342399999637, 43.07347712500007], [-1.688285230999952, 43.05887569400005], [-1.6859181649999755, 43.056435359000034], [-1.6706208719999722, 43.058572782000056], [-1.6464575979999267, 43.05282363900005], [-1.6415228839999259, 43.058879355000045], [-1.6473182529999804, 43.065062167000065]]]}}, {"type": "Feature", "properties": {"ud_kodea": "31082", "ud_iz_e": "Etxalar", "iz_ofizial": "Etxalar"}, "geometry": {"type": "Polygon", "coordinates": [[[-1.6172933669999452, 43.257751925000036], [-1.6194496779999668, 43.26050361400007], [-1.621724204999964, 43.263406159000056], [-1.6217889639999612, 43.26352956900007], [-1.6229675379999549, 43.265775457000075], [-1.6255221089999736, 43.270643488000076], [-1.625528415999952, 43.27065550700007], [-1.6255284449999294, 43.27065549500003], [-1.6255320719999418, 43.27065399700007], [-1.6440644649999285, 43.262998184000026], [-1.643905851999932, 43.25848501400003], [-1.6563167049999379, 43.25603823900008], [-1.662408055999947, 43.26253878500006], [-1.6680107999999336, 43.25590495600005], [-1.6802240419999634, 43.257406106000076], [-1.6805845939999244, 43.25212468700005], [-1.6694055839999464, 43.24616931500003], [-1.6731414559999394, 43.23975655000004], [-1.676256465999927, 43.23638890800004], [-1.6679668009999773, 43.231925524000076], [-1.6667621159999726, 43.22222270100008], [-1.6477349869999784, 43.21404837500006], [-1.6128859149999357, 43.20411326400006], [-1.608168477999925, 43.19558278400007], [-1.597368858999971, 43.20336574400005], [-1.5823350219999384, 43.20463017000003], [-1.5794682329999432, 43.20881768000004], [-1.5709186459999387, 43.20856717500004], [-1.5592468039999403, 43.23845060100007], [-1.5748490109999693, 43.25045059300004], [-1.5748546249999436, 43.25045089900004], [-1.5748547379999422, 43.25045090700007], [-1.6074331129999564, 43.25222869000004], [-1.608092170999953, 43.252264653000054], [-1.6080940509999664, 43.25226577400008], [-1.6081039559999795, 43.252271688000064], [-1.6172933669999452, 43.257751925000036]]]}}, {"type": "Feature", "properties": {"ud_kodea": "31111", "ud_iz_e": "Gallués/Galoze", "iz_ofizial": "Gallués/Galoze"}, "geometry": {"type": "Polygon", "coordinates": [[[-1.1109187509999288, 42.82894997600005], [-1.1593063219999635, 42.830539877000035], [-1.1641666109999278, 42.820100137000054], [-1.161243944999967, 42.804798961000074], [-1.1503331569999773, 42.799949567000056], [-1.1468816999999376, 42.784072028000026], [-1.1313903419999747, 42.78251448800006], [-1.1351505669999256, 42.77575900800008], [-1.1093113679999647, 42.77330015700005], [-1.0883206299999415, 42.761101008000026], [-1.0719356139999263, 42.76258211900006], [-1.0509914519999484, 42.757824130000074], [-1.0440630999999598, 42.77140244000003], [-1.0310488479999549, 42.77670827600008], [-1.0295151409999335, 42.77959055400004], [-1.0382600919999732, 42.78254129100003], [-1.0419308799999385, 42.79988457800005], [-1.0531587869999726, 42.80175997300006], [-1.0809068899999374, 42.79460136400007], [-1.1035252069999615, 42.79747275900007], [-1.119159326999977, 42.81298504400007], [-1.117265105999934, 42.820589994000045], [-1.1112194539999791, 42.81907668700006], [-1.1048846529999423, 42.82383461900008], [-1.1109187509999288, 42.82894997600005]]]}}, {"type": "Feature", "properties": {"ud_kodea": "31112", "ud_iz_e": "Garaioa", "iz_ofizial": "Garaioa"}, "geometry": {"type": "Polygon", "coordinates": [[[-1.1870857199999705, 42.93355724300005], [-1.194547532999934, 42.93570131600006], [-1.2027282729999342, 42.92789694000004], [-1.2474194409999768, 42.94165602800007], [-1.259727373999965, 42.93504520100004], [-1.285306928999944, 42.93184744200005], [-1.2875653119999697, 42.92375881600003], [-1.2733126379999362, 42.90937118900007], [-1.2668224219999615, 42.893550669000035], [-1.2455632599999262, 42.88874224700004], [-1.2403313209999283, 42.89608950200005], [-1.2242727199999308, 42.920561107000026], [-1.2115274699999645, 42.917697256000054], [-1.1870857199999705, 42.93355724300005]]]}}, {"type": "Feature", "properties": {"ud_kodea": "31113", "ud_iz_e": "Garde", "iz_ofizial": "Garde"}, "geometry": {"type": "Polygon", "coordinates": [[[-0.86491482699995, 42.76334724000003], [-0.8611623659999736, 42.76717669400006], [-0.8596203559999367, 42.76875034400007], [-0.8476102749999654, 42.785913503000074], [-0.8515184049999789, 42.80758047000006], [-0.8549052609999421, 42.82351942100007], [-0.8549138229999471, 42.82351829500004], [-0.8647819349999395, 42.82221874100003], [-0.8820235549999325, 42.81671849300005], [-0.9262333089999402, 42.79529859000007], [-0.942778346999944, 42.79340891900006], [-0.9448363269999618, 42.758561014000065], [-0.9230618899999286, 42.743993997000075], [-0.9230617099999563, 42.74399388100005], [-0.9020465439999725, 42.74276374500005], [-0.9011712839999291, 42.742712511000036], [-0.9011627209999347, 42.74271200900006], [-0.86491482699995, 42.76334724000003]]]}}, {"type": "Feature", "properties": {"ud_kodea": "31180", "ud_iz_e": "Muruzábal", "iz_ofizial": "Muruzábal"}, "geometry": {"type": "Polygon", "coordinates": [[[-1.7437684729999319, 42.70735994800003], [-1.7559750589999794, 42.695540539000035], [-1.7796019719999663, 42.69657816500006], [-1.777632457999971, 42.68495828400006], [-1.76404892599993, 42.673781044000066], [-1.7635557319999293, 42.66603117400007], [-1.753297593999946, 42.67620404400003], [-1.7569701149999446, 42.683601268000075], [-1.7471353079999403, 42.68951870700005], [-1.7437684729999319, 42.70735994800003]]]}}, {"type": "Feature", "properties": {"ud_kodea": "31182", "ud_iz_e": "Nazar", "iz_ofizial": "Nazar"}, "geometry": {"type": "Polygon", "coordinates": [[[-2.2627558929999623, 42.62807823400004], [-2.2550646979999556, 42.64002387600004], [-2.290845850999972, 42.65305272400008], [-2.2908483159999378, 42.653053621000026], [-2.326301687999944, 42.66596311500007], [-2.3349719109999683, 42.66331567900005], [-2.3223914179999383, 42.648116421000054], [-2.3182445349999625, 42.643106319000026], [-2.3134832839999717, 42.637353963000066], [-2.2976513999999497, 42.63629442600006], [-2.2819280329999287, 42.62901961500006], [-2.2697081349999735, 42.626943088000075], [-2.2627558929999623, 42.62807823400004]]]}}, {"type": "Feature", "properties": {"ud_kodea": "31183", "ud_iz_e": "Obanos", "iz_ofizial": "Obanos"}, "geometry": {"type": "Polygon", "coordinates": [[[-1.7796019719999663, 42.69657816500006], [-1.788745902999949, 42.69470312000004], [-1.7925612549999528, 42.701299207000034], [-1.8026056009999252, 42.69578533400005], [-1.8064803649999703, 42.685343583000076], [-1.7963019179999264, 42.65743769200003], [-1.8086150339999563, 42.63749330500008], [-1.777954976999979, 42.62425663200003], [-1.7709701389999282, 42.625991948000035], [-1.767914659999974, 42.64550083200004], [-1.7635557319999293, 42.66603117400007], [-1.76404892599993, 42.673781044000066], [-1.777632457999971, 42.68495828400006], [-1.7796019719999663, 42.69657816500006]]]}}, {"type": "Feature", "properties": {"ud_kodea": "31184", "ud_iz_e": "Oco", "iz_ofizial": "Oco"}, "geometry": {"type": "Polygon", "coordinates": [[[-2.153944858999978, 42.64654406100004], [-2.163123172999974, 42.65254607600008], [-2.1764747349999425, 42.63090365200003], [-2.1715826889999335, 42.62642862400003], [-2.1536674809999568, 42.632808616000034], [-2.1508871149999322, 42.63637221300007], [-2.153944858999978, 42.64654406100004]]]}}, {"type": "Feature", "properties": {"ud_kodea": "31186", "ud_iz_e": "Odieta", "iz_ofizial": "Odieta"}, "geometry": {"type": "Polygon", "coordinates": [[[-1.6047283349999475, 42.91698884200008], [-1.6184389759999362, 42.921882767000056], [-1.6184327959999791, 42.93750623400007], [-1.630314673999976, 42.955478740000046], [-1.6407558029999336, 42.96178054500007], [-1.6591623069999741, 42.952596646000075], [-1.6767612459999555, 42.95510662600003], [-1.6813296329999616, 42.94784738100003], [-1.672343375999958, 42.94106190600007], [-1.6812368139999307, 42.92980049600004], [-1.6772438629999442, 42.92111871800006], [-1.6647871839999766, 42.920361643000035], [-1.660387645999947, 42.90456072400008], [-1.6335369389999528, 42.90845754400004], [-1.6302036309999721, 42.91293816800004], [-1.624961793999944, 42.90901224900006], [-1.6102220859999647, 42.90968064300006], [-1.6047283349999475, 42.91698884200008]]]}}, {"type": "Feature", "properties": {"ud_kodea": "31188", "ud_iz_e": "Olaibar", "iz_ofizial": "Olaibar"}, "geometry": {"type": "Polygon", "coordinates": [[[-1.5784114939999654, 42.91219864400006], [-1.5910826879999718, 42.920630740000036], [-1.6047283349999475, 42.91698884200008], [-1.6102220859999647, 42.90968064300006], [-1.624961793999944, 42.90901224900006], [-1.6302036309999721, 42.91293816800004], [-1.6335369389999528, 42.90845754400004], [-1.6254384649999452, 42.895276436000074], [-1.6276966259999313, 42.88236339100007], [-1.6097898629999463, 42.87494327300004], [-1.6050995019999732, 42.87771384200005], [-1.5858534779999331, 42.872822075000045], [-1.5784114939999654, 42.91219864400006]]]}}, {"type": "Feature", "properties": {"ud_kodea": "31189", "ud_iz_e": "Olazti/Olazagutía", "iz_ofizial": "Olazti/Olazagutía"}, "geometry": {"type": "Polygon", "coordinates": [[[-2.2101701569999364, 42.92530714900005], [-2.2356383539999456, 42.92658748500003], [-2.221013488999972, 42.922481909000055], [-2.226108756999963, 42.91089088600006], [-2.2239316049999616, 42.89499116400003], [-2.2064481119999755, 42.85724793600008], [-2.18081194399997, 42.858580231000076], [-2.181659407999973, 42.86299879300003], [-2.166616718999933, 42.86922993700006], [-2.186190457999942, 42.89546751800003], [-2.2052349499999764, 42.906965703000026], [-2.2013643989999423, 42.91546653100005], [-2.2101701569999364, 42.92530714900005]]]}}, {"type": "Feature", "properties": {"ud_kodea": "31190", "ud_iz_e": "Olejua", "iz_ofizial": "Olejua"}, "geometry": {"type": "Polygon", "coordinates": [[[-2.127611958999978, 42.62878585500005], [-2.1350224449999473, 42.63613649800004], [-2.1508871149999322, 42.63637221300007], [-2.1536674809999568, 42.632808616000034], [-2.141650021999965, 42.606495247000055], [-2.1355995109999526, 42.60764742400005], [-2.1357164859999784, 42.61558783700008], [-2.126534908999929, 42.62295112000004], [-2.127611958999978, 42.62878585500005]]]}}, {"type": "Feature", "properties": {"ud_kodea": "31114", "ud_iz_e": "Garínoain", "iz_ofizial": "Garínoain"}, "geometry": {"type": "Polygon", "coordinates": [[[-1.618708187999971, 42.59845663400006], [-1.6325943389999793, 42.60669201400003], [-1.6511651549999442, 42.600275270000054], [-1.6725918899999783, 42.60211058200008], [-1.7057970689999706, 42.59563742800003], [-1.6996238829999584, 42.58125781600006], [-1.647982319999926, 42.590196743000035], [-1.6392144939999298, 42.59434347200005], [-1.616078426999934, 42.59170686400006], [-1.618708187999971, 42.59845663400006]]]}}, {"type": "Feature", "properties": {"ud_kodea": "31115", "ud_iz_e": "Garralda", "iz_ofizial": "Garralda"}, "geometry": {"type": "Polygon", "coordinates": [[[-1.2905955889999632, 42.98908666600005], [-1.301962514999957, 42.99418358400004], [-1.3148187499999722, 42.97216798000005], [-1.320826355999941, 42.97446245000003], [-1.3287493889999382, 42.96717650900007], [-1.3354599639999378, 42.94795001600005], [-1.3261328769999636, 42.93479300100006], [-1.3196749199999545, 42.93161868100003], [-1.3074788169999465, 42.933510142000046], [-1.2875653119999697, 42.92375881600003], [-1.285306928999944, 42.93184744200005], [-1.2860082809999653, 42.93660341400005], [-1.277723635999962, 42.93791987700007], [-1.274212863999935, 42.94645750800004], [-1.2773772779999604, 42.95649145400006], [-1.2922399319999727, 42.96165783300006], [-1.2905955889999632, 42.98908666600005]]]}}, {"type": "Feature", "properties": {"ud_kodea": "31116", "ud_iz_e": "Genevilla", "iz_ofizial": "Genevilla"}, "geometry": {"type": "Polygon", "coordinates": [[[-2.394655587999978, 42.66079354900006], [-2.4158567029999745, 42.66265967800007], [-2.418268803999979, 42.661896719000026], [-2.42965916299994, 42.65829390000005], [-2.4296726419999572, 42.65828962900008], [-2.429675715999963, 42.658287968000025], [-2.4346329219999348, 42.655608940000036], [-2.4300543469999525, 42.654230237000036], [-2.4175839489999476, 42.65047515200007], [-2.398430572999928, 42.630230906000065], [-2.3855279399999745, 42.63640329200007], [-2.379092213999968, 42.63697776200007], [-2.375331881999955, 42.64467883900005], [-2.3742164039999807, 42.64696331300007], [-2.3717091959999266, 42.65209801900005], [-2.376319998999975, 42.65069011300005], [-2.394655587999978, 42.66079354900006]]]}}, {"type": "Feature", "properties": {"ud_kodea": "31151", "ud_iz_e": "Lerga", "iz_ofizial": "Lerga"}, "geometry": {"type": "Polygon", "coordinates": [[[-1.464565840999967, 42.53485233500004], [-1.4625608379999449, 42.54808138200008], [-1.4747155379999413, 42.55459272100006], [-1.4759708139999361, 42.57507870300003], [-1.5059701809999524, 42.597482969000055], [-1.5167832069999463, 42.57891935500004], [-1.529491463999932, 42.57066311800003], [-1.534773955999981, 42.553710573000046], [-1.527625961999945, 42.543784935000076], [-1.5003760529999681, 42.545592842000076], [-1.4784848109999302, 42.53731638200003], [-1.474317909999968, 42.540412865000064], [-1.4704277149999712, 42.53614648200005], [-1.464565840999967, 42.53485233500004]]]}}, {"type": "Feature", "properties": {"ud_kodea": "31152", "ud_iz_e": "Lerín", "iz_ofizial": "Lerín"}, "geometry": {"type": "Polygon", "coordinates": [[[-1.9346907319999787, 42.52673360700004], [-1.9660641579999378, 42.52244620300007], [-1.9719079099999703, 42.53136025600003], [-1.9786515179999355, 42.52176655300008], [-1.991938280999932, 42.51542720900005], [-2.008186612999964, 42.519450421000045], [-2.026569588999962, 42.496679683000025], [-2.03582141499993, 42.498856225000054], [-2.039979399999936, 42.49196572300008], [-2.0265271949999715, 42.454676748000054], [-2.0101409499999363, 42.448808675000066], [-1.9898378129999514, 42.43869819300005], [-1.9528907399999298, 42.43493540400004], [-1.9364758319999282, 42.43722487400004], [-1.9288756609999496, 42.42874275100007], [-1.908416142999954, 42.43297148700003], [-1.9003754889999414, 42.45271626300007], [-1.8842461629999434, 42.456369754000036], [-1.892724287999954, 42.48456774400006], [-1.884215438999945, 42.50259551100004], [-1.9119385349999334, 42.50408690800003], [-1.9346907319999787, 42.52673360700004]]]}}, {"type": "Feature", "properties": {"ud_kodea": "31008", "ud_iz_e": "Aguilar de Codés", "iz_ofizial": "Aguilar de Codés"}, "geometry": {"type": "Polygon", "coordinates": [[[-2.3679629619999787, 42.63633842300004], [-2.3679444439999315, 42.63668559700005], [-2.367046392999953, 42.65352179700005], [-2.367097269999931, 42.653506262000064], [-2.3717091959999266, 42.65209801900005], [-2.3742164039999807, 42.64696331300007], [-2.375331881999955, 42.64467883900005], [-2.379092213999968, 42.63697776200007], [-2.3855279399999745, 42.63640329200007], [-2.398430572999928, 42.630230906000065], [-2.4058551899999543, 42.62664945900008], [-2.4031520389999628, 42.621123924000074], [-2.4211849579999694, 42.61341771000008], [-2.4186068169999544, 42.60712759000006], [-2.402900271999954, 42.59955543800004], [-2.3993850909999423, 42.59786075200003], [-2.3991945149999765, 42.59705347500005], [-2.3977332669999782, 42.59086373100007], [-2.3967938109999523, 42.58688426800006], [-2.3892199279999318, 42.59060266300003], [-2.3624773509999386, 42.58845779100005], [-2.35301364999998, 42.60909054000007], [-2.3660874019999483, 42.614656970000055], [-2.3762920359999384, 42.62570878300005], [-2.3685677559999476, 42.625000052000075], [-2.3679629619999787, 42.63633842300004]]]}}, {"type": "Feature", "properties": {"ud_kodea": "31009", "ud_iz_e": "Aibar/Oibar", "iz_ofizial": "Aibar/Oibar"}, "geometry": {"type": "Polygon", "coordinates": [[[-1.3567458969999393, 42.63164980700003], [-1.368856788999949, 42.629283427000075], [-1.3881577759999573, 42.64171373500005], [-1.419093739999937, 42.641586594000046], [-1.4030937749999453, 42.63144984200005], [-1.3841817289999767, 42.60351142500008], [-1.3872526519999724, 42.592207958000074], [-1.3693754089999288, 42.55985975500005], [-1.338274035999973, 42.55213647800008], [-1.329459806999978, 42.54513725000004], [-1.3330984939999553, 42.53885941100003], [-1.3155434639999726, 42.54182658900004], [-1.3150732089999337, 42.55387789200006], [-1.3038470019999409, 42.56496882400006], [-1.3250119799999425, 42.575744445000055], [-1.318164784999965, 42.58388404900006], [-1.3263486289999378, 42.60684131900007], [-1.323055601999954, 42.61371828600005], [-1.3567458969999393, 42.63164980700003]]]}}, {"type": "Feature", "properties": {"ud_kodea": "31010", "ud_iz_e": "Altsasu/Alsasua", "iz_ofizial": "Altsasu/Alsasua"}, "geometry": {"type": "Polygon", "coordinates": [[[-2.1805023949999622, 42.93829122400007], [-2.1943582269999524, 42.94984354400003], [-2.199207825999963, 42.95115629900005], [-2.203391394999926, 42.95068069000007], [-2.203391460999967, 42.950680684000076], [-2.210330416999966, 42.949891827000044], [-2.213216440999929, 42.94750345600005], [-2.232228698999961, 42.93176958600003], [-2.235636357999965, 42.92659051900006], [-2.235638336999955, 42.92658751100004], [-2.2356383539999456, 42.92658748500003], [-2.2101701569999364, 42.92530714900005], [-2.2013643989999423, 42.91546653100005], [-2.2052349499999764, 42.906965703000026], [-2.186190457999942, 42.89546751800003], [-2.166616718999933, 42.86922993700006], [-2.152704842999981, 42.872243549000075], [-2.153938754999956, 42.91274857700006], [-2.1739392469999643, 42.935173090000035], [-2.176501372999951, 42.93804574300003], [-2.1800878919999604, 42.93794563500006], [-2.1805023949999622, 42.93829122400007]]]}}, {"type": "Feature", "properties": {"ud_kodea": "31003", "ud_iz_e": "Abaurregaina/Abaurrea Alta", "iz_ofizial": "Abaurregaina/Abaurrea Alta"}, "geometry": {"type": "Polygon", "coordinates": [[[-1.2220262089999778, 42.900688657000046], [-1.2218054699999357, 42.907880790000036], [-1.2403313209999283, 42.89608950200005], [-1.2346858289999432, 42.89099735700006], [-1.2394466739999643, 42.883785739000075], [-1.2353607139999667, 42.86723486300008], [-1.20233782899993, 42.86672096500007], [-1.194745422999972, 42.87982968500006], [-1.1991424109999684, 42.88777816900006], [-1.1862377169999263, 42.89814604900005], [-1.1701746929999786, 42.903320251000025], [-1.168216250999933, 42.91526527800005], [-1.1553033009999467, 42.918146483000044], [-1.1512968479999586, 42.92593402500006], [-1.1605681279999658, 42.93802368000007], [-1.193436662999943, 42.910821627000075], [-1.2117336669999759, 42.910568710000064], [-1.2220262089999778, 42.900688657000046], [-1.2158456109999634, 42.89500052400007], [-1.2206059169999435, 42.89087836300007], [-1.2304020529999775, 42.897333598000046], [-1.2220262089999778, 42.900688657000046]]]}}, {"type": "Feature", "properties": {"ud_kodea": "31004", "ud_iz_e": "Abaurrepea/Abaurrea Baja", "iz_ofizial": "Abaurrepea/Abaurrea Baja"}, "geometry": {"type": "MultiPolygon", "coordinates": [[[[-1.2403313209999283, 42.89608950200005], [-1.2218054699999357, 42.907880790000036], [-1.2220262089999778, 42.900688657000046], [-1.2117336669999759, 42.910568710000064], [-1.193436662999943, 42.910821627000075], [-1.1605681279999658, 42.93802368000007], [-1.1682701979999592, 42.94114581000008], [-1.1694996239999682, 42.93729351500008], [-1.1870857199999705, 42.93355724300005], [-1.2115274699999645, 42.917697256000054], [-1.2242727199999308, 42.920561107000026], [-1.2403313209999283, 42.89608950200005]]], [[[-1.2455632599999262, 42.88874224700004], [-1.244267405999949, 42.875287067000045], [-1.2353607139999667, 42.86723486300008], [-1.2394466739999643, 42.883785739000075], [-1.2346858289999432, 42.89099735700006], [-1.2403313209999283, 42.89608950200005], [-1.2455632599999262, 42.88874224700004]]], [[[-1.2304020529999775, 42.897333598000046], [-1.2206059169999435, 42.89087836300007], [-1.2158456109999634, 42.89500052400007], [-1.2220262089999778, 42.900688657000046], [-1.2304020529999775, 42.897333598000046]]]]}}, {"type": "Feature", "properties": {"ud_kodea": "31005", "ud_iz_e": "Aberin", "iz_ofizial": "Aberin"}, "geometry": {"type": "Polygon", "coordinates": [[[-1.979318280999962, 42.63101871100008], [-1.9978879799999731, 42.63811681200008], [-1.9965122009999732, 42.643273889000056], [-2.0016256349999253, 42.64388595600008], [-2.0349914129999433, 42.632585662000054], [-2.0452844869999467, 42.62941714800007], [-2.0321011909999243, 42.619984113000044], [-2.01020859099998, 42.61570125900005], [-1.9579192619999617, 42.58248457600007], [-1.939769551999973, 42.58059801400003], [-1.9434956009999382, 42.597364654000046], [-1.9697810389999404, 42.61180564500006], [-1.9765809039999453, 42.620187670000064], [-1.9724539029999733, 42.62720200100006], [-1.979318280999962, 42.63101871100008]]]}}, {"type": "Feature", "properties": {"ud_kodea": "31051", "ud_iz_e": "Beire", "iz_ofizial": "Beire"}, "geometry": {"type": "Polygon", "coordinates": [[[-1.574748371999931, 42.45627979000005], [-1.5524978339999507, 42.486480278000045], [-1.5947359059999258, 42.48101278900003], [-1.6214151449999576, 42.48439873700005], [-1.6306041519999326, 42.459158229000025], [-1.6305200439999794, 42.43622881500005], [-1.5888706319999528, 42.44478335100007], [-1.574748371999931, 42.45627979000005]]]}}, {"type": "Feature", "properties": {"ud_kodea": "31052", "ud_iz_e": "Belascoáin", "iz_ofizial": "Belascoáin"}, "geometry": {"type": "Polygon", "coordinates": [[[-1.8022560069999258, 42.74380688400004], [-1.829526962999978, 42.76192825600003], [-1.8524562309999624, 42.75451483900008], [-1.8439376549999338, 42.73815666400003], [-1.8356329399999254, 42.743241563000026], [-1.830430056999944, 42.73794750400003], [-1.8022560069999258, 42.74380688400004]]]}}, {"type": "Feature", "properties": {"ud_kodea": "31053", "ud_iz_e": "Berbinzana", "iz_ofizial": "Berbinzana"}, "geometry": {"type": "Polygon", "coordinates": [[[-1.7944547589999615, 42.513501750000046], [-1.7888290009999537, 42.52053870700007], [-1.8438795569999797, 42.53376924500003], [-1.8776096949999328, 42.521478813000044], [-1.884215438999945, 42.50259551100004], [-1.8569414249999454, 42.51326849700007], [-1.8330204559999288, 42.50531726300005], [-1.8298165499999755, 42.51153582100005], [-1.7944547589999615, 42.513501750000046]]]}}, {"type": "Feature", "properties": {"ud_kodea": "31054", "ud_iz_e": "Bertizarana", "iz_ofizial": "Bertizarana"}, "geometry": {"type": "Polygon", "coordinates": [[[-1.6473182529999804, 43.065062167000065], [-1.6371675739999318, 43.06701276600006], [-1.6275801009999782, 43.08387210500007], [-1.6297310779999634, 43.09319069500003], [-1.6173982719999458, 43.10615311200007], [-1.6180728149999482, 43.11440957800005], [-1.6075612399999386, 43.12915773700007], [-1.6117227539999703, 43.138122889000044], [-1.580756934999954, 43.164378433000024], [-1.583479324999928, 43.17006695400005], [-1.5753157039999337, 43.193125215000066], [-1.5823350219999384, 43.20463017000003], [-1.597368858999971, 43.20336574400005], [-1.608168477999925, 43.19558278400007], [-1.6007878089999394, 43.19164781600006], [-1.6076544649999391, 43.183006179000074], [-1.6185094529999446, 43.17581705500004], [-1.6278741169999762, 43.17574074700008], [-1.638370919999943, 43.16678959300003], [-1.6396943629999328, 43.158151934000045], [-1.633968569999979, 43.152365735000046], [-1.651006306999932, 43.14770545600004], [-1.6505285889999755, 43.131410505000076], [-1.6616788109999447, 43.12975856000003], [-1.6612288789999639, 43.12390031000007], [-1.6463958639999419, 43.12201491500008], [-1.6351282039999546, 43.10908540400004], [-1.6451285699999403, 43.08362201800003], [-1.656545122999944, 43.07107799600004], [-1.6473182529999804, 43.065062167000065]]]}}, {"type": "Feature", "properties": {"ud_kodea": "31090", "ud_iz_e": "Eratsun", "iz_ofizial": "Eratsun"}, "geometry": {"type": "Polygon", "coordinates": [[[-1.781790601999944, 43.11378469400006], [-1.7775395379999281, 43.12296002000005], [-1.7937009519999378, 43.13253245400006], [-1.8011409689999596, 43.14377642100004], [-1.8089164739999433, 43.141678478000074], [-1.8158861769999248, 43.15008917200004], [-1.8370578569999338, 43.143273753000074], [-1.828134190999947, 43.14113862100004], [-1.8257803239999362, 43.10413226500003], [-1.8101449979999416, 43.08654660000008], [-1.8143931059999545, 43.07013009900004], [-1.812209735999943, 43.06298459200008], [-1.7983271879999734, 43.05632927800008], [-1.7915595049999524, 43.06141775000003], [-1.7794700859999466, 43.05983061500007], [-1.7949168039999677, 43.106926927000075], [-1.781790601999944, 43.11378469400006]]]}}, {"type": "Feature", "properties": {"ud_kodea": "31091", "ud_iz_e": "Ergoiena", "iz_ofizial": "Ergoiena"}, "geometry": {"type": "MultiPolygon", "coordinates": [[[[-2.051556335999976, 42.88558829600004], [-2.0655086059999803, 42.880426009000075], [-2.070474105999949, 42.88244756100005], [-2.0720170009999492, 42.87183403100005], [-2.0204822679999666, 42.861246953000034], [-2.012555736999957, 42.86172841700005], [-1.9431500109999433, 42.86594418100003], [-1.9453197509999427, 42.87080900600006], [-1.939191869999945, 42.87619142300008], [-1.973817333999932, 42.886531364000064], [-1.995497797999974, 42.892998559000034], [-1.9962016119999362, 42.90170362400005], [-2.00629454999995, 42.906294168000045], [-2.044515019999949, 42.89669592200005], [-2.051556335999976, 42.88558829600004]]], [[[-2.0741201539999565, 42.93747993300008], [-2.0605970979999597, 42.94020638300003], [-2.065465870999958, 42.952168726000025], [-2.0456282619999797, 42.953932132000034], [-2.0405797089999282, 42.968775116000074], [-2.0555489729999294, 42.96813700800004], [-2.07141138999998, 42.95768183300004], [-2.069318075999945, 42.955588970000065], [-2.0776897949999693, 42.95505756800003], [-2.0741201539999565, 42.93747993300008]]], [[[-2.0762706279999747, 42.92398088200008], [-2.0704748989999757, 42.91337994600008], [-2.064845008999953, 42.921105469000054], [-2.053642667999952, 42.92212099500006], [-2.057073222999975, 42.93017288200008], [-2.0741201539999565, 42.93747993300008], [-2.0762706279999747, 42.92398088200008]]]]}}, {"type": "Feature", "properties": {"ud_kodea": "31092", "ud_iz_e": "Erro", "iz_ofizial": "Erro"}, "geometry": {"type": "Polygon", "coordinates": [[[-1.4411617159999537, 43.046110343000066], [-1.4415032849999534, 43.04618112900005], [-1.4416096879999714, 43.04630321600007], [-1.4473258449999662, 43.052861421000046], [-1.4536770449999494, 43.042726653000045], [-1.4707798849999563, 43.04119166400005], [-1.4704187229999661, 43.034478284000045], [-1.49225047799996, 43.037217336000026], [-1.507249720999937, 43.031633025000076], [-1.4955821999999444, 43.03148021100003], [-1.4802913339999577, 43.01543887500003], [-1.4881261039999458, 43.00470083700003], [-1.4791739539999753, 42.99855794400003], [-1.4830719729999373, 42.97175745900006], [-1.4731544249999615, 42.964205657000036], [-1.4689683489999652, 42.946608336000054], [-1.4900514109999676, 42.90648348600007], [-1.4760230419999516, 42.901615037000056], [-1.4778558659999703, 42.89084260100003], [-1.470102580999935, 42.88544438500003], [-1.4694101519999663, 42.87828515900003], [-1.4407059289999324, 42.87456591900008], [-1.435034787999939, 42.87756822400007], [-1.4336793069999771, 42.89097596000005], [-1.4224600739999573, 42.90015996100004], [-1.3955120169999304, 42.907781681000074], [-1.4073006389999705, 42.924263146000044], [-1.3970971719999739, 42.94255358200007], [-1.388544622999973, 42.95138424500004], [-1.3638417009999557, 42.95655375200005], [-1.3558091479999348, 42.96723528500007], [-1.3444794439999441, 42.97134917100004], [-1.3376255469999592, 42.981785408000064], [-1.3550635629999306, 42.98922321100008], [-1.3565951139999584, 43.007695890000036], [-1.3751862789999336, 43.010383698000055], [-1.3760573909999607, 43.01737470900008], [-1.36266115199993, 43.02090276600006], [-1.3603132019999293, 43.02935350900003], [-1.4411617159999537, 43.046110343000066]]]}}, {"type": "Feature", "properties": {"ud_kodea": "31093", "ud_iz_e": "Ezcároz/Ezkaroze", "iz_ofizial": "Ezcároz/Ezkaroze"}, "geometry": {"type": "Polygon", "coordinates": [[[-1.1020411769999328, 42.90150822100003], [-1.1094615869999416, 42.919208336000054], [-1.1304944819999605, 42.92054438100007], [-1.1340128559999698, 42.90749081300004], [-1.1177275639999493, 42.88512637800005], [-1.1209704189999457, 42.87753455600006], [-1.1046339129999296, 42.880849107000074], [-1.0809405639999454, 42.878887416000055], [-1.0532975899999428, 42.88966761200004], [-1.0136826379999775, 42.872663025000065], [-0.9990485639999633, 42.89191060200005], [-1.0020772469999315, 42.90468721700006], [-1.0382751299999313, 42.911571767000055], [-1.048128634999955, 42.90173597200004], [-1.0638925799999583, 42.906425084000034], [-1.0850237759999573, 42.89531753400007], [-1.1020411769999328, 42.90150822100003]]]}}, {"type": "Feature", "properties": {"ud_kodea": "31094", "ud_iz_e": "Eslava", "iz_ofizial": "Eslava"}, "geometry": {"type": "Polygon", "coordinates": [[[-1.4699387279999314, 42.593045086000075], [-1.5059701809999524, 42.597482969000055], [-1.4759708139999361, 42.57507870300003], [-1.4747155379999413, 42.55459272100006], [-1.4625608379999449, 42.54808138200008], [-1.464565840999967, 42.53485233500004], [-1.4544175149999319, 42.533085940000035], [-1.445360978999929, 42.531018188000075], [-1.4348150439999472, 42.55447778200005], [-1.437493720999953, 42.58087308800003], [-1.4699387279999314, 42.593045086000075]]]}}, {"type": "Feature", "properties": {"ud_kodea": "31263", "ud_iz_e": "Zubieta", "iz_ofizial": "Zubieta"}, "geometry": {"type": "Polygon", "coordinates": [[[-1.7500930649999304, 43.154179663000036], [-1.7656378939999513, 43.16218250600008], [-1.7801335869999662, 43.15696225000005], [-1.7806460959999413, 43.144793469000035], [-1.7753718729999264, 43.144115862000035], [-1.7717509779999432, 43.13518046400003], [-1.7753331849999654, 43.113400537000075], [-1.765785459999961, 43.10961500700006], [-1.7664589619999447, 43.10458721600003], [-1.7598665489999803, 43.10372992900005], [-1.7530230959999358, 43.10231261300004], [-1.752567365999937, 43.104474124000035], [-1.7360366109999745, 43.108740950000026], [-1.7247104919999288, 43.11914169800008], [-1.7458300709999435, 43.141310470000064], [-1.7500930649999304, 43.154179663000036]]]}}, {"type": "Feature", "properties": {"ud_kodea": "31264", "ud_iz_e": "Zugarramurdi", "iz_ofizial": "Zugarramurdi"}, "geometry": {"type": "Polygon", "coordinates": [[[-1.5281423729999801, 43.26378017800005], [-1.5333974909999597, 43.27378491600007], [-1.5396472179999705, 43.276369927000076], [-1.5534644169999297, 43.27026621200008], [-1.5561830189999455, 43.25657392100004], [-1.546662711999943, 43.25283356300008], [-1.5281423729999801, 43.26378017800005]]]}}, {"type": "Feature", "properties": {"ud_kodea": "31265", "ud_iz_e": "Zúñiga", "iz_ofizial": "Zúñiga"}, "geometry": {"type": "Polygon", "coordinates": [[[-2.3014051139999765, 42.71498897200007], [-2.3047190179999575, 42.72334816700004], [-2.3133187819999534, 42.72213023300003], [-2.3164251199999626, 42.72169030100008], [-2.3170136119999256, 42.72160695600007], [-2.3184561929999745, 42.71890082600004], [-2.3184546379999347, 42.71889211200005], [-2.31463073499998, 42.69748461700004], [-2.3115898349999497, 42.68046064200007], [-2.30936225399995, 42.67113708200003], [-2.309361907999971, 42.67113563800007], [-2.3096634429999767, 42.67104357100004], [-2.3088246549999667, 42.67105051400006], [-2.304005540999981, 42.671090406000076], [-2.2921429149999426, 42.671188603000076], [-2.2907006239999532, 42.671200542000065], [-2.267735840999933, 42.67139064100007], [-2.2758407049999505, 42.68175333600004], [-2.264564489999941, 42.68114520300003], [-2.2751131819999273, 42.69431638300006], [-2.290775288999953, 42.70902514800008], [-2.3082525369999303, 42.70872675500004], [-2.3014051139999765, 42.71498897200007]]]}}, {"type": "Feature", "properties": {"ud_kodea": "53066", "ud_iz_e": " ", "iz_ofizial": " "}, "geometry": {"type": "Polygon", "coordinates": [[[-2.0706490719999806, 42.62042626900006], [-2.0639114139999606, 42.62341111500007], [-2.063767774999974, 42.633000682000045], [-2.0708853249999493, 42.632509328000026], [-2.0765177339999354, 42.62852951100007], [-2.074747502999969, 42.62363049700008], [-2.0792185189999373, 42.623481463000076], [-2.08598034299996, 42.62088933300004], [-2.0794368779999672, 42.61994370700006], [-2.0706490719999806, 42.62042626900006]]]}}, {"type": "Feature", "properties": {"ud_kodea": "53068", "ud_iz_e": " ", "iz_ofizial": " "}, "geometry": {"type": "Polygon", "coordinates": [[[-1.7355136199999492, 42.879949116000034], [-1.7273927789999561, 42.87591494000003], [-1.7271893549999504, 42.88763266500007], [-1.7212998099999481, 42.89170483700008], [-1.74023511799993, 42.88860991000007], [-1.7518721569999798, 42.88602685700005], [-1.7355136199999492, 42.879949116000034]]]}}, {"type": "Feature", "properties": {"ud_kodea": "53060", "ud_iz_e": " ", "iz_ofizial": " "}, "geometry": {"type": "Polygon", "coordinates": [[[-2.0719139219999647, 42.605960535000065], [-2.0691587339999273, 42.60939776400005], [-2.062855031999959, 42.61091180300008], [-2.0619633409999665, 42.620804312000075], [-2.0639114139999606, 42.62341111500007], [-2.0706490719999806, 42.62042626900006], [-2.0794368779999672, 42.61994370700006], [-2.0812304759999734, 42.61766914300006], [-2.079277769999976, 42.61458243000004], [-2.0855327909999346, 42.61000540400005], [-2.0694347029999562, 42.60134756100007], [-2.0719139219999647, 42.605960535000065]]]}}, {"type": "Feature", "properties": {"ud_kodea": "31197", "ud_iz_e": "Orísoain", "iz_ofizial": "Orísoain"}, "geometry": {"type": "Polygon", "coordinates": [[[-1.5771263369999247, 42.59387014600003], [-1.564503894999973, 42.604265087000044], [-1.5818485159999796, 42.60543565900008], [-1.594482702999926, 42.61118378700007], [-1.6103713279999283, 42.60830677000007], [-1.618708187999971, 42.59845663400006], [-1.616078426999934, 42.59170686400006], [-1.5941920899999786, 42.58778414900007], [-1.5771263369999247, 42.59387014600003]]]}}, {"type": "Feature", "properties": {"ud_kodea": "31200", "ud_iz_e": "Oteiza", "iz_ofizial": "Oteiza"}, "geometry": {"type": "Polygon", "coordinates": [[[-1.8930401759999427, 42.59007108000003], [-1.9099998649999748, 42.59527678100005], [-1.9152755289999277, 42.61155473300005], [-1.9567094619999352, 42.639667373000066], [-1.979318280999962, 42.63101871100008], [-1.9724539029999733, 42.62720200100006], [-1.9765809039999453, 42.620187670000064], [-1.9697810389999404, 42.61180564500006], [-1.9434956009999382, 42.597364654000046], [-1.939769551999973, 42.58059801400003], [-1.9579192619999617, 42.58248457600007], [-1.9774668849999557, 42.58392142300005], [-1.9778215989999808, 42.57489203800003], [-1.9707140239999603, 42.566228186000046], [-1.9742644359999417, 42.56368439100004], [-1.981736140999942, 42.55221491300006], [-1.9719079099999703, 42.53136025600003], [-1.9660641579999378, 42.52244620300007], [-1.9346907319999787, 42.52673360700004], [-1.9243086959999687, 42.574050913000065], [-1.9139037729999586, 42.57120611000005], [-1.8880251189999626, 42.58423191700007], [-1.8930401759999427, 42.59007108000003]]]}}, {"type": "Feature", "properties": {"ud_kodea": "31201", "ud_iz_e": "Pamplona/Iruña", "iz_ofizial": "Pamplona/Iruña"}, "geometry": {"type": "Polygon", "coordinates": [[[-1.6164293209999414, 42.838607411000055], [-1.6324178759999768, 42.83879953400003], [-1.6337853559999758, 42.83282755100004], [-1.650945758999967, 42.83139214500005], [-1.6658897349999506, 42.833422288000065], [-1.670907945999943, 42.83048195100008], [-1.6805335019999461, 42.83810356400005], [-1.6939346839999416, 42.834502034000025], [-1.6852856669999596, 42.82058028500006], [-1.692786172999945, 42.81468679300008], [-1.6902084629999763, 42.80874087600006], [-1.6730655409999713, 42.80512165700003], [-1.6840174459999275, 42.80186203100004], [-1.6764421229999584, 42.79244549400005], [-1.6676766889999612, 42.80131433100007], [-1.6623807969999689, 42.79187688700006], [-1.6533496539999533, 42.78997000000004], [-1.6458794399999306, 42.797248111000044], [-1.631793499999958, 42.78888590100007], [-1.6259137779999264, 42.79049227500008], [-1.6298548999999412, 42.79750764600004], [-1.6244081609999625, 42.80381789000006], [-1.6176262139999267, 42.80687009500008], [-1.6097912029999293, 42.80315965500006], [-1.605342812999936, 42.80543329300008], [-1.6085759789999656, 42.814504741000064], [-1.6267909689999556, 42.82158649000007], [-1.6220046339999499, 42.83550495800006], [-1.6165209159999563, 42.83450222500005], [-1.6164293209999414, 42.838607411000055]]]}}, {"type": "Feature", "properties": {"ud_kodea": "31203", "ud_iz_e": "Petilla de Aragón", "iz_ofizial": "Petilla de Aragón"}, "geometry": {"type": "MultiPolygon", "coordinates": [[[[-1.1047033779999538, 42.44230465100003], [-1.0650504869999509, 42.45393814600004], [-1.065046352999957, 42.453939355000045], [-1.0650463129999252, 42.45393937100005], [-1.069443615999944, 42.466368886000055], [-1.0873687869999458, 42.475368926000044], [-1.0908726239999282, 42.47712816600006], [-1.1021528259999513, 42.48279183500006], [-1.1022115129999293, 42.48272454800008], [-1.125647249999929, 42.455856253000036], [-1.1294247749999613, 42.44673681800003], [-1.1294339819999664, 42.44671459700004], [-1.1294237269999599, 42.44671200300007], [-1.127991293999969, 42.446349490000046], [-1.1273231749999582, 42.446180405000064], [-1.1258929569999623, 42.44581845100004], [-1.1080865539999536, 42.441312080000046], [-1.1047033779999538, 42.44230465100003]]], [[[-1.1744541649999292, 42.40379113800003], [-1.1588385429999448, 42.40965602800003], [-1.154407942999967, 42.414456768000036], [-1.1449102809999658, 42.436916143000076], [-1.1450439529999699, 42.44186225200008], [-1.1450439419999725, 42.44186228900003], [-1.145051442999943, 42.44186197000005], [-1.1538435899999513, 42.44148818700006], [-1.1541011999999569, 42.44147723300006], [-1.154118179999955, 42.44146685900006], [-1.1818735389999802, 42.42451134000004], [-1.1826116369999795, 42.42406044200004], [-1.1828694339999402, 42.423902955000074], [-1.182869496999956, 42.42390291900006], [-1.18288999899994, 42.42389039300008], [-1.182890183999973, 42.423889700000075], [-1.1828928529999416, 42.42387972600005], [-1.1831053449999445, 42.423085943000046], [-1.1877987779999444, 42.40555308300003], [-1.1878557389999287, 42.405340300000034], [-1.1878615149999519, 42.40531872100007], [-1.1878549139999564, 42.405306222000036], [-1.1861243009999498, 42.40202933100005], [-1.1860293979999597, 42.401849637000055], [-1.1834603469999365, 42.40110013800006], [-1.1834553299999584, 42.401098674000025], [-1.1834508169999367, 42.40109735800007], [-1.1744541649999292, 42.40379113800003]]]]}}, {"type": "Feature", "properties": {"ud_kodea": "31204", "ud_iz_e": "Piedramillera", "iz_ofizial": "Piedramillera"}, "geometry": {"type": "MultiPolygon", "coordinates": [[[[-2.1873243109999407, 42.62656836600007], [-2.192278895999948, 42.62912496600006], [-2.183967620999965, 42.63428024700005], [-2.1904182479999577, 42.641890629000045], [-2.1989377579999427, 42.64338239400007], [-2.1974216969999247, 42.648387856000056], [-2.2075171349999323, 42.661308940000026], [-2.216238017999956, 42.66059449200003], [-2.2206866419999756, 42.64339736200003], [-2.239510248999977, 42.62278631400005], [-2.2265318209999805, 42.62549804900004], [-2.2103086309999753, 42.62197420600006], [-2.197206711999968, 42.612922688000026], [-2.192972030999954, 42.61228954300003], [-2.1937816909999697, 42.61853066000003], [-2.1873243109999407, 42.62656836600007]]], [[[-2.210737260999963, 42.54648354300008], [-2.2255476299999373, 42.549403289000054], [-2.228445643999976, 42.52373872600003], [-2.210737260999963, 42.54648354300008]]]]}}, {"type": "Feature", "properties": {"ud_kodea": "31205", "ud_iz_e": "Pitillas", "iz_ofizial": "Pitillas"}, "geometry": {"type": "Polygon", "coordinates": [[[-1.5285099109999578, 42.41526017800004], [-1.526661388999969, 42.42414303800007], [-1.5085246859999302, 42.43546264100007], [-1.5123404319999736, 42.44426563800005], [-1.5331400689999555, 42.441336748000026], [-1.574748371999931, 42.45627979000005], [-1.5888706319999528, 42.44478335100007], [-1.6305200439999794, 42.43622881500005], [-1.6474229129999571, 42.42192147000003], [-1.644800886999974, 42.412164363000045], [-1.625070462999929, 42.40744457100004], [-1.6152167489999556, 42.39963502400008], [-1.609251649999976, 42.38473945700008], [-1.6007076739999775, 42.38146554100007], [-1.5956380479999552, 42.39437160600005], [-1.5786778319999257, 42.40834651600005], [-1.5453176759999678, 42.41791528200008], [-1.5285099109999578, 42.41526017800004]]]}}, {"type": "Feature", "properties": {"ud_kodea": "31206", "ud_iz_e": "Puente la Reina/Gares", "iz_ofizial": "Puente la Reina/Gares"}, "geometry": {"type": "Polygon", "coordinates": [[[-1.7850095039999587, 42.737924845000066], [-1.7925935469999672, 42.745605418000025], [-1.8022560069999258, 42.74380688400004], [-1.830430056999944, 42.73794750400003], [-1.8356329399999254, 42.743241563000026], [-1.8439376549999338, 42.73815666400003], [-1.845585989999961, 42.72569197100006], [-1.8354359889999614, 42.708064954000065], [-1.8432416339999804, 42.701984390000064], [-1.8379924929999447, 42.69866243400003], [-1.82565040399993, 42.69925701300008], [-1.8209699029999342, 42.691104033000045], [-1.8315659209999353, 42.68589043900005], [-1.8427876349999792, 42.668570026000054], [-1.8383556339999245, 42.66017722600003], [-1.850199947999954, 42.65836057000007], [-1.8335572499999557, 42.640118510000036], [-1.8086150339999563, 42.63749330500008], [-1.7963019179999264, 42.65743769200003], [-1.8064803649999703, 42.685343583000076], [-1.8026056009999252, 42.69578533400005], [-1.7925612549999528, 42.701299207000034], [-1.7850095039999587, 42.737924845000066]]]}}, {"type": "Feature", "properties": {"ud_kodea": "31224", "ud_iz_e": "Sesma", "iz_ofizial": "Sesma"}, "geometry": {"type": "Polygon", "coordinates": [[[-2.1212391049999724, 42.49908374800003], [-2.131282619999979, 42.50499597800007], [-2.1380273389999616, 42.521689337000055], [-2.1472091569999634, 42.52867444700007], [-2.1482302909999476, 42.517145792000065], [-2.1622244649999516, 42.48837668200008], [-2.154112310999949, 42.480869418000054], [-2.1456695539999373, 42.48170728800005], [-2.118563334999976, 42.44695604800006], [-2.129375593999953, 42.43888845600003], [-2.133032734999972, 42.42117453600008], [-2.111314125999968, 42.41954055100007], [-2.111310613999933, 42.41954028200007], [-2.10513885499995, 42.41592593200005], [-2.106173210999941, 42.44432949700007], [-2.102985826999941, 42.44785288400004], [-2.090420465999955, 42.44392635000003], [-2.0859324809999293, 42.45488665700003], [-2.0552782919999686, 42.444857832000025], [-2.048327770999947, 42.42767142500003], [-2.025739605999945, 42.41760229500005], [-2.0222637079999686, 42.43791675800003], [-2.0101409499999363, 42.448808675000066], [-2.0265271949999715, 42.454676748000054], [-2.039979399999936, 42.49196572300008], [-2.03582141499993, 42.498856225000054], [-2.0462694729999384, 42.502446803000055], [-2.0697230779999245, 42.51224859300004], [-2.0811006379999526, 42.50253328900004], [-2.0877801599999657, 42.49848907400008], [-2.1212391049999724, 42.49908374800003]]]}}, {"type": "Feature", "properties": {"ud_kodea": "31225", "ud_iz_e": "Sorlada", "iz_ofizial": "Sorlada"}, "geometry": {"type": "Polygon", "coordinates": [[[-2.197206711999968, 42.612922688000026], [-2.2103086309999753, 42.62197420600006], [-2.2265318209999805, 42.62549804900004], [-2.239510248999977, 42.62278631400005], [-2.2367812799999456, 42.614021680000064], [-2.231393417999925, 42.61788502200005], [-2.2314737499999637, 42.61234722800003], [-2.2193075759999488, 42.60930211700003], [-2.2112588819999246, 42.601754440000036], [-2.209768563999944, 42.59042410100005], [-2.2022155569999313, 42.589201065000054], [-2.197206711999968, 42.612922688000026]]]}}, {"type": "Feature", "properties": {"ud_kodea": "31226", "ud_iz_e": "Sunbilla", "iz_ofizial": "Sunbilla"}, "geometry": {"type": "Polygon", "coordinates": [[[-1.608168477999925, 43.19558278400007], [-1.6128859149999357, 43.20411326400006], [-1.6477349869999784, 43.21404837500006], [-1.6620533799999748, 43.20726519100003], [-1.6846224319999692, 43.20530286600007], [-1.6953115909999497, 43.19237775300007], [-1.7148379319999663, 43.18320706500003], [-1.7258130179999398, 43.161358723000035], [-1.711068842999964, 43.15530447900005], [-1.7068684899999766, 43.14627044300005], [-1.6926381699999524, 43.150412896000034], [-1.6790066669999533, 43.14721282000005], [-1.681621388999929, 43.152082912000026], [-1.6691191389999744, 43.14892615000008], [-1.6714879479999354, 43.159362971000064], [-1.6581745999999384, 43.15113948800007], [-1.6585135839999339, 43.14632598400004], [-1.651006306999932, 43.14770545600004], [-1.633968569999979, 43.152365735000046], [-1.6396943629999328, 43.158151934000045], [-1.638370919999943, 43.16678959300003], [-1.6278741169999762, 43.17574074700008], [-1.6185094529999446, 43.17581705500004], [-1.6076544649999391, 43.183006179000074], [-1.6007878089999394, 43.19164781600006], [-1.608168477999925, 43.19558278400007]]]}}, {"type": "Feature", "properties": {"ud_kodea": "31227", "ud_iz_e": "Tafalla", "iz_ofizial": "Tafalla"}, "geometry": {"type": "Polygon", "coordinates": [[[-1.7009796929999652, 42.57641023700006], [-1.7066255099999807, 42.579148737000025], [-1.7131385809999529, 42.57471037200003], [-1.720880817999955, 42.56492705900007], [-1.7206493339999724, 42.55300113200008], [-1.7345100989999764, 42.54156499100003], [-1.770486018999975, 42.545198723000055], [-1.7718746279999777, 42.54145826400003], [-1.7750802679999538, 42.525741864000054], [-1.7888290009999537, 42.52053870700007], [-1.7944547589999615, 42.513501750000046], [-1.764639360999979, 42.48591523600004], [-1.7604033789999676, 42.46073473600006], [-1.7374752159999503, 42.44691289300005], [-1.708876170999929, 42.48239166500008], [-1.6246453229999247, 42.508563484000035], [-1.6154130979999763, 42.52703066200007], [-1.6292907849999665, 42.52490116400003], [-1.6309397159999435, 42.53803282900003], [-1.671312653999962, 42.548135063000075], [-1.6807029019999504, 42.56721806400003], [-1.6963493249999715, 42.56939642100008], [-1.7009796929999652, 42.57641023700006]]]}}, {"type": "Feature", "properties": {"ud_kodea": "31178", "ud_iz_e": "Murillo el Cuende", "iz_ofizial": "Murillo el Cuende"}, "geometry": {"type": "Polygon", "coordinates": [[[-1.625070462999929, 42.40744457100004], [-1.644800886999974, 42.412164363000045], [-1.643510254999967, 42.39422770200008], [-1.6359240489999252, 42.375946130000045], [-1.637033300999974, 42.36340537600006], [-1.6318154419999473, 42.35986698200003], [-1.637950099999955, 42.35075415000006], [-1.627651928999967, 42.319057050000026], [-1.6175432369999498, 42.31463071600007], [-1.6174318139999286, 42.30309293700003], [-1.5923535099999526, 42.288459481000075], [-1.53879255399994, 42.31725645400007], [-1.5590997519999519, 42.33454342700003], [-1.5623244029999341, 42.35176684600003], [-1.5847498349999682, 42.36743676000003], [-1.5901103029999604, 42.38133569800004], [-1.6007076739999775, 42.38146554100007], [-1.609251649999976, 42.38473945700008], [-1.6152167489999556, 42.39963502400008], [-1.625070462999929, 42.40744457100004]]]}}, {"type": "Feature", "properties": {"ud_kodea": "31255", "ud_iz_e": "Villamayor de Monjardín", "iz_ofizial": "Villamayor de Monjardín"}, "geometry": {"type": "MultiPolygon", "coordinates": [[[[-2.096138339999925, 42.62609243800006], [-2.0954218869999295, 42.637676817000056], [-2.1222510769999303, 42.64404521600005], [-2.127611958999978, 42.62878585500005], [-2.126534908999929, 42.62295112000004], [-2.1357164859999784, 42.61558783700008], [-2.1282034409999255, 42.60998676100007], [-2.1281742149999445, 42.61733508200007], [-2.1191710299999613, 42.62285869500005], [-2.1080134599999383, 42.61859377800005], [-2.097191928999962, 42.62105760000003], [-2.093525768999939, 42.622140159000026], [-2.08598034299996, 42.62088933300004], [-2.096138339999925, 42.62609243800006]]], [[[-2.1486509969999474, 42.580458373000056], [-2.14716902899994, 42.58398071900007], [-2.14471975999993, 42.59508114300007], [-2.1339030529999263, 42.598989397000025], [-2.1355995109999526, 42.60764742400005], [-2.141650021999965, 42.606495247000055], [-2.159503026999971, 42.60154851000004], [-2.1654043249999404, 42.57312173400004], [-2.1486509969999474, 42.580458373000056]]]]}}, {"type": "Feature", "properties": {"ud_kodea": "31256", "ud_iz_e": "Hiriberri/Villanueva de Aezkoa", "iz_ofizial": "Hiriberri/Villanueva de Aezkoa"}, "geometry": {"type": "Polygon", "coordinates": [[[-1.1691101239999284, 42.95001995700005], [-1.1854323789999626, 42.95229699600003], [-1.1859916529999737, 42.960797323000065], [-1.2041841239999371, 42.97518567900005], [-1.2008537039999396, 42.979635650000034], [-1.2189892319999558, 42.97123889000005], [-1.225668518999953, 42.96240998500008], [-1.2512866599999484, 42.95614981700004], [-1.2525969629999736, 42.94917439000005], [-1.2452646319999303, 42.94545898800004], [-1.2474194409999768, 42.94165602800007], [-1.2027282729999342, 42.92789694000004], [-1.194547532999934, 42.93570131600006], [-1.1870857199999705, 42.93355724300005], [-1.1694996239999682, 42.93729351500008], [-1.1682701979999592, 42.94114581000008], [-1.1605681279999658, 42.93802368000007], [-1.163993922999964, 42.94935264800006], [-1.1691101239999284, 42.95001995700005]]]}}, {"type": "Feature", "properties": {"ud_kodea": "31257", "ud_iz_e": "Villatuerta", "iz_ofizial": "Villatuerta"}, "geometry": {"type": "Polygon", "coordinates": [[[-1.9297663549999697, 42.655988732000026], [-1.9474171169999295, 42.65256809500005], [-2.007394073999933, 42.67158278200003], [-2.0111530039999366, 42.665410542000075], [-2.0085159079999357, 42.65628314700007], [-1.998265238999977, 42.64957497700004], [-2.0016256349999253, 42.64388595600008], [-1.9965122009999732, 42.643273889000056], [-1.9978879799999731, 42.63811681200008], [-1.979318280999962, 42.63101871100008], [-1.9567094619999352, 42.639667373000066], [-1.9152755289999277, 42.61155473300005], [-1.9099998649999748, 42.59527678100005], [-1.8930401759999427, 42.59007108000003], [-1.903068429999962, 42.61381584500003], [-1.9166660109999611, 42.62488689000003], [-1.9248775379999756, 42.63949004700004], [-1.9241496639999696, 42.65270320500008], [-1.9297663549999697, 42.655988732000026]]]}}, {"type": "Feature", "properties": {"ud_kodea": "31258", "ud_iz_e": "Villava/Atarrabia", "iz_ofizial": "Villava/Atarrabia"}, "geometry": {"type": "Polygon", "coordinates": [[[-1.603488686999981, 42.836199082000064], [-1.6164293209999414, 42.838607411000055], [-1.6165209159999563, 42.83450222500005], [-1.6084115209999368, 42.82674073000004], [-1.6038160019999737, 42.82926914400008], [-1.603488686999981, 42.836199082000064]]]}}, {"type": "Feature", "properties": {"ud_kodea": "31259", "ud_iz_e": "Igantzi", "iz_ofizial": "Igantzi"}, "geometry": {"type": "Polygon", "coordinates": [[[-1.6477349869999784, 43.21404837500006], [-1.6667621159999726, 43.22222270100008], [-1.6679668009999773, 43.231925524000076], [-1.676256465999927, 43.23638890800004], [-1.6731414559999394, 43.23975655000004], [-1.6986526649999405, 43.23493512600004], [-1.7046384189999344, 43.23782138900003], [-1.7307160419999263, 43.22334644500006], [-1.704039613999953, 43.207370371000025], [-1.6953115909999497, 43.19237775300007], [-1.6846224319999692, 43.20530286600007], [-1.6620533799999748, 43.20726519100003], [-1.6477349869999784, 43.21404837500006]]]}}, {"type": "Feature", "properties": {"ud_kodea": "31261", "ud_iz_e": "Yesa", "iz_ofizial": "Yesa"}, "geometry": {"type": "Polygon", "coordinates": [[[-1.177806766999936, 42.60362494900005], [-1.1754368029999682, 42.60468197400007], [-1.1738523949999262, 42.605388634000064], [-1.166483765999942, 42.60867510800006], [-1.1647959879999803, 42.61336195900003], [-1.1635090919999698, 42.616935589000036], [-1.1632978659999367, 42.61752215000007], [-1.152494542999932, 42.647522311000046], [-1.1524825969999597, 42.64755547200008], [-1.1524899269999764, 42.64755497500005], [-1.171642960999975, 42.64625137200005], [-1.2085202279999407, 42.64193540700006], [-1.2190758079999569, 42.63492288500004], [-1.2400020769999287, 42.63240075300007], [-1.2408843319999505, 42.62013114000007], [-1.2192974549999462, 42.61303460700003], [-1.1802660409999248, 42.60252809100007], [-1.177806766999936, 42.60362494900005]]]}}, {"type": "Feature", "properties": {"ud_kodea": "31032", "ud_iz_e": "Arguedas", "iz_ofizial": "Arguedas"}, "geometry": {"type": "Polygon", "coordinates": [[[-1.527086681999947, 42.227033660000075], [-1.552411822999943, 42.23867302100007], [-1.577979265999943, 42.22431323700005], [-1.5910444519999487, 42.229616941000074], [-1.596433784999931, 42.225378231000036], [-1.601429970999959, 42.216415262000055], [-1.5970187629999373, 42.21319129700004], [-1.631994582999937, 42.17554539300005], [-1.6372528799999486, 42.15563257400004], [-1.6292598199999588, 42.14687352300007], [-1.6182861179999577, 42.14618351800004], [-1.5968764259999375, 42.153920963000076], [-1.5842655189999277, 42.153883120000046], [-1.5755592799999363, 42.14002309800003], [-1.56043916699997, 42.13869964200006], [-1.5322537269999543, 42.16451398000004], [-1.5214755679999712, 42.21353908200007], [-1.5274749379999548, 42.218641640000044], [-1.527086681999947, 42.227033660000075]]]}}, {"type": "Feature", "properties": {"ud_kodea": "31033", "ud_iz_e": "Aria", "iz_ofizial": "Aria"}, "geometry": {"type": "Polygon", "coordinates": [[[-1.259797184999968, 42.958665807000045], [-1.2554362449999417, 42.964182288000075], [-1.2667582529999777, 42.96618241200008], [-1.273817678999933, 42.976815556000076], [-1.2671637669999427, 42.99060029100008], [-1.2905955889999632, 42.98908666600005], [-1.2922399319999727, 42.96165783300006], [-1.2773772779999604, 42.95649145400006], [-1.274212863999935, 42.94645750800004], [-1.254199706999941, 42.94937767400006], [-1.263254192999966, 42.956935326000064], [-1.259797184999968, 42.958665807000045]]]}}, {"type": "Feature", "properties": {"ud_kodea": "31034", "ud_iz_e": "Aribe", "iz_ofizial": "Aribe"}, "geometry": {"type": "Polygon", "coordinates": [[[-1.2512866599999484, 42.95614981700004], [-1.259797184999968, 42.958665807000045], [-1.263254192999966, 42.956935326000064], [-1.254199706999941, 42.94937767400006], [-1.274212863999935, 42.94645750800004], [-1.277723635999962, 42.93791987700007], [-1.2860082809999653, 42.93660341400005], [-1.285306928999944, 42.93184744200005], [-1.259727373999965, 42.93504520100004], [-1.2474194409999768, 42.94165602800007], [-1.2452646319999303, 42.94545898800004], [-1.2525969629999736, 42.94917439000005], [-1.2512866599999484, 42.95614981700004]]]}}, {"type": "Feature", "properties": {"ud_kodea": "31055", "ud_iz_e": "Betelu", "iz_ofizial": "Betelu"}, "geometry": {"type": "Polygon", "coordinates": [[[-1.9607865199999424, 43.01629069200004], [-1.966817267999943, 43.02109087900004], [-1.9614658849999387, 43.03349703600003], [-1.9661227889999395, 43.03541129600006], [-1.9935469899999703, 43.02559734700003], [-1.9819923069999277, 43.00511713900005], [-1.9850644419999526, 42.990664594000066], [-1.9806154299999434, 42.98895916400005], [-1.9607865199999424, 43.01629069200004]]]}}, {"type": "Feature", "properties": {"ud_kodea": "31056", "ud_iz_e": "Biurrun-Olcoz", "iz_ofizial": "Biurrun-Olcoz"}, "geometry": {"type": "MultiPolygon", "coordinates": [[[[-1.6817541069999606, 42.67570005700003], [-1.6593337889999589, 42.67972635800004], [-1.6501469959999326, 42.69139734400005], [-1.655439246999947, 42.696754647000034], [-1.6889101469999446, 42.71147018500005], [-1.6996828559999244, 42.708810259000074], [-1.6998673449999728, 42.69490835200003], [-1.6859384389999263, 42.68505060200005], [-1.6817541069999606, 42.67570005700003]]], [[[-1.6997953579999603, 42.66617153900006], [-1.6844859509999424, 42.656117865000056], [-1.6807242989999622, 42.62917566500005], [-1.671650743999976, 42.63378054300006], [-1.6727266829999508, 42.63996171800005], [-1.664064524999958, 42.648614243000054], [-1.6735252699999705, 42.668972170000075], [-1.6817541069999606, 42.67570005700003], [-1.6997953579999603, 42.66617153900006]]]]}}, {"type": "Feature", "properties": {"ud_kodea": "31057", "ud_iz_e": "Buñuel", "iz_ofizial": "Buñuel"}, "geometry": {"type": "Polygon", "coordinates": [[[-1.4447376679999593, 41.99699106800006], [-1.444061501999954, 42.004925472000025], [-1.4517571259999613, 42.007254053000054], [-1.4588616859999775, 42.00308066800005], [-1.449860067999964, 41.993376848000025], [-1.4611582239999734, 41.99396117300006], [-1.4705317829999558, 42.00081413700008], [-1.4911451039999406, 41.988946561000034], [-1.4873045219999312, 41.981375730000025], [-1.5137223349999545, 41.948352585000066], [-1.475521654999966, 41.95412902500004], [-1.4412057719999325, 41.95123640400004], [-1.400560721999966, 41.96324102600005], [-1.3860357579999345, 41.95704775000007], [-1.377956132999941, 41.95360269200006], [-1.3762122429999408, 41.95285911700006], [-1.3710961029999567, 41.96087263700008], [-1.3741719019999437, 41.96258944900006], [-1.374992236999958, 41.96304733300008], [-1.376909747999946, 41.964117627000064], [-1.418630822999944, 41.98740500500003], [-1.4195089699999244, 41.98789515900006], [-1.4195308579999733, 41.98792230200007], [-1.4291199509999615, 41.999813440000025], [-1.429472690999944, 41.99175775900005], [-1.4447376679999593, 41.99699106800006]]]}}, {"type": "Feature", "properties": {"ud_kodea": "31058", "ud_iz_e": "Auritz/Burguete", "iz_ofizial": "Auritz/Burguete"}, "geometry": {"type": "Polygon", "coordinates": [[[-1.339898734999963, 43.00167390000007], [-1.3460933109999473, 43.01634224800006], [-1.3404647539999246, 43.02576068800005], [-1.3538129589999244, 43.02800625900005], [-1.3538191419999634, 43.02800754000003], [-1.3538483369999312, 43.02801359800003], [-1.3603132019999293, 43.02935350900003], [-1.36266115199993, 43.02090276600006], [-1.3760573909999607, 43.01737470900008], [-1.3751862789999336, 43.010383698000055], [-1.3565951139999584, 43.007695890000036], [-1.3550635629999306, 42.98922321100008], [-1.3376255469999592, 42.981785408000064], [-1.3444794439999441, 42.97134917100004], [-1.3558091479999348, 42.96723528500007], [-1.3354599639999378, 42.94795001600005], [-1.3287493889999382, 42.96717650900007], [-1.320826355999941, 42.97446245000003], [-1.3148187499999722, 42.97216798000005], [-1.301962514999957, 42.99418358400004], [-1.2974301509999577, 43.00105885100004], [-1.327951035999945, 42.995277626000075], [-1.339898734999963, 43.00167390000007]]]}}, {"type": "Feature", "properties": {"ud_kodea": "31006", "ud_iz_e": "Ablitas", "iz_ofizial": "Ablitas"}, "geometry": {"type": "Polygon", "coordinates": [[[-1.607262205999973, 42.01403783400008], [-1.639244170999973, 42.01618668500004], [-1.6498907479999616, 42.013025189000075], [-1.6605670019999366, 41.99400280500004], [-1.6479682589999243, 41.98746965000004], [-1.6534303029999364, 41.98204906600006], [-1.6525014999999712, 41.964700262000065], [-1.6523017179999329, 41.96096860100005], [-1.652126045999978, 41.957687297000064], [-1.65209757599996, 41.957155509000074], [-1.6518684429999553, 41.95287561500004], [-1.6516942829999266, 41.949622531000045], [-1.6516670319999776, 41.949113510000075], [-1.651602521999962, 41.94790855800005], [-1.6511397229999716, 41.93926410600005], [-1.5799907659999803, 41.91963893600007], [-1.5799857929999348, 41.91963756400003], [-1.5736772909999672, 41.917897476000064], [-1.5593348929999706, 41.91394138100003], [-1.5593110349999506, 41.913934797000024], [-1.523368140999935, 41.909885116000055], [-1.523363303999929, 41.90988457100008], [-1.5233631729999502, 41.909884575000035], [-1.5019968909999761, 41.91055367900003], [-1.5005616979999559, 41.915835498000035], [-1.4995396229999756, 41.91959695500003], [-1.49826367299994, 41.92429272600003], [-1.497030173999974, 41.92883227100003], [-1.499555809999947, 41.930391763000046], [-1.4997866379999323, 41.93053429100007], [-1.517774587999952, 41.94164121600005], [-1.555873108999947, 41.95325868600003], [-1.538019151999947, 41.97108139200003], [-1.5452764249999404, 41.985754849000045], [-1.5772097219999637, 41.98556059400005], [-1.607262205999973, 42.01403783400008]]]}}, {"type": "Feature", "properties": {"ud_kodea": "31007", "ud_iz_e": "Adiós", "iz_ofizial": "Adiós"}, "geometry": {"type": "Polygon", "coordinates": [[[-1.7219881599999667, 42.68419791600007], [-1.7264439039999502, 42.69671987500004], [-1.7192368739999324, 42.70463613700008], [-1.718492843999968, 42.71587533300004], [-1.728196837999974, 42.71303532500008], [-1.7416060429999334, 42.709182715000054], [-1.7437684729999319, 42.70735994800003], [-1.7471353079999403, 42.68951870700005], [-1.7569701149999446, 42.683601268000075], [-1.753297593999946, 42.67620404400003], [-1.7385428929999307, 42.67618655600006], [-1.7219881599999667, 42.68419791600007]]]}}, {"type": "Feature", "properties": {"ud_kodea": "31001", "ud_iz_e": "Abáigar", "iz_ofizial": "Abáigar"}, "geometry": {"type": "Polygon", "coordinates": [[[-2.1222510769999303, 42.64404521600005], [-2.130602918999955, 42.648701681000034], [-2.1286409699999354, 42.65591759000006], [-2.150277960999972, 42.65245153200004], [-2.153944858999978, 42.64654406100004], [-2.1508871149999322, 42.63637221300007], [-2.1350224449999473, 42.63613649800004], [-2.127611958999978, 42.62878585500005], [-2.1222510769999303, 42.64404521600005]]]}}, {"type": "Feature", "properties": {"ud_kodea": "31149", "ud_iz_e": "Leitza", "iz_ofizial": "Leitza"}, "geometry": {"type": "Polygon", "coordinates": [[[-1.8770128629999476, 43.05575082900003], [-1.8662664869999617, 43.080507039000054], [-1.8648146979999751, 43.101914891000035], [-1.8544341649999296, 43.11161750400004], [-1.8472236899999643, 43.140855335000026], [-1.85480403899993, 43.14713564900006], [-1.8477185019999638, 43.15379100100006], [-1.8594856119999577, 43.16585797100004], [-1.8639216739999256, 43.15615917700006], [-1.905164966999962, 43.143404934000046], [-1.9069574329999455, 43.14285062400006], [-1.910856684999942, 43.141644804000066], [-1.954222293999976, 43.10461883000005], [-1.9468936129999292, 43.09846308300007], [-1.9466287829999374, 43.09824063800005], [-1.935321915999964, 43.088743402000034], [-1.9298326259999499, 43.05894945800003], [-1.907554060999928, 43.05078774700007], [-1.8770128629999476, 43.05575082900003]]]}}, {"type": "Feature", "properties": {"ud_kodea": "31179", "ud_iz_e": "Murillo el Fruto", "iz_ofizial": "Murillo el Fruto"}, "geometry": {"type": "Polygon", "coordinates": [[[-1.4198340189999499, 42.422981082000035], [-1.4457863729999758, 42.42390329400007], [-1.4733438379999484, 42.41581741500005], [-1.5062275199999249, 42.42007820100008], [-1.5169040339999356, 42.41316537600005], [-1.513845483999944, 42.38880147700007], [-1.496386915999949, 42.370022136000046], [-1.4750300669999774, 42.37229763300007], [-1.4637031479999791, 42.38456512700003], [-1.4190526479999335, 42.38828063600005], [-1.416840901999933, 42.39411276900006], [-1.4258086039999398, 42.39891022100005], [-1.4290758569999298, 42.409671812000056], [-1.4198340189999499, 42.422981082000035]]]}}, {"type": "Feature", "properties": {"ud_kodea": "31174", "ud_iz_e": "Morentin", "iz_ofizial": "Morentin"}, "geometry": {"type": "Polygon", "coordinates": [[[-2.01020859099998, 42.61570125900005], [-2.0321011909999243, 42.619984113000044], [-2.018379907999929, 42.603136850000055], [-1.9778215989999808, 42.57489203800003], [-1.9774668849999557, 42.58392142300005], [-1.9579192619999617, 42.58248457600007], [-2.01020859099998, 42.61570125900005]]]}}, {"type": "Feature", "properties": {"ud_kodea": "31175", "ud_iz_e": "Mues", "iz_ofizial": "Mues"}, "geometry": {"type": "Polygon", "coordinates": [[[-2.239510248999977, 42.62278631400005], [-2.256523116999972, 42.62713740600003], [-2.2596131539999647, 42.62365431100005], [-2.250493550999977, 42.60114420700006], [-2.2544594259999258, 42.59773001000008], [-2.2410522619999256, 42.58560153500008], [-2.23639230699996, 42.569567591000066], [-2.2022155569999313, 42.589201065000054], [-2.209768563999944, 42.59042410100005], [-2.2112588819999246, 42.601754440000036], [-2.2193075759999488, 42.60930211700003], [-2.2314737499999637, 42.61234722800003], [-2.231393417999925, 42.61788502200005], [-2.2367812799999456, 42.614021680000064], [-2.239510248999977, 42.62278631400005]]]}}, {"type": "Feature", "properties": {"ud_kodea": "31176", "ud_iz_e": "Murchante", "iz_ofizial": "Murchante"}, "geometry": {"type": "Polygon", "coordinates": [[[-1.6636607749999257, 42.06420670600005], [-1.691775330999974, 42.07119533800005], [-1.6878171899999757, 42.05209290100004], [-1.6822108099999582, 42.047381492000056], [-1.6841767009999558, 42.032921980000026], [-1.6757307149999292, 42.01845981500003], [-1.6707444399999645, 42.023589823000066], [-1.6533067789999336, 42.02111690500004], [-1.6461349649999306, 42.03237143700005], [-1.6445035019999636, 42.03865651600006], [-1.6552113559999384, 42.04421325100003], [-1.6517146569999568, 42.054727472000025], [-1.6673832199999765, 42.05670285600007], [-1.6636607749999257, 42.06420670600005]]]}}, {"type": "Feature", "properties": {"ud_kodea": "31177", "ud_iz_e": "Murieta", "iz_ofizial": "Murieta"}, "geometry": {"type": "Polygon", "coordinates": [[[-2.150277960999972, 42.65245153200004], [-2.1286409699999354, 42.65591759000006], [-2.141476306999948, 42.66665658900007], [-2.156725154999947, 42.67279744800004], [-2.1659548039999663, 42.67070373100006], [-2.160546396999962, 42.66543210900005], [-2.163123172999974, 42.65254607600008], [-2.153944858999978, 42.64654406100004], [-2.150277960999972, 42.65245153200004]]]}}, {"type": "Feature", "properties": {"ud_kodea": "31013", "ud_iz_e": "Améscoa Baja", "iz_ofizial": "Améscoa Baja"}, "geometry": {"type": "Polygon", "coordinates": [[[-2.0549903039999435, 42.78648787000003], [-2.077003154999943, 42.772925411000074], [-2.087819030999981, 42.78138699400006], [-2.096419613999956, 42.77842939100003], [-2.098292666999953, 42.785819426000046], [-2.1223671959999706, 42.79610139600004], [-2.1260415059999787, 42.80524281400005], [-2.1362272169999414, 42.805365119000044], [-2.145738438999956, 42.77985253800006], [-2.1557549669999503, 42.773227002000056], [-2.1833593049999536, 42.776678021000066], [-2.19682114099993, 42.76604789100003], [-2.196281289999945, 42.752968397000075], [-2.1604955199999267, 42.75528719400006], [-2.154116035999948, 42.76072450400005], [-2.1194985989999395, 42.76469605300008], [-2.115742409999939, 42.75896679600004], [-2.099816468999961, 42.75321435300003], [-2.0931440359999556, 42.757439186000056], [-2.0737856489999444, 42.754240577000076], [-2.0549903039999435, 42.78648787000003]]]}}, {"type": "Feature", "properties": {"ud_kodea": "31015", "ud_iz_e": "Andosilla", "iz_ofizial": "Andosilla"}, "geometry": {"type": "Polygon", "coordinates": [[[-1.8934184819999587, 42.387105406000046], [-1.8809775269999705, 42.39674693400008], [-1.9057565349999663, 42.41324157100007], [-1.903791043999945, 42.42770409000008], [-1.908416142999954, 42.43297148700003], [-1.9288756609999496, 42.42874275100007], [-1.9411674949999451, 42.40624345200007], [-1.9600695859999746, 42.39117868200003], [-1.9580687829999306, 42.38654051700007], [-1.9806697839999288, 42.374189569000066], [-2.003403698999932, 42.386673425000026], [-2.018202017999954, 42.401363493000076], [-2.0321261399999457, 42.38562266400004], [-2.019573045999948, 42.36847709400007], [-2.019572792999952, 42.36847674900008], [-2.012555531999965, 42.368560511000055], [-2.012551832999975, 42.368560555000045], [-1.995579715999952, 42.363595030000056], [-1.9711175669999648, 42.35345363600004], [-1.9633417289999784, 42.34953179300004], [-1.92967966599997, 42.35929753700003], [-1.9227703309999242, 42.35432463800004], [-1.8982271519999472, 42.37055404900008], [-1.8934184819999587, 42.387105406000046]]]}}, {"type": "Feature", "properties": {"ud_kodea": "31017", "ud_iz_e": "Anue", "iz_ofizial": "Anue"}, "geometry": {"type": "Polygon", "coordinates": [[[-1.5552091059999498, 43.039956604000054], [-1.5710877229999483, 43.04342479300004], [-1.5937841319999393, 43.04035615400005], [-1.583823625999969, 42.99944179200003], [-1.5882570859999419, 42.994417757000065], [-1.6072248129999593, 42.993749826000055], [-1.623093080999979, 42.97969612700007], [-1.6257868849999682, 42.97658583700007], [-1.639000631999977, 42.98188554300003], [-1.6504425029999652, 42.98024710100003], [-1.6430283109999664, 42.974972630000025], [-1.6407558029999336, 42.96178054500007], [-1.630314673999976, 42.955478740000046], [-1.6184327959999791, 42.93750623400007], [-1.6184389759999362, 42.921882767000056], [-1.6047283349999475, 42.91698884200008], [-1.5910826879999718, 42.920630740000036], [-1.5784114939999654, 42.91219864400006], [-1.5694957399999794, 42.91577957000004], [-1.5544743409999455, 42.910584079000046], [-1.5606266379999738, 42.922052808000046], [-1.5519847159999358, 42.93372227800006], [-1.5654433649999646, 42.950496685000076], [-1.5616991509999707, 42.959679702000074], [-1.5670019219999745, 42.97841325500008], [-1.5636120589999791, 42.99390404800005], [-1.5498411369999303, 43.00047490600008], [-1.5572618139999577, 43.00893416100007], [-1.5509527429999252, 43.03250993700004], [-1.5552091059999498, 43.039956604000054]]]}}, {"type": "Feature", "properties": {"ud_kodea": "31018", "ud_iz_e": "Añorbe", "iz_ofizial": "Añorbe"}, "geometry": {"type": "Polygon", "coordinates": [[[-1.707355737999933, 42.66405985200004], [-1.7186466019999784, 42.66742865500004], [-1.7478051819999791, 42.64947923900007], [-1.767914659999974, 42.64550083200004], [-1.7709701389999282, 42.625991948000035], [-1.748928436999961, 42.625690312000074], [-1.7423271789999717, 42.620439927000064], [-1.732304438999961, 42.62222959700006], [-1.7172304739999618, 42.61521767800008], [-1.7042176819999781, 42.617736828000034], [-1.7017056639999737, 42.61129650500004], [-1.6859948739999595, 42.62385100900008], [-1.7073856819999378, 42.65555011400005], [-1.707355737999933, 42.66405985200004]]]}}, {"type": "Feature", "properties": {"ud_kodea": "31019", "ud_iz_e": "Aoiz/Agoitz", "iz_ofizial": "Aoiz/Agoitz"}, "geometry": {"type": "Polygon", "coordinates": [[[-1.3200958859999332, 42.801026781000076], [-1.3425096369999778, 42.803370579000045], [-1.3534638849999396, 42.79564926300003], [-1.3608282279999457, 42.80108597000003], [-1.3819713539999725, 42.801566765000075], [-1.387345699999969, 42.79474477300005], [-1.3853395209999348, 42.785846495000044], [-1.386708619999979, 42.78161542400005], [-1.3820153519999394, 42.782981051000036], [-1.3769764179999697, 42.773706497000035], [-1.3875418329999434, 42.76231938300003], [-1.3805329219999294, 42.76529817000005], [-1.369880448999936, 42.763231922000045], [-1.3570069669999612, 42.78651501600007], [-1.351004469999964, 42.78143996400007], [-1.3384563349999326, 42.78255521900007], [-1.3312655239999458, 42.778551538000045], [-1.3308603899999412, 42.78407478200006], [-1.319797365999932, 42.78855944900005], [-1.3200958859999332, 42.801026781000076]]]}}, {"type": "Feature", "properties": {"ud_kodea": "31020", "ud_iz_e": "Araitz", "iz_ofizial": "Araitz"}, "geometry": {"type": "Polygon", "coordinates": [[[-1.9850644419999526, 42.990664594000066], [-1.9819923069999277, 43.00511713900005], [-1.9935469899999703, 43.02559734700003], [-1.9661227889999395, 43.03541129600006], [-1.9610966079999343, 43.055383532000064], [-1.9690475869999773, 43.066738446000045], [-1.9795076239999503, 43.06846202400004], [-1.9900322439999627, 43.07943633900004], [-1.9928337729999726, 43.082357572000035], [-2.0124238139999306, 43.07307651700006], [-2.0124312299999474, 43.07307300400004], [-2.012437125999952, 43.073068557000056], [-2.0228978649999476, 43.065176448000045], [-2.022898980999969, 43.065175597000064], [-2.0229022109999732, 43.06516942300004], [-2.031038432999935, 43.04961833100003], [-2.041468049999935, 43.02968378000003], [-2.0414686909999773, 43.02968255700006], [-2.041460016999963, 43.02963806900004], [-2.038741130999938, 43.015693155000065], [-2.0367646679999325, 43.01316128600007], [-2.0315235139999572, 43.006447311000045], [-2.02837995699997, 42.99882052300006], [-2.000326791999953, 42.98973631600006], [-1.9850644419999526, 42.990664594000066]]]}}, {"type": "Feature", "properties": {"ud_kodea": "31022", "ud_iz_e": "Arantza", "iz_ofizial": "Arantza"}, "geometry": {"type": "Polygon", "coordinates": [[[-1.7307160419999263, 43.22334644500006], [-1.7427832659999467, 43.22572186100007], [-1.7605196949999709, 43.21939609000003], [-1.7657669699999587, 43.20096655900005], [-1.7789246129999583, 43.18492656800004], [-1.7673636919999467, 43.17729282300007], [-1.7656378939999513, 43.16218250600008], [-1.7500930649999304, 43.154179663000036], [-1.7258130179999398, 43.161358723000035], [-1.7148379319999663, 43.18320706500003], [-1.6953115909999497, 43.19237775300007], [-1.704039613999953, 43.207370371000025], [-1.7307160419999263, 43.22334644500006]]]}}, {"type": "Feature", "properties": {"ud_kodea": "31023", "ud_iz_e": "Aranguren", "iz_ofizial": "Aranguren"}, "geometry": {"type": "Polygon", "coordinates": [[[-1.6097912029999293, 42.80315965500006], [-1.6176262139999267, 42.80687009500008], [-1.6244081609999625, 42.80381789000006], [-1.6298548999999412, 42.79750764600004], [-1.6259137779999264, 42.79049227500008], [-1.631793499999958, 42.78888590100007], [-1.6261483059999478, 42.77988524800003], [-1.6334161499999595, 42.777928005000035], [-1.623715635999929, 42.758910005000075], [-1.5405452439999294, 42.74578622100006], [-1.5344527829999492, 42.75130968700006], [-1.5229065639999249, 42.752818217000026], [-1.5178894959999525, 42.764397012000074], [-1.5108253359999253, 42.781234942000026], [-1.5108466879999582, 42.787484747000065], [-1.5236752319999596, 42.79453984600008], [-1.5380834809999442, 42.802153901000054], [-1.5670328169999266, 42.78770642600006], [-1.5715521599999533, 42.77991946800006], [-1.600954384999966, 42.78472207200008], [-1.6097912029999293, 42.80315965500006]]]}}, {"type": "Feature", "properties": {"ud_kodea": "31024", "ud_iz_e": "Arano", "iz_ofizial": "Arano"}, "geometry": {"type": "Polygon", "coordinates": [[[-1.8590989479999394, 43.20579414900004], [-1.8643842269999595, 43.20752299000003], [-1.8644071209999424, 43.20748925700008], [-1.864456784999959, 43.207416082000066], [-1.869624048999981, 43.199802573000056], [-1.8725297489999662, 43.195521281000026], [-1.879558488999976, 43.18516505200006], [-1.8900905299999522, 43.169647017000045], [-1.8903622509999423, 43.169246661000045], [-1.8953469269999346, 43.16190218000003], [-1.8691715459999614, 43.17635709100006], [-1.8538218469999492, 43.194072187000074], [-1.8401236489999633, 43.194026672000064], [-1.8372080199999345, 43.20450584800005], [-1.8462975329999267, 43.20160674200008], [-1.8590989479999394, 43.20579414900004]]]}}, {"type": "Feature", "properties": {"ud_kodea": "31025", "ud_iz_e": "Arakil", "iz_ofizial": "Arakil"}, "geometry": {"type": "Polygon", "coordinates": [[[-1.8288883919999535, 42.93761992900005], [-1.8455424029999676, 42.94165217600005], [-1.8611710029999244, 42.93360532100007], [-1.9008136309999486, 42.93720756100004], [-1.917894032999925, 42.94025186600004], [-1.9280018379999433, 42.93481797600003], [-1.9391548319999288, 42.918361728000036], [-1.9300130539999714, 42.91279259500004], [-1.9219628109999576, 42.916382087000045], [-1.926834317999976, 42.88699047100005], [-1.9010174609999808, 42.889888308000025], [-1.8734839679999595, 42.886711888000036], [-1.8530495539999379, 42.881214069000066], [-1.8388279389999411, 42.88803154900006], [-1.8263814379999417, 42.88349219300005], [-1.8003336759999797, 42.88322222600004], [-1.7918830259999368, 42.89020222200003], [-1.7980459649999716, 42.90076696400007], [-1.8113721509999436, 42.905246618000035], [-1.7994763639999292, 42.920475915000054], [-1.8108249529999512, 42.92797843900007], [-1.8196911179999802, 42.90966403700003], [-1.8350488309999378, 42.913144155000055], [-1.8369694489999802, 42.92044873800006], [-1.8277561009999772, 42.93011621200003], [-1.8288883919999535, 42.93761992900005]]]}}, {"type": "Feature", "properties": {"ud_kodea": "31026", "ud_iz_e": "Aras", "iz_ofizial": "Aras"}, "geometry": {"type": "Polygon", "coordinates": [[[-2.3624773509999386, 42.58845779100005], [-2.3892199279999318, 42.59060266300003], [-2.37759073899997, 42.54546698900003], [-2.347211770999934, 42.54472160800003], [-2.3274013899999773, 42.554495143000054], [-2.3340879419999396, 42.576327837000065], [-2.3390086439999322, 42.58112933700005], [-2.3595042079999757, 42.58364119600003], [-2.3624773509999386, 42.58845779100005]]]}}, {"type": "Feature", "properties": {"ud_kodea": "31120", "ud_iz_e": "Guesálaz/Gesalatz", "iz_ofizial": "Guesálaz/Gesalatz"}, "geometry": {"type": "MultiPolygon", "coordinates": [[[[-1.9735637699999415, 42.82128542500004], [-1.990209881999931, 42.811689767000075], [-1.9856300679999777, 42.783580097000026], [-1.97500824399998, 42.778262529000074], [-1.9631646089999322, 42.767160474000036], [-1.9482581789999358, 42.767591852000066], [-1.9395620169999575, 42.76221659300006], [-1.9449380189999488, 42.749334773000044], [-1.9316865539999526, 42.73831549300007], [-1.9371229129999392, 42.73188230200003], [-1.9352269139999407, 42.72489457100005], [-1.952310051999973, 42.724421695000046], [-1.958709497999962, 42.71715876900004], [-1.9432933129999697, 42.70587799900005], [-1.9440216949999467, 42.701805345000025], [-1.9303848559999324, 42.69818463400003], [-1.9339341129999639, 42.69624562800004], [-1.9302085649999299, 42.687826863000055], [-1.9147867519999409, 42.69651610200003], [-1.8983581249999588, 42.696296174000054], [-1.89859460699995, 42.703637738000054], [-1.8908498639999607, 42.71001990600007], [-1.8949227789999554, 42.73166293300005], [-1.8818716989999302, 42.73602981800008], [-1.8712440999999558, 42.75418820300007], [-1.887962484999946, 42.75613493700007], [-1.9036010149999356, 42.76532698400007], [-1.8956047069999613, 42.799893164000025], [-1.917800255999964, 42.798466070000075], [-1.9223573229999715, 42.81068413400004], [-1.9353119349999588, 42.81768521500004], [-1.9418893799999637, 42.81215398200004], [-1.949346807999973, 42.82030926500005], [-1.9562969999999495, 42.81364605200008], [-1.9735637699999415, 42.82128542500004]]], [[[-1.8510640939999803, 42.770341108000025], [-1.8463883769999256, 42.78255018100003], [-1.844081482999968, 42.78892062300008], [-1.8483164759999795, 42.795924229000036], [-1.851801878999936, 42.806477277000056], [-1.8705728069999736, 42.809959813000035], [-1.8727216329999692, 42.80680215600006], [-1.8725475179999762, 42.779343709000045], [-1.8586306479999735, 42.76897598200003], [-1.8510640939999803, 42.770341108000025]]]]}}, {"type": "Feature", "properties": {"ud_kodea": "31131", "ud_iz_e": "Iza/Itza", "iz_ofizial": "Iza/Itza"}, "geometry": {"type": "Polygon", "coordinates": [[[-1.7520077869999682, 42.92544315400005], [-1.7587957749999532, 42.926075265000065], [-1.7602426409999339, 42.93580737800005], [-1.7688706669999306, 42.943797811000024], [-1.785040487999936, 42.93306559100006], [-1.8072846299999696, 42.93490243200006], [-1.81422820399996, 42.93070619700006], [-1.8108249529999512, 42.92797843900007], [-1.7994763639999292, 42.920475915000054], [-1.8113721509999436, 42.905246618000035], [-1.7980459649999716, 42.90076696400007], [-1.7918830259999368, 42.89020222200003], [-1.8003336759999797, 42.88322222600004], [-1.8263814379999417, 42.88349219300005], [-1.822838729999944, 42.86720174100003], [-1.8124931859999265, 42.86661764400003], [-1.8077391999999577, 42.85538393100006], [-1.797073250999972, 42.84871655500007], [-1.7834706259999393, 42.86023444800003], [-1.7506747249999535, 42.83611682800006], [-1.7439742579999802, 42.83588148100006], [-1.7417782669999724, 42.82953581800007], [-1.7242604019999703, 42.82825233700004], [-1.7214829219999501, 42.83301199600004], [-1.7418990499999722, 42.858101213000054], [-1.7347093289999407, 42.86796352500005], [-1.7355136199999492, 42.879949116000034], [-1.7518721569999798, 42.88602685700005], [-1.74023511799993, 42.88860991000007], [-1.759305903999973, 42.89577011200004], [-1.7508460539999646, 42.90106303500005], [-1.7520077869999682, 42.92544315400005]]]}}, {"type": "Feature", "properties": {"ud_kodea": "31150", "ud_iz_e": "Leoz/Leotz", "iz_ofizial": "Leoz/Leotz"}, "geometry": {"type": "Polygon", "coordinates": [[[-1.5059701809999524, 42.597482969000055], [-1.4976542979999294, 42.62651551700003], [-1.500635612999929, 42.63643346400005], [-1.4934626829999615, 42.64963103800005], [-1.48532841399998, 42.653549191000025], [-1.542879935999963, 42.67736738900004], [-1.5537602229999266, 42.649210700000026], [-1.5804914229999554, 42.62814846400005], [-1.5897211799999695, 42.62768608300007], [-1.594482702999926, 42.61118378700007], [-1.5818485159999796, 42.60543565900008], [-1.564503894999973, 42.604265087000044], [-1.5771263369999247, 42.59387014600003], [-1.5941920899999786, 42.58778414900007], [-1.616078426999934, 42.59170686400006], [-1.6392144939999298, 42.59434347200005], [-1.647982319999926, 42.590196743000035], [-1.6457689939999796, 42.58096696700005], [-1.6189705909999361, 42.576639740000076], [-1.6317563479999535, 42.565320188000044], [-1.6269698879999623, 42.56248021400006], [-1.6332504039999662, 42.55324370000005], [-1.6309397159999435, 42.53803282900003], [-1.6292907849999665, 42.52490116400003], [-1.6154130979999763, 42.52703066200007], [-1.603875114999937, 42.541605563000076], [-1.5933833249999338, 42.54623214900005], [-1.5642011739999475, 42.555325862000075], [-1.534773955999981, 42.553710573000046], [-1.529491463999932, 42.57066311800003], [-1.5167832069999463, 42.57891935500004], [-1.5059701809999524, 42.597482969000055]]]}}, {"type": "Feature", "properties": {"ud_kodea": "31191", "ud_iz_e": "Olite/Erriberri", "iz_ofizial": "Olite/Erriberri"}, "geometry": {"type": "Polygon", "coordinates": [[[-1.6214151449999576, 42.48439873700005], [-1.6202385319999735, 42.50361152500005], [-1.6246453229999247, 42.508563484000035], [-1.708876170999929, 42.48239166500008], [-1.7374752159999503, 42.44691289300005], [-1.738359341999967, 42.43921376700007], [-1.71456915899995, 42.42179364400005], [-1.7165507149999257, 42.409856225000055], [-1.7078558299999713, 42.39948306100007], [-1.6979259019999517, 42.38081886100008], [-1.660465166999927, 42.385367495000025], [-1.643510254999967, 42.39422770200008], [-1.644800886999974, 42.412164363000045], [-1.6474229129999571, 42.42192147000003], [-1.6305200439999794, 42.43622881500005], [-1.6306041519999326, 42.459158229000025], [-1.6214151449999576, 42.48439873700005]]]}}, {"type": "Feature", "properties": {"ud_kodea": "31085", "ud_iz_e": "Etxauri", "iz_ofizial": "Etxauri"}, "geometry": {"type": "Polygon", "coordinates": [[[-1.7615340909999304, 42.79228989500007], [-1.781048177999935, 42.79792942300003], [-1.7799963509999657, 42.805401465000045], [-1.8031283509999412, 42.806384052000055], [-1.8173177059999261, 42.81908464400004], [-1.8276345189999574, 42.81623707400007], [-1.829982351999945, 42.82081773900006], [-1.8386665719999655, 42.82087915500006], [-1.851801878999936, 42.806477277000056], [-1.8483164759999795, 42.795924229000036], [-1.8432230039999808, 42.79890768900003], [-1.8056123159999515, 42.795513708000044], [-1.802776225999935, 42.78278686600004], [-1.7897687319999704, 42.779003018000026], [-1.7736547539999492, 42.78158711200007], [-1.7807846329999393, 42.786436010000045], [-1.7798958039999775, 42.79184771700005], [-1.7638251719999403, 42.78714566100007], [-1.7615340909999304, 42.79228989500007]]]}}, {"type": "Feature", "properties": {"ud_kodea": "31087", "ud_iz_e": "Elgorriaga", "iz_ofizial": "Elgorriaga"}, "geometry": {"type": "Polygon", "coordinates": [[[-1.6790066669999533, 43.14721282000005], [-1.6926381699999524, 43.150412896000034], [-1.7068684899999766, 43.14627044300005], [-1.694899376999956, 43.132573603000026], [-1.697554575999959, 43.11786804600007], [-1.682557496999948, 43.132477110000025], [-1.6790066669999533, 43.14721282000005]]]}}, {"type": "Feature", "properties": {"ud_kodea": "31096", "ud_iz_e": "Espronceda", "iz_ofizial": "Espronceda"}, "geometry": {"type": "Polygon", "coordinates": [[[-2.2847450299999537, 42.611989677000054], [-2.292451605999929, 42.61726076600007], [-2.302114420999942, 42.61564500800006], [-2.306461135999939, 42.607395205000046], [-2.3183578999999668, 42.603080986000066], [-2.3205305079999334, 42.59161179900008], [-2.3067641929999354, 42.576760154000056], [-2.295014227999957, 42.579237083000066], [-2.290456570999936, 42.596445653000046], [-2.2858509949999757, 42.595219229000065], [-2.2847450299999537, 42.611989677000054]]]}}, {"type": "Feature", "properties": {"ud_kodea": "31117", "ud_iz_e": "Goizueta", "iz_ofizial": "Goizueta"}, "geometry": {"type": "Polygon", "coordinates": [[[-1.7605196949999709, 43.21939609000003], [-1.7621150279999256, 43.228778076000026], [-1.7702201309999737, 43.235393732000034], [-1.794651207999948, 43.248799416000054], [-1.7949807369999462, 43.248980233000054], [-1.812639990999969, 43.25867012000003], [-1.8490258989999688, 43.22375771600008], [-1.8516698289999454, 43.22122085600006], [-1.8563580579999552, 43.21672248400006], [-1.8614686179999467, 43.21181887800003], [-1.8638229419999561, 43.20834999400006], [-1.8643842269999595, 43.20752299000003], [-1.8590989479999394, 43.20579414900004], [-1.8462975329999267, 43.20160674200008], [-1.8372080199999345, 43.20450584800005], [-1.8401236489999633, 43.194026672000064], [-1.8538218469999492, 43.194072187000074], [-1.8691715459999614, 43.17635709100006], [-1.8953469269999346, 43.16190218000003], [-1.9031205229999273, 43.15044847200005], [-1.9032255989999385, 43.15029365100003], [-1.9066686949999507, 43.145220549000044], [-1.9084877399999414, 43.14366743200003], [-1.910856684999942, 43.141644804000066], [-1.9069574329999455, 43.14285062400006], [-1.905164966999962, 43.143404934000046], [-1.8639216739999256, 43.15615917700006], [-1.8594856119999577, 43.16585797100004], [-1.8477185019999638, 43.15379100100006], [-1.85480403899993, 43.14713564900006], [-1.8472236899999643, 43.140855335000026], [-1.8370578569999338, 43.143273753000074], [-1.8158861769999248, 43.15008917200004], [-1.7962866119999603, 43.15803387400007], [-1.7801335869999662, 43.15696225000005], [-1.7656378939999513, 43.16218250600008], [-1.7673636919999467, 43.17729282300007], [-1.7789246129999583, 43.18492656800004], [-1.7657669699999587, 43.20096655900005], [-1.7605196949999709, 43.21939609000003]]]}}, {"type": "Feature", "properties": {"ud_kodea": "31119", "ud_iz_e": "Güesa/Gorza", "iz_ofizial": "Güesa/Gorza"}, "geometry": {"type": "Polygon", "coordinates": [[[-1.04002051599997, 42.81003645800007], [-1.0306878139999753, 42.81623372400003], [-1.024640657999953, 42.84288291800004], [-1.0144660049999743, 42.848415928000065], [-1.0186675889999606, 42.86158160400004], [-1.026062814999932, 42.85202026800005], [-1.044560500999978, 42.84332398500004], [-1.0425241709999682, 42.83844462900004], [-1.0553393079999296, 42.82973025600006], [-1.0924926519999758, 42.825816958000075], [-1.1109187509999288, 42.82894997600005], [-1.1048846529999423, 42.82383461900008], [-1.1112194539999791, 42.81907668700006], [-1.117265105999934, 42.820589994000045], [-1.119159326999977, 42.81298504400007], [-1.1035252069999615, 42.79747275900007], [-1.0809068899999374, 42.79460136400007], [-1.0531587869999726, 42.80175997300006], [-1.0419308799999385, 42.79988457800005], [-1.04002051599997, 42.81003645800007]]]}}, {"type": "Feature", "properties": {"ud_kodea": "31121", "ud_iz_e": "Guirguillano", "iz_ofizial": "Guirguillano"}, "geometry": {"type": "Polygon", "coordinates": [[[-1.8524562309999624, 42.75451483900008], [-1.8650966509999307, 42.76026013100005], [-1.8712440999999558, 42.75418820300007], [-1.8818716989999302, 42.73602981800008], [-1.8949227789999554, 42.73166293300005], [-1.8908498639999607, 42.71001990600007], [-1.8728453399999694, 42.69006838100006], [-1.858859268999936, 42.68455369600008], [-1.8505493069999375, 42.695024896000064], [-1.8379924929999447, 42.69866243400003], [-1.8432416339999804, 42.701984390000064], [-1.8354359889999614, 42.708064954000065], [-1.845585989999961, 42.72569197100006], [-1.8439376549999338, 42.73815666400003], [-1.8524562309999624, 42.75451483900008]]]}}, {"type": "Feature", "properties": {"ud_kodea": "31122", "ud_iz_e": "Huarte/Uharte", "iz_ofizial": "Huarte/Uharte"}, "geometry": {"type": "Polygon", "coordinates": [[[-1.578496070999961, 42.82637314800007], [-1.5740361569999664, 42.83517855700006], [-1.589076175999935, 42.835939825000025], [-1.5960768299999586, 42.839305222000064], [-1.603488686999981, 42.836199082000064], [-1.6038160019999737, 42.82926914400008], [-1.6084115209999368, 42.82674073000004], [-1.606698569999935, 42.82107172000008], [-1.6085759789999656, 42.814504741000064], [-1.578496070999961, 42.82637314800007]]]}}, {"type": "Feature", "properties": {"ud_kodea": "31124", "ud_iz_e": "Ibargoiti", "iz_ofizial": "Ibargoiti"}, "geometry": {"type": "Polygon", "coordinates": [[[-1.4349986329999638, 42.70482365300006], [-1.4401778289999356, 42.70961303300004], [-1.4638606889999437, 42.69648843700003], [-1.473584844999948, 42.70270594500005], [-1.4931580389999795, 42.69709378400006], [-1.5003272069999412, 42.69037997200007], [-1.5132658599999331, 42.69348431600008], [-1.5368029319999437, 42.68721367900008], [-1.542879935999963, 42.67736738900004], [-1.48532841399998, 42.653549191000025], [-1.4277500279999344, 42.64125551600006], [-1.419093739999937, 42.641586594000046], [-1.4095167829999582, 42.66022052000005], [-1.396036937999952, 42.66118565800008], [-1.3778750889999287, 42.665657614000054], [-1.3792495799999642, 42.68178742900005], [-1.3968922129999441, 42.67585817500003], [-1.3998379689999751, 42.685192749000066], [-1.4188754429999335, 42.689194317000045], [-1.4270489879999673, 42.70003206500007], [-1.4404357259999756, 42.69931547200008], [-1.4349986329999638, 42.70482365300006]]]}}, {"type": "Feature", "properties": {"ud_kodea": "31011", "ud_iz_e": "Allín/Allin", "iz_ofizial": "Allín/Allin"}, "geometry": {"type": "Polygon", "coordinates": [[[-2.0737856489999444, 42.754240577000076], [-2.0931440359999556, 42.757439186000056], [-2.099816468999961, 42.75321435300003], [-2.111360187999935, 42.750053656000034], [-2.109479075999957, 42.73294697800003], [-2.1264896479999607, 42.712464682000075], [-2.092218263999939, 42.689387588000045], [-2.095167053999944, 42.685547616000065], [-2.083063331999938, 42.664459744000055], [-2.0705240119999644, 42.65760459200004], [-2.0435515379999742, 42.66851325500005], [-2.0460278689999427, 42.67574726600003], [-2.066361342999926, 42.688729429000034], [-2.048789301999932, 42.69393407700005], [-2.0564633959999696, 42.697473682000066], [-2.0618483129999277, 42.712817975000064], [-2.047148967999931, 42.738920104000044], [-2.063796037999964, 42.74246147300005], [-2.0737856489999444, 42.754240577000076]]]}}, {"type": "Feature", "properties": {"ud_kodea": "31902", "ud_iz_e": "Berrioplano/Berriobeiti", "iz_ofizial": "Berrioplano/Berriobeiti"}, "geometry": {"type": "Polygon", "coordinates": [[[-1.7142175659999452, 42.89069803000007], [-1.7212998099999481, 42.89170483700008], [-1.7271893549999504, 42.88763266500007], [-1.7273927789999561, 42.87591494000003], [-1.7355136199999492, 42.879949116000034], [-1.7347093289999407, 42.86796352500005], [-1.7418990499999722, 42.858101213000054], [-1.7214829219999501, 42.83301199600004], [-1.7110287539999263, 42.833858330000055], [-1.7059022219999633, 42.83916756100007], [-1.6939346839999416, 42.834502034000025], [-1.6805335019999461, 42.83810356400005], [-1.6710800239999344, 42.854252666000036], [-1.6601868949999243, 42.847538662000034], [-1.6658897349999506, 42.833422288000065], [-1.650945758999967, 42.83139214500005], [-1.6521680219999553, 42.84664311100005], [-1.668213747999971, 42.85975192300003], [-1.676009348999969, 42.863381375000074], [-1.6763942919999408, 42.86465950100006], [-1.6889386759999638, 42.87113153700005], [-1.6903616319999628, 42.87679394000003], [-1.7018134009999244, 42.87777992200006], [-1.702835734999951, 42.88567088000008], [-1.7162706609999532, 42.88382320800008], [-1.7142175659999452, 42.89069803000007]]]}}, {"type": "Feature", "properties": {"ud_kodea": "31075", "ud_iz_e": "Ciriza/Ziritza", "iz_ofizial": "Ciriza/Ziritza"}, "geometry": {"type": "Polygon", "coordinates": [[[-1.802776225999935, 42.78278686600004], [-1.8056123159999515, 42.795513708000044], [-1.8432230039999808, 42.79890768900003], [-1.8483164759999795, 42.795924229000036], [-1.844081482999968, 42.78892062300008], [-1.8287691389999736, 42.783334782000054], [-1.818889694999939, 42.78597085600006], [-1.8205843309999636, 42.78944638100006], [-1.8154132759999584, 42.790689791000034], [-1.802776225999935, 42.78278686600004]]]}}, {"type": "Feature", "properties": {"ud_kodea": "31097", "ud_iz_e": "Estella-Lizarra", "iz_ofizial": "Estella-Lizarra"}, "geometry": {"type": "Polygon", "coordinates": [[[-2.007394073999933, 42.67158278200003], [-2.0168028369999433, 42.688630018000026], [-2.0216857979999645, 42.683944034000035], [-2.035753214999943, 42.68907021600006], [-2.041902390999951, 42.68610506200008], [-2.048789301999932, 42.69393407700005], [-2.066361342999926, 42.688729429000034], [-2.0460278689999427, 42.67574726600003], [-2.0435515379999742, 42.66851325500005], [-2.0292084749999617, 42.655469878000076], [-2.031838931999971, 42.64635156400004], [-2.025562236999974, 42.64285840000008], [-2.0349914129999433, 42.632585662000054], [-2.0016256349999253, 42.64388595600008], [-1.998265238999977, 42.64957497700004], [-2.0085159079999357, 42.65628314700007], [-2.0111530039999366, 42.665410542000075], [-2.007394073999933, 42.67158278200003]]]}}, {"type": "Feature", "properties": {"ud_kodea": "31172", "ud_iz_e": "Monreal/Elo", "iz_ofizial": "Monreal/Elo"}, "geometry": {"type": "Polygon", "coordinates": [[[-1.473584844999948, 42.70270594500005], [-1.48702366699996, 42.70688257900008], [-1.501313080999978, 42.71892140800003], [-1.5124292789999458, 42.71880522600003], [-1.5365677249999408, 42.73464110100008], [-1.5570048039999733, 42.72621054600006], [-1.5429246959999432, 42.72087222300007], [-1.5494943859999353, 42.69521866200006], [-1.5681057099999407, 42.69282342300005], [-1.5726937919999386, 42.682245419000026], [-1.542879935999963, 42.67736738900004], [-1.5368029319999437, 42.68721367900008], [-1.5132658599999331, 42.69348431600008], [-1.5003272069999412, 42.69037997200007], [-1.4931580389999795, 42.69709378400006], [-1.473584844999948, 42.70270594500005]]]}}, {"type": "Feature", "properties": {"ud_kodea": "53063", "ud_iz_e": " ", "iz_ofizial": " "}, "geometry": {"type": "Polygon", "coordinates": [[[-2.1815934739999534, 42.80215928200005], [-2.2169018879999385, 42.82037154400007], [-2.2327560719999724, 42.84380220300005], [-2.234021216999963, 42.84092627800004], [-2.2373260489999325, 42.833413750000034], [-2.2530186759999538, 42.82065778400005], [-2.2677595759999463, 42.81338670800005], [-2.2677632759999256, 42.81338061100007], [-2.270478751999974, 42.80890149000004], [-2.2704787649999503, 42.808901467000055], [-2.278755647999958, 42.793374904000075], [-2.2775646029999734, 42.792997006000064], [-2.2732012969999573, 42.79161260500007], [-2.2370911199999455, 42.78015546800003], [-2.2310245349999605, 42.78434741400008], [-2.221661120999954, 42.78324846700008], [-2.1833593049999536, 42.776678021000066], [-2.1557549669999503, 42.773227002000056], [-2.145738438999956, 42.77985253800006], [-2.1362272169999414, 42.805365119000044], [-2.1260415059999787, 42.80524281400005], [-2.1223671959999706, 42.79610139600004], [-2.098292666999953, 42.785819426000046], [-2.096419613999956, 42.77842939100003], [-2.087819030999981, 42.78138699400006], [-2.077003154999943, 42.772925411000074], [-2.0549903039999435, 42.78648787000003], [-2.121684537999954, 42.81151317800004], [-2.1332499769999345, 42.811880443000064], [-2.1652671459999624, 42.800357493000035], [-2.1815934739999534, 42.80215928200005]]]}}, {"type": "Feature", "properties": {"ud_kodea": "53067", "ud_iz_e": " ", "iz_ofizial": " "}, "geometry": {"type": "Polygon", "coordinates": [[[-1.1662836339999672, 42.86598694200006], [-1.1783613719999266, 42.87862459400003], [-1.1991424109999684, 42.88777816900006], [-1.194745422999972, 42.87982968500006], [-1.20233782899993, 42.86672096500007], [-1.1962431209999522, 42.852793613000074], [-1.1906939309999416, 42.85380464000008], [-1.177526744999966, 42.84541031700007], [-1.1707450259999632, 42.84880498900003], [-1.1662836339999672, 42.86598694200006]]]}}, {"type": "Feature", "properties": {"ud_kodea": "53061", "ud_iz_e": " ", "iz_ofizial": " "}, "geometry": {"type": "Polygon", "coordinates": [[[-1.7166726729999482, 42.98129711900003], [-1.7310471379999512, 42.98485221400006], [-1.7430913299999702, 42.979456103000075], [-1.729897416999961, 42.97820346700007], [-1.7166726729999482, 42.98129711900003]]]}}, {"type": "Feature", "properties": {"ud_kodea": "53065", "ud_iz_e": " ", "iz_ofizial": " "}, "geometry": {"type": "Polygon", "coordinates": [[[-1.9279268419999767, 42.93914198600004], [-1.917894032999925, 42.94025186600004], [-1.920183108999936, 42.941752146000056], [-1.9387526939999589, 42.94178680400006], [-1.9467837619999386, 42.94026018500006], [-1.9503215489999661, 42.93665022400006], [-1.9279268419999767, 42.93914198600004]]]}}, {"type": "Feature", "properties": {"ud_kodea": "53070", "ud_iz_e": " ", "iz_ofizial": " "}, "geometry": {"type": "Polygon", "coordinates": [[[-2.08598034299996, 42.62088933300004], [-2.093525768999939, 42.622140159000026], [-2.097191928999962, 42.62105760000003], [-2.097510546999956, 42.61552177600004], [-2.08598034299996, 42.62088933300004]]]}}, {"type": "Feature", "properties": {"ud_kodea": "53080", "ud_iz_e": " ", "iz_ofizial": " "}, "geometry": {"type": "Polygon", "coordinates": [[[-2.02837995699997, 42.99882052300006], [-2.0283803069999635, 42.99881957500003], [-2.032416006999938, 42.98788672500007], [-2.038411400999962, 42.98097646900004], [-2.0384115909999423, 42.980976385000076], [-2.053073230999928, 42.97381150800004], [-2.053196219999961, 42.97375140500003], [-2.054572992999965, 42.970465998000066], [-2.0555489729999294, 42.96813700800004], [-2.0405797089999282, 42.968775116000074], [-2.031082896999976, 42.969937852000044], [-2.0275377789999425, 42.96534225100004], [-2.010229795999976, 42.95660323900006], [-1.9891147669999327, 42.95383421200006], [-1.9629597949999606, 42.96076815400005], [-1.9806154299999434, 42.98895916400005], [-1.9850644419999526, 42.990664594000066], [-2.000326791999953, 42.98973631600006], [-2.02837995699997, 42.99882052300006]]]}}, {"type": "Feature", "properties": {"ud_kodea": "31012", "ud_iz_e": "Allo", "iz_ofizial": "Allo"}, "geometry": {"type": "Polygon", "coordinates": [[[-1.9742644359999417, 42.56368439100004], [-2.0036779929999398, 42.581738941000026], [-2.021947356999931, 42.57690721900008], [-2.0383610409999733, 42.553883831000064], [-2.0462694729999384, 42.502446803000055], [-2.03582141499993, 42.498856225000054], [-2.026569588999962, 42.496679683000025], [-2.008186612999964, 42.519450421000045], [-1.991938280999932, 42.51542720900005], [-1.9786515179999355, 42.52176655300008], [-1.9719079099999703, 42.53136025600003], [-1.981736140999942, 42.55221491300006], [-1.9742644359999417, 42.56368439100004]]]}}, {"type": "Feature", "properties": {"ud_kodea": "31181", "ud_iz_e": "Navascués/Nabaskoze", "iz_ofizial": "Navascués/Nabaskoze"}, "geometry": {"type": "Polygon", "coordinates": [[[-1.1093113679999647, 42.77330015700005], [-1.1351505669999256, 42.77575900800008], [-1.1501442639999482, 42.77140086000003], [-1.162458350999941, 42.755498156000044], [-1.1753780079999387, 42.757460722000076], [-1.1803489139999783, 42.751704593000056], [-1.19591111699998, 42.75649845300006], [-1.2055751639999244, 42.74470963500005], [-1.2009615359999657, 42.73610047900007], [-1.2048638439999309, 42.73167725400003], [-1.1964435819999721, 42.723386264000055], [-1.1991391559999443, 42.71464875000004], [-1.1775239849999366, 42.70924595200006], [-1.1713039769999796, 42.71190230600007], [-1.1290556439999477, 42.690291982000076], [-1.0998107759999698, 42.68740610000003], [-1.0394220629999609, 42.68151710500007], [-1.0348625159999756, 42.681072466000046], [-1.0166592919999289, 42.679297321000035], [-1.0109481319999531, 42.68711048800003], [-1.0306890609999755, 42.68668233000005], [-1.0291539169999737, 42.69695126500005], [-1.0287706869999624, 42.69951478100006], [-1.0286791049999806, 42.70012739300006], [-1.0286405349999654, 42.70038539700005], [-1.0388118749999649, 42.71028337100006], [-1.0509914519999484, 42.757824130000074], [-1.0719356139999263, 42.76258211900006], [-1.0883206299999415, 42.761101008000026], [-1.1093113679999647, 42.77330015700005]]]}}, {"type": "Feature", "properties": {"ud_kodea": "31195", "ud_iz_e": "Orbaizeta", "iz_ofizial": "Orbaizeta"}, "geometry": {"type": "Polygon", "coordinates": [[[-1.1753846239999461, 43.03439457300004], [-1.1772188149999465, 43.03524462400003], [-1.212677393999968, 43.05167780600004], [-1.229309930999932, 43.05568236900007], [-1.2592169169999465, 43.06098599400008], [-1.2634707499999536, 43.044210484000075], [-1.263470793999943, 43.04421030900005], [-1.2646576639999694, 43.03952974400005], [-1.2884793269999477, 43.03577345300005], [-1.295342378999976, 43.02730346300007], [-1.2854596919999608, 43.03224346700006], [-1.277236425999945, 43.03090422400004], [-1.2634610049999537, 43.021457300000066], [-1.2898750749999408, 43.00982482400008], [-1.2974301509999577, 43.00105885100004], [-1.301962514999957, 42.99418358400004], [-1.2905955889999632, 42.98908666600005], [-1.2671637669999427, 42.99060029100008], [-1.2487897369999246, 42.993166047000045], [-1.2399339219999774, 42.974228346000075], [-1.225668518999953, 42.96240998500008], [-1.2189892319999558, 42.97123889000005], [-1.2008537039999396, 42.979635650000034], [-1.2041841239999371, 42.97518567900005], [-1.1859916529999737, 42.960797323000065], [-1.1854323789999626, 42.95229699600003], [-1.1691101239999284, 42.95001995700005], [-1.1650932389999298, 42.96927980800007], [-1.1695412479999732, 42.98384851000003], [-1.1469552929999622, 42.98773515200003], [-1.14156017199997, 43.00762000000003], [-1.1386584939999693, 43.02117175400008], [-1.1448141429999623, 43.02338802500003], [-1.1753846239999461, 43.03439457300004]]]}}, {"type": "Feature", "properties": {"ud_kodea": "31238", "ud_iz_e": "Unzué/Untzue", "iz_ofizial": "Unzué/Untzue"}, "geometry": {"type": "Polygon", "coordinates": [[[-1.5681057099999407, 42.69282342300005], [-1.593446536999977, 42.68533886800003], [-1.5967775919999667, 42.69243980600004], [-1.604402198999935, 42.69375776700008], [-1.63213712299995, 42.667661800000076], [-1.6585657039999546, 42.656987995000065], [-1.6576544759999479, 42.65000711700003], [-1.664064524999958, 42.648614243000054], [-1.6727266829999508, 42.63996171800005], [-1.671650743999976, 42.63378054300006], [-1.6337790939999763, 42.640044111000066], [-1.6134516419999727, 42.652434355000025], [-1.5974750469999321, 42.674464863000026], [-1.5726937919999386, 42.682245419000026], [-1.5681057099999407, 42.69282342300005]]]}}, {"type": "Feature", "properties": {"ud_kodea": "31059", "ud_iz_e": "Burgui/Burgi", "iz_ofizial": "Burgui/Burgi"}, "geometry": {"type": "Polygon", "coordinates": [[[-1.0310488479999549, 42.77670827600008], [-1.0440630999999598, 42.77140244000003], [-1.0509914519999484, 42.757824130000074], [-1.0388118749999649, 42.71028337100006], [-1.0286405349999654, 42.70038539700005], [-1.0286791049999806, 42.70012739300006], [-1.0287706869999624, 42.69951478100006], [-1.0291539169999737, 42.69695126500005], [-1.0306890609999755, 42.68668233000005], [-1.0109481319999531, 42.68711048800003], [-1.0015679169999316, 42.699943105000045], [-1.001564645999963, 42.69994495100008], [-0.9230975899999407, 42.743973750000066], [-0.9230617099999563, 42.74399388100005], [-0.9230618899999286, 42.743993997000075], [-0.9448363269999618, 42.758561014000065], [-0.9922926139999504, 42.773144641000044], [-1.0132933129999628, 42.768891514000074], [-1.0310488479999549, 42.77670827600008]]]}}, {"type": "Feature", "properties": {"ud_kodea": "31060", "ud_iz_e": "Burlada/Burlata", "iz_ofizial": "Burlada/Burlata"}, "geometry": {"type": "Polygon", "coordinates": [[[-1.606698569999935, 42.82107172000008], [-1.6084115209999368, 42.82674073000004], [-1.6165209159999563, 42.83450222500005], [-1.6220046339999499, 42.83550495800006], [-1.6267909689999556, 42.82158649000007], [-1.6085759789999656, 42.814504741000064], [-1.606698569999935, 42.82107172000008]]]}}, {"type": "Feature", "properties": {"ud_kodea": "31061", "ud_iz_e": "El Busto", "iz_ofizial": "El Busto"}, "geometry": {"type": "Polygon", "coordinates": [[[-2.2255476299999373, 42.549403289000054], [-2.2261673239999595, 42.555432272000075], [-2.2337988789999486, 42.55890567800003], [-2.2500430489999417, 42.551277275000075], [-2.253986321999946, 42.53210300400008], [-2.2308767909999574, 42.51412797300003], [-2.228445643999976, 42.52373872600003], [-2.2255476299999373, 42.549403289000054]]]}}, {"type": "Feature", "properties": {"ud_kodea": "31062", "ud_iz_e": "Cabanillas", "iz_ofizial": "Cabanillas"}, "geometry": {"type": "MultiPolygon", "coordinates": [[[[-1.5325108379999506, 42.08104899500006], [-1.5452278069999466, 42.07104299400004], [-1.5539392859999452, 42.07067578600004], [-1.564484446999927, 42.05919927600007], [-1.5661623069999564, 42.053915611000036], [-1.5519394219999754, 42.04432549900008], [-1.5550753539999391, 42.030702645000076], [-1.5602090989999624, 42.02214819300008], [-1.5325085219999437, 42.020266313000036], [-1.5262467499999275, 42.02206829900007], [-1.5140995049999333, 42.011347374000025], [-1.5036570039999333, 42.019699253000056], [-1.4976586129999419, 42.02203196100004], [-1.5026075519999722, 42.02523875500003], [-1.480405497999925, 42.066348127000026], [-1.4874359079999522, 42.06702647000003], [-1.5010861039999668, 42.079174704000025], [-1.5230243949999362, 42.07880181100006], [-1.5325108379999506, 42.08104899500006]]], [[[-1.4950849689999473, 42.00772224700006], [-1.4949171299999762, 42.01828606000004], [-1.5008244309999554, 42.01286775300008], [-1.5037778679999292, 42.00684060700007], [-1.4950849689999473, 42.00772224700006]]], [[[-1.4908629699999665, 42.003309640000055], [-1.4998246989999302, 42.00237057000004], [-1.5027270539999336, 41.99804267600007], [-1.4979072799999358, 41.99746700000003], [-1.4908629699999665, 42.003309640000055]]]]}}, {"type": "Feature", "properties": {"ud_kodea": "31063", "ud_iz_e": "Cabredo", "iz_ofizial": "Cabredo"}, "geometry": {"type": "Polygon", "coordinates": [[[-2.4031520389999628, 42.621123924000074], [-2.4058551899999543, 42.62664945900008], [-2.398430572999928, 42.630230906000065], [-2.4175839489999476, 42.65047515200007], [-2.4300543469999525, 42.654230237000036], [-2.4346329219999348, 42.655608940000036], [-2.4501273089999245, 42.64723529100007], [-2.4501273769999443, 42.647235257000034], [-2.4501337019999596, 42.64723183600006], [-2.45013857999993, 42.647226646000036], [-2.459538059999943, 42.63722944500006], [-2.454020747999948, 42.636567798000044], [-2.438233716999946, 42.634674594000046], [-2.4329409269999474, 42.61715072000004], [-2.4211849579999694, 42.61341771000008], [-2.4031520389999628, 42.621123924000074]]]}}, {"type": "Feature", "properties": {"ud_kodea": "31064", "ud_iz_e": "Cadreita", "iz_ofizial": "Cadreita"}, "geometry": {"type": "Polygon", "coordinates": [[[-1.6770920899999737, 42.20704608700004], [-1.6549370539999586, 42.225854146000074], [-1.6448999689999368, 42.25096164400003], [-1.6637490949999574, 42.25902700900008], [-1.6723316189999764, 42.24982354700006], [-1.7229073829999493, 42.23882523100008], [-1.726575251999975, 42.23783933800007], [-1.7173721579999324, 42.22967651700003], [-1.725403412999981, 42.21452755300004], [-1.709298204999925, 42.209979572000066], [-1.709298166999929, 42.20997955400003], [-1.6815143899999612, 42.19241055700007], [-1.6815102559999673, 42.192407940000066], [-1.6770920899999737, 42.20704608700004]]]}}, {"type": "Feature", "properties": {"ud_kodea": "31065", "ud_iz_e": "Caparroso", "iz_ofizial": "Caparroso"}, "geometry": {"type": "Polygon", "coordinates": [[[-1.5923535099999526, 42.288459481000075], [-1.6174318139999286, 42.30309293700003], [-1.6175432369999498, 42.31463071600007], [-1.627651928999967, 42.319057050000026], [-1.637950099999955, 42.35075415000006], [-1.6318154419999473, 42.35986698200003], [-1.637033300999974, 42.36340537600006], [-1.6359240489999252, 42.375946130000045], [-1.643510254999967, 42.39422770200008], [-1.660465166999927, 42.385367495000025], [-1.6979259019999517, 42.38081886100008], [-1.6935661299999651, 42.36143391300004], [-1.7122829949999527, 42.357962970000074], [-1.7016928009999788, 42.34183051000008], [-1.6999505949999616, 42.32976098900008], [-1.7143290779999347, 42.317441064000036], [-1.705553130999931, 42.30986743400007], [-1.693508273999953, 42.28799064000003], [-1.6803948639999362, 42.277618751000034], [-1.6797741799999244, 42.28527567500004], [-1.6398954199999594, 42.27456994700003], [-1.627173450999976, 42.26065719600007], [-1.6142557109999416, 42.260925189000034], [-1.6062329999999747, 42.26352971500006], [-1.5888231489999498, 42.28251730800008], [-1.5923535099999526, 42.288459481000075]]]}}, {"type": "Feature", "properties": {"ud_kodea": "31066", "ud_iz_e": "Cárcar", "iz_ofizial": "Cárcar"}, "geometry": {"type": "Polygon", "coordinates": [[[-1.9288756609999496, 42.42874275100007], [-1.9364758319999282, 42.43722487400004], [-1.9528907399999298, 42.43493540400004], [-1.9898378129999514, 42.43869819300005], [-2.0101409499999363, 42.448808675000066], [-2.0222637079999686, 42.43791675800003], [-2.025739605999945, 42.41760229500005], [-2.0306458289999796, 42.41155601400004], [-2.0188510649999785, 42.407285958000045], [-2.018202017999954, 42.401363493000076], [-2.003403698999932, 42.386673425000026], [-1.9806697839999288, 42.374189569000066], [-1.9580687829999306, 42.38654051700007], [-1.9600695859999746, 42.39117868200003], [-1.9411674949999451, 42.40624345200007], [-1.9288756609999496, 42.42874275100007]]]}}, {"type": "Feature", "properties": {"ud_kodea": "31067", "ud_iz_e": "Carcastillo", "iz_ofizial": "Carcastillo"}, "geometry": {"type": "Polygon", "coordinates": [[[-1.3809001319999652, 42.33207113000003], [-1.3744918009999765, 42.34703944300003], [-1.366475105999939, 42.36576450500007], [-1.3594781239999634, 42.38210776200003], [-1.3594776569999567, 42.382108852000044], [-1.372643668999956, 42.38603711900004], [-1.4063035649999733, 42.40722307600004], [-1.4290758569999298, 42.409671812000056], [-1.4258086039999398, 42.39891022100005], [-1.416840901999933, 42.39411276900006], [-1.4190526479999335, 42.38828063600005], [-1.4637031479999791, 42.38456512700003], [-1.4750300669999774, 42.37229763300007], [-1.496386915999949, 42.370022136000046], [-1.4949209569999766, 42.36224899800004], [-1.5042293439999526, 42.361452245000066], [-1.4816134069999407, 42.33343524800006], [-1.4687741199999778, 42.325834720000046], [-1.4451930379999567, 42.31155844800003], [-1.432601267999928, 42.31584483000006], [-1.418879623999942, 42.30606529200003], [-1.4085621329999753, 42.30577846600005], [-1.3977915729999495, 42.29262735900005], [-1.3977886059999491, 42.292623742000046], [-1.3977833549999445, 42.29263600300004], [-1.3809001319999652, 42.33207113000003]]]}}, {"type": "Feature", "properties": {"ud_kodea": "31068", "ud_iz_e": "Cascante", "iz_ofizial": "Cascante"}, "geometry": {"type": "Polygon", "coordinates": [[[-1.7070822159999466, 42.05336930100003], [-1.7340714559999242, 42.054413003000036], [-1.7350553859999422, 42.05445105300004], [-1.7415621909999572, 42.04438251900007], [-1.7351729889999774, 42.03371914100006], [-1.7506979729999443, 42.019229291000045], [-1.7513234529999409, 42.01864551500006], [-1.7983252469999798, 41.99239805000008], [-1.799185202999979, 41.991917820000026], [-1.802820274999931, 41.98988786700005], [-1.7418052269999293, 41.966721731000064], [-1.7398112579999747, 41.96832092600005], [-1.7398096319999468, 41.96832223100006], [-1.7275135049999335, 41.97818392200003], [-1.698334005999925, 41.97907254800003], [-1.7035479299999565, 41.98444527000004], [-1.6950280529999304, 41.993787344000054], [-1.6712904459999436, 41.98343696500007], [-1.667465257999936, 41.988580324000054], [-1.666896916999974, 41.97879278400006], [-1.661755118999963, 41.976481386000046], [-1.6534303029999364, 41.98204906600006], [-1.6479682589999243, 41.98746965000004], [-1.6605670019999366, 41.99400280500004], [-1.6498907479999616, 42.013025189000075], [-1.639244170999973, 42.01618668500004], [-1.623700400999951, 42.03523878500005], [-1.636326821999944, 42.04023483700007], [-1.6461349649999306, 42.03237143700005], [-1.6533067789999336, 42.02111690500004], [-1.6707444399999645, 42.023589823000066], [-1.6757307149999292, 42.01845981500003], [-1.6841767009999558, 42.032921980000026], [-1.6822108099999582, 42.047381492000056], [-1.6878171899999757, 42.05209290100004], [-1.705126919999941, 42.04762260000007], [-1.7070822159999466, 42.05336930100003]]]}}, {"type": "Feature", "properties": {"ud_kodea": "31069", "ud_iz_e": "Cáseda", "iz_ofizial": "Cáseda"}, "geometry": {"type": "Polygon", "coordinates": [[[-1.329459806999978, 42.54513725000004], [-1.338274035999973, 42.55213647800008], [-1.3693754089999288, 42.55985975500005], [-1.378072445999976, 42.54906869600006], [-1.3744237399999406, 42.53854372600006], [-1.3848625399999719, 42.536548088000075], [-1.392953284999976, 42.523522942000056], [-1.3908009699999297, 42.48974032900003], [-1.4064542659999688, 42.430063301000075], [-1.4063035649999733, 42.40722307600004], [-1.372643668999956, 42.38603711900004], [-1.3594776569999567, 42.382108852000044], [-1.341985035999926, 42.42296738700003], [-1.3462296899999728, 42.459270471000025], [-1.3429999119999252, 42.48350257900006], [-1.3306257219999793, 42.49131090900005], [-1.3209692139999447, 42.520221278000065], [-1.3293242079999459, 42.534238714000026], [-1.347887650999951, 42.53907369800004], [-1.3465712319999739, 42.54465606100007], [-1.3330984939999553, 42.53885941100003], [-1.329459806999978, 42.54513725000004]]]}}, {"type": "Feature", "properties": {"ud_kodea": "31070", "ud_iz_e": "Castejón", "iz_ofizial": "Castejón"}, "geometry": {"type": "Polygon", "coordinates": [[[-1.6419694659999777, 42.173925745000076], [-1.6489090679999663, 42.180654220000065], [-1.6569430169999464, 42.17921754500003], [-1.6567698599999403, 42.16966909000007], [-1.683432201999949, 42.177065940000034], [-1.684487704999981, 42.177358765000065], [-1.6938602559999367, 42.15843429800003], [-1.6938622659999396, 42.15843323800004], [-1.7255429669999671, 42.14177186000006], [-1.7255815769999572, 42.14175155700008], [-1.7198949399999606, 42.133439700000054], [-1.699136669999973, 42.12045316000007], [-1.6754091729999345, 42.13913013200005], [-1.6730913719999307, 42.146974585000066], [-1.6457397679999417, 42.15496907200003], [-1.6511739939999757, 42.162389596000025], [-1.6455481399999599, 42.163953348000064], [-1.6419694659999777, 42.173925745000076]]]}}, {"type": "Feature", "properties": {"ud_kodea": "31072", "ud_iz_e": "Cintruénigo", "iz_ofizial": "Cintruénigo"}, "geometry": {"type": "Polygon", "coordinates": [[[-1.8008909959999642, 42.10073906900004], [-1.8119919269999514, 42.08911935900005], [-1.8234786719999647, 42.08911166900003], [-1.8194677699999602, 42.08175742800006], [-1.8288599829999725, 42.07718300400006], [-1.8266186819999461, 42.07225714000003], [-1.8373921839999525, 42.05883931500006], [-1.8306975869999746, 42.05682597300006], [-1.8351988069999265, 42.051224828000045], [-1.8204319619999296, 42.02902659400007], [-1.7844662709999284, 42.03939578100005], [-1.779061707999972, 42.03707785900008], [-1.7728164269999525, 42.04457650000006], [-1.776001393999934, 42.05175249600006], [-1.74360726499998, 42.07488171600005], [-1.7593774479999524, 42.09686633600006], [-1.7738312549999478, 42.092311376000055], [-1.8008909959999642, 42.10073906900004]]]}}, {"type": "Feature", "properties": {"ud_kodea": "31073", "ud_iz_e": "Ziordia", "iz_ofizial": "Ziordia"}, "geometry": {"type": "Polygon", "coordinates": [[[-2.2064481119999755, 42.85724793600008], [-2.2239316049999616, 42.89499116400003], [-2.226108756999963, 42.91089088600006], [-2.221013488999972, 42.922481909000055], [-2.2356383539999456, 42.92658748500003], [-2.2356386719999364, 42.92658679200008], [-2.235642498999937, 42.92657906300008], [-2.25060653099996, 42.89620864800003], [-2.2508518009999534, 42.89571085700004], [-2.250851918999956, 42.89571061000004], [-2.2476174559999436, 42.89237733900006], [-2.241055006999943, 42.88561441400003], [-2.234277679999934, 42.85146844800005], [-2.2342488169999797, 42.85132303700004], [-2.2064481119999755, 42.85724793600008]]]}}, {"type": "Feature", "properties": {"ud_kodea": "31908", "ud_iz_e": "Lekunberri", "iz_ofizial": "Lekunberri"}, "geometry": {"type": "Polygon", "coordinates": [[[-1.9219367629999624, 43.00283824700006], [-1.8934394209999255, 42.996497032000036], [-1.8843695659999753, 43.000794246000055], [-1.8940344949999712, 43.011198610000065], [-1.8932973179999522, 43.02969652500008], [-1.9250406249999514, 43.01480791300003], [-1.9219367629999624, 43.00283824700006]]]}}, {"type": "Feature", "properties": {"ud_kodea": "31260", "ud_iz_e": "Valle de Yerri/Deierri", "iz_ofizial": "Valle de Yerri/Deierri"}, "geometry": {"type": "MultiPolygon", "coordinates": [[[[-1.8734839679999595, 42.886711888000036], [-1.9010174609999808, 42.889888308000025], [-1.926834317999976, 42.88699047100005], [-1.9471048899999346, 42.88606196500007], [-1.973817333999932, 42.886531364000064], [-1.939191869999945, 42.87619142300008], [-1.9453197509999427, 42.87080900600006], [-1.9431500109999433, 42.86594418100003], [-2.012555736999957, 42.86172841700005], [-2.0204822679999666, 42.861246953000034], [-2.0720170009999492, 42.87183403100005], [-2.0874224499999627, 42.87571300800005], [-2.104484526999954, 42.87356947400008], [-2.121203780999963, 42.87134872400003], [-2.152704842999981, 42.872243549000075], [-2.166616718999933, 42.86922993700006], [-2.181659407999973, 42.86299879300003], [-2.18081194399997, 42.858580231000076], [-2.2064481119999755, 42.85724793600008], [-2.2342488169999797, 42.85132303700004], [-2.234243883999966, 42.85129820100008], [-2.2327560719999724, 42.84380220300005], [-2.2169018879999385, 42.82037154400007], [-2.1815934739999534, 42.80215928200005], [-2.1652671459999624, 42.800357493000035], [-2.1332499769999345, 42.811880443000064], [-2.121684537999954, 42.81151317800004], [-2.0549903039999435, 42.78648787000003], [-2.043311836999976, 42.80666783200007], [-2.033686814999953, 42.80649084300006], [-2.0234100729999795, 42.80904215100003], [-2.0241707149999684, 42.81745048400006], [-2.017342256999939, 42.820723943000075], [-2.0016079889999787, 42.81938115300005], [-1.990209881999931, 42.811689767000075], [-1.9735637699999415, 42.82128542500004], [-1.9562969999999495, 42.81364605200008], [-1.949346807999973, 42.82030926500005], [-1.9418893799999637, 42.81215398200004], [-1.9353119349999588, 42.81768521500004], [-1.9479282039999362, 42.824618808000025], [-1.9494173679999562, 42.832034726000074], [-1.9340972379999357, 42.844239059000074], [-1.9391237409999462, 42.85586632600007], [-1.9250814249999735, 42.858878136000044], [-1.9189065889999597, 42.86622220000004], [-1.8993699829999287, 42.871655144000044], [-1.9097692389999565, 42.88249777800007], [-1.8734839679999595, 42.886711888000036]]], [[[-2.037458454999978, 42.78803490900003], [-2.042214896999951, 42.782464462000064], [-2.03951505699996, 42.764935638000054], [-2.0316581749999614, 42.76011476600007], [-2.0237306369999715, 42.738848903000076], [-2.0185036919999675, 42.740281124000035], [-2.006526469999926, 42.73137964700004], [-2.0044069589999367, 42.71802445000003], [-2.01115025699994, 42.71021222500008], [-2.0346296419999703, 42.71668922400005], [-2.031620635999957, 42.72091436200003], [-2.0381422799999314, 42.72251824800003], [-2.047148967999931, 42.738920104000044], [-2.0618483129999277, 42.712817975000064], [-2.0564633959999696, 42.697473682000066], [-2.048789301999932, 42.69393407700005], [-2.041902390999951, 42.68610506200008], [-2.035753214999943, 42.68907021600006], [-2.0216857979999645, 42.683944034000035], [-2.0168028369999433, 42.688630018000026], [-2.007394073999933, 42.67158278200003], [-1.9474171169999295, 42.65256809500005], [-1.9297663549999697, 42.655988732000026], [-1.9294271619999677, 42.66722430500005], [-1.9392751019999537, 42.67940118100006], [-1.9339341129999639, 42.69624562800004], [-1.9303848559999324, 42.69818463400003], [-1.9440216949999467, 42.701805345000025], [-1.9432933129999697, 42.70587799900005], [-1.958709497999962, 42.71715876900004], [-1.952310051999973, 42.724421695000046], [-1.9352269139999407, 42.72489457100005], [-1.9371229129999392, 42.73188230200003], [-1.9316865539999526, 42.73831549300007], [-1.9449380189999488, 42.749334773000044], [-1.9395620169999575, 42.76221659300006], [-1.9482581789999358, 42.767591852000066], [-1.9631646089999322, 42.767160474000036], [-1.97500824399998, 42.778262529000074], [-1.9881047809999473, 42.776505823000036], [-1.9902869139999666, 42.75806438800004], [-2.011365310999963, 42.778942408000034], [-2.0260243069999433, 42.77649249800004], [-2.037458454999978, 42.78803490900003]]]]}}, {"type": "Feature", "properties": {"ud_kodea": "31109", "ud_iz_e": "Galar", "iz_ofizial": "Galar"}, "geometry": {"type": "Polygon", "coordinates": [[[-1.6458794399999306, 42.797248111000044], [-1.6533496539999533, 42.78997000000004], [-1.6623807969999689, 42.79187688700006], [-1.6608583079999448, 42.78366442600003], [-1.6776636799999665, 42.77124347800003], [-1.6885026269999344, 42.77601476700005], [-1.6989390479999429, 42.77673716600003], [-1.706342579999955, 42.773417101000064], [-1.704177680999976, 42.75940759000008], [-1.713415920999978, 42.74112314400003], [-1.709435406999944, 42.732181197000045], [-1.705372911999973, 42.73486399800004], [-1.6870861299999547, 42.727901813000074], [-1.7029613779999409, 42.711657143000025], [-1.6996828559999244, 42.708810259000074], [-1.6889101469999446, 42.71147018500005], [-1.655439246999947, 42.696754647000034], [-1.6434000249999485, 42.70804938300006], [-1.6466111539999702, 42.71817320300005], [-1.6529121399999553, 42.71933718900004], [-1.6507915699999671, 42.72532773900008], [-1.6630403009999668, 42.733377982000036], [-1.636480302999928, 42.74468152500003], [-1.6424998029999642, 42.75319586200004], [-1.645207505999963, 42.766388462000066], [-1.6334161499999595, 42.777928005000035], [-1.6261483059999478, 42.77988524800003], [-1.631793499999958, 42.78888590100007], [-1.6458794399999306, 42.797248111000044]]]}}, {"type": "Feature", "properties": {"ud_kodea": "31251", "ud_iz_e": "Viana", "iz_ofizial": "Viana"}, "geometry": {"type": "Polygon", "coordinates": [[[-2.37759073899997, 42.54546698900003], [-2.3892199279999318, 42.59060266300003], [-2.3967938109999523, 42.58688426800006], [-2.390617152999937, 42.56072031900004], [-2.390523747999964, 42.55891817200006], [-2.390012059999947, 42.54904578500003], [-2.3921628559999704, 42.54486504600004], [-2.39716935499996, 42.53513337500004], [-2.3975721589999353, 42.53435040100004], [-2.4079450269999256, 42.51418754100007], [-2.412333144999934, 42.50565788500006], [-2.420730808999963, 42.489334443000075], [-2.4207581129999767, 42.489281376000065], [-2.4101310829999534, 42.483809681000025], [-2.3885482559999787, 42.47269700900006], [-2.3841463599999315, 42.470430528000065], [-2.347755857999971, 42.452660724000054], [-2.3477521149999347, 42.452658900000074], [-2.3425226689999477, 42.45172884200008], [-2.342520413999978, 42.45172842800008], [-2.3318920889999504, 42.45399045900007], [-2.331733389999954, 42.456821372000036], [-2.331666997999946, 42.45800573500003], [-2.3168941539999537, 42.46209733200004], [-2.309989375999976, 42.46147894600006], [-2.293276485999968, 42.45998213300004], [-2.2932732529999384, 42.45998184300004], [-2.2871841709999785, 42.45803481400003], [-2.2859552829999643, 42.463794578000034], [-2.2838529069999254, 42.47364836400004], [-2.3007033889999775, 42.47239246000004], [-2.307213888999968, 42.48211322100008], [-2.3102975869999796, 42.521468825000056], [-2.3295516439999346, 42.54706910500005], [-2.3274013899999773, 42.554495143000054], [-2.347211770999934, 42.54472160800003], [-2.37759073899997, 42.54546698900003]]]}}, {"type": "Feature", "properties": {"ud_kodea": "53064", "ud_iz_e": " ", "iz_ofizial": " "}, "geometry": {"type": "Polygon", "coordinates": [[[-1.6668777789999467, 42.86233972600007], [-1.6699259919999463, 42.86480253000008], [-1.6763942919999408, 42.86465950100006], [-1.676009348999969, 42.863381375000074], [-1.668213747999971, 42.85975192300003], [-1.6668777789999467, 42.86233972600007]]]}}, {"type": "Feature", "properties": {"ud_kodea": "53069", "ud_iz_e": " ", "iz_ofizial": " "}, "geometry": {"type": "Polygon", "coordinates": [[[-1.4704277149999712, 42.53614648200005], [-1.474317909999968, 42.540412865000064], [-1.4784848109999302, 42.53731638200003], [-1.4704277149999712, 42.53614648200005]]]}}, {"type": "Feature", "properties": {"ud_kodea": "53062", "ud_iz_e": " ", "iz_ofizial": " "}, "geometry": {"type": "Polygon", "coordinates": [[[-2.1486509969999474, 42.580458373000056], [-2.1534430799999313, 42.571037991000026], [-2.1421567769999683, 42.57310636500006], [-2.140180237999971, 42.58039513600005], [-2.1486509969999474, 42.580458373000056]]]}}, {"type": "Feature", "properties": {"ud_kodea": "53081", "ud_iz_e": " ", "iz_ofizial": " "}, "geometry": {"type": "Polygon", "coordinates": [[[-2.2723506329999736, 42.76680873000004], [-2.2725930519999338, 42.76688997700006], [-2.2897999759999266, 42.77265689800004], [-2.300008679999962, 42.75350643500008], [-2.2773069379999242, 42.74352182400003], [-2.273504622999951, 42.741849502000036], [-2.2436342109999714, 42.73169626500004], [-2.2284238669999468, 42.73285547900008], [-2.1970476739999754, 42.71631308800005], [-2.1950104489999376, 42.70479891300005], [-2.21444516899993, 42.68669790900003], [-2.2045061539999438, 42.677284892000046], [-2.179277683999942, 42.67188059800003], [-2.1757217829999718, 42.68054530100005], [-2.1659548039999663, 42.67070373100006], [-2.156725154999947, 42.67279744800004], [-2.141476306999948, 42.66665658900007], [-2.1286409699999354, 42.65591759000006], [-2.1285236239999676, 42.663076560000036], [-2.1433663279999564, 42.671854145000054], [-2.1444948259999705, 42.67650706300003], [-2.1573271949999366, 42.678826482000034], [-2.1587996589999534, 42.68818490800004], [-2.1443465109999806, 42.69442663600006], [-2.1464682229999426, 42.708869080000056], [-2.1327691499999446, 42.707883726000034], [-2.1264896479999607, 42.712464682000075], [-2.109479075999957, 42.73294697800003], [-2.111360187999935, 42.750053656000034], [-2.099816468999961, 42.75321435300003], [-2.115742409999939, 42.75896679600004], [-2.1194985989999395, 42.76469605300008], [-2.154116035999948, 42.76072450400005], [-2.1604955199999267, 42.75528719400006], [-2.196281289999945, 42.752968397000075], [-2.2252807339999663, 42.75768898100006], [-2.2420958149999706, 42.761718881000036], [-2.254998071999978, 42.76099299900005], [-2.2723506329999736, 42.76680873000004]]]}}, {"type": "Feature", "properties": {"ud_kodea": "31196", "ud_iz_e": "Orbara", "iz_ofizial": "Orbara"}, "geometry": {"type": "Polygon", "coordinates": [[[-1.225668518999953, 42.96240998500008], [-1.2399339219999774, 42.974228346000075], [-1.2487897369999246, 42.993166047000045], [-1.2671637669999427, 42.99060029100008], [-1.273817678999933, 42.976815556000076], [-1.2667582529999777, 42.96618241200008], [-1.2554362449999417, 42.964182288000075], [-1.259797184999968, 42.958665807000045], [-1.2512866599999484, 42.95614981700004], [-1.225668518999953, 42.96240998500008]]]}}, {"type": "Feature", "properties": {"ud_kodea": "31252", "ud_iz_e": "Vidángoz/Bidankoze", "iz_ofizial": "Vidángoz/Bidankoze"}, "geometry": {"type": "Polygon", "coordinates": [[[-0.9754574809999781, 42.86584114600004], [-1.0136826379999775, 42.872663025000065], [-1.0186675889999606, 42.86158160400004], [-1.0144660049999743, 42.848415928000065], [-1.024640657999953, 42.84288291800004], [-1.0306878139999753, 42.81623372400003], [-1.04002051599997, 42.81003645800007], [-1.0419308799999385, 42.79988457800005], [-1.0382600919999732, 42.78254129100003], [-1.0295151409999335, 42.77959055400004], [-1.0310488479999549, 42.77670827600008], [-1.0132933129999628, 42.768891514000074], [-0.9922926139999504, 42.773144641000044], [-0.9861009559999729, 42.77750233800003], [-0.9796305189999543, 42.79904512200005], [-0.9927165869999612, 42.83338561200003], [-0.9844065669999509, 42.84023636100005], [-0.9848998439999264, 42.85630056600007], [-0.9754574809999781, 42.86584114600004]]]}}, {"type": "Feature", "properties": {"ud_kodea": "31253", "ud_iz_e": "Bidaurreta", "iz_ofizial": "Bidaurreta"}, "geometry": {"type": "Polygon", "coordinates": [[[-1.8242477649999387, 42.77153828000007], [-1.8335598329999243, 42.78212300900003], [-1.8397370349999278, 42.77931316300004], [-1.8463883769999256, 42.78255018100003], [-1.8510640939999803, 42.770341108000025], [-1.8551284929999383, 42.76335772300007], [-1.8650966509999307, 42.76026013100005], [-1.8524562309999624, 42.75451483900008], [-1.829526962999978, 42.76192825600003], [-1.8242477649999387, 42.77153828000007]]]}}, {"type": "Feature", "properties": {"ud_kodea": "31254", "ud_iz_e": "Villafranca", "iz_ofizial": "Villafranca"}, "geometry": {"type": "Polygon", "coordinates": [[[-1.6803948639999362, 42.277618751000034], [-1.693508273999953, 42.28799064000003], [-1.705553130999931, 42.30986743400007], [-1.726141995999967, 42.30391993100005], [-1.750495786999977, 42.30736712400005], [-1.743850408999947, 42.30048601300007], [-1.7562430709999717, 42.29892793300007], [-1.7623813839999798, 42.29212292100004], [-1.787129236999931, 42.29450375600004], [-1.7712692179999294, 42.26670472600006], [-1.756698427999936, 42.25110249100004], [-1.7503841359999797, 42.25594208100006], [-1.7229073829999493, 42.23882523100008], [-1.6723316189999764, 42.24982354700006], [-1.6637490949999574, 42.25902700900008], [-1.6811338489999343, 42.26428052700004], [-1.6803948639999362, 42.277618751000034]]]}}, {"type": "Feature", "properties": {"ud_kodea": "31076", "ud_iz_e": "Cizur", "iz_ofizial": "Cizur"}, "geometry": {"type": "MultiPolygon", "coordinates": [[[[-1.7134054389999278, 42.79949454600006], [-1.740636793999954, 42.80018453300005], [-1.744026688999952, 42.79280152900003], [-1.7615340909999304, 42.79228989500007], [-1.7638251719999403, 42.78714566100007], [-1.7798958039999775, 42.79184771700005], [-1.7807846329999393, 42.786436010000045], [-1.7736547539999492, 42.78158711200007], [-1.7716847839999446, 42.76806719700005], [-1.7925935469999672, 42.745605418000025], [-1.7850095039999587, 42.737924845000066], [-1.7659308689999307, 42.73836919900003], [-1.763620934999949, 42.73411182800004], [-1.7530498429999284, 42.73372698600008], [-1.7448313859999303, 42.725721597000074], [-1.7271829469999602, 42.72507651600006], [-1.7260161709999693, 42.718486995000035], [-1.7345934639999427, 42.71405297000007], [-1.7416060429999334, 42.709182715000054], [-1.728196837999974, 42.71303532500008], [-1.718492843999968, 42.71587533300004], [-1.7148200009999641, 42.71691484300004], [-1.7133311159999494, 42.70740656000004], [-1.6996828559999244, 42.708810259000074], [-1.7029613779999409, 42.711657143000025], [-1.6870861299999547, 42.727901813000074], [-1.705372911999973, 42.73486399800004], [-1.709435406999944, 42.732181197000045], [-1.713415920999978, 42.74112314400003], [-1.704177680999976, 42.75940759000008], [-1.706342579999955, 42.773417101000064], [-1.6989390479999429, 42.77673716600003], [-1.7134054389999278, 42.79949454600006]]], [[[-1.6608583079999448, 42.78366442600003], [-1.6623807969999689, 42.79187688700006], [-1.6676766889999612, 42.80131433100007], [-1.6764421229999584, 42.79244549400005], [-1.683417651999946, 42.791580371000066], [-1.6827653819999568, 42.781982423000045], [-1.6885026269999344, 42.77601476700005], [-1.6776636799999665, 42.77124347800003], [-1.6608583079999448, 42.78366442600003]]]]}}, {"type": "Feature", "properties": {"ud_kodea": "31077", "ud_iz_e": "Corella", "iz_ofizial": "Corella"}, "geometry": {"type": "Polygon", "coordinates": [[[-1.7214963229999398, 42.103835513000035], [-1.699136669999973, 42.12045316000007], [-1.7198949399999606, 42.133439700000054], [-1.7255815769999572, 42.14175155700008], [-1.7390526849999333, 42.14930699100006], [-1.739053015999957, 42.149307176000036], [-1.7390531889999465, 42.14930727300003], [-1.739053394999928, 42.14930738800007], [-1.7397996109999667, 42.149725911000075], [-1.7398039849999805, 42.14972603000007], [-1.744395994999934, 42.14985052000003], [-1.7448100479999766, 42.14986174500007], [-1.7450863559999448, 42.14986923600003], [-1.7647664389999704, 42.150402764000034], [-1.7647722949999434, 42.15040221400005], [-1.8026071039999465, 42.146814257000074], [-1.8037496639999517, 42.14639736700008], [-1.8374641899999347, 42.13409585900007], [-1.8397230659999764, 42.13203929100007], [-1.8973190339999633, 42.07960174900006], [-1.8973843579999539, 42.07954227600004], [-1.8266186819999461, 42.07225714000003], [-1.8288599829999725, 42.07718300400006], [-1.8194677699999602, 42.08175742800006], [-1.8234786719999647, 42.08911166900003], [-1.8119919269999514, 42.08911935900005], [-1.8008909959999642, 42.10073906900004], [-1.7738312549999478, 42.092311376000055], [-1.7593774479999524, 42.09686633600006], [-1.74360726499998, 42.07488171600005], [-1.7206687459999443, 42.08905616000004], [-1.7214963229999398, 42.103835513000035]]]}}, {"type": "Feature", "properties": {"ud_kodea": "31078", "ud_iz_e": "Cortes", "iz_ofizial": "Cortes"}, "geometry": {"type": "Polygon", "coordinates": [[[-1.3763799669999344, 41.952596407000044], [-1.3762122429999408, 41.95285911700006], [-1.377956132999941, 41.95360269200006], [-1.3860357579999345, 41.95704775000007], [-1.400560721999966, 41.96324102600005], [-1.4412057719999325, 41.95123640400004], [-1.475521654999966, 41.95412902500004], [-1.5137223349999545, 41.948352585000066], [-1.517774587999952, 41.94164121600005], [-1.4997866379999323, 41.93053429100007], [-1.499555809999947, 41.930391763000046], [-1.497030173999974, 41.92883227100003], [-1.49826367299994, 41.92429272600003], [-1.4995396229999756, 41.91959695500003], [-1.5005616979999559, 41.915835498000035], [-1.5019968909999761, 41.91055367900003], [-1.4218364549999478, 41.91306397400007], [-1.421836346999953, 41.91306397000005], [-1.4178502179999555, 41.913837683000054], [-1.4152742879999778, 41.91570795800004], [-1.4108143239999436, 41.91894613900007], [-1.3831758909999508, 41.942579024000054], [-1.3822940429999448, 41.94333306800007], [-1.3784109099999569, 41.949415298000076], [-1.3763799669999344, 41.952596407000044]]]}}, {"type": "Feature", "properties": {"ud_kodea": "31079", "ud_iz_e": "Desojo", "iz_ofizial": "Desojo"}, "geometry": {"type": "Polygon", "coordinates": [[[-2.2730544939999504, 42.609754828000064], [-2.2791915379999637, 42.61462955200005], [-2.284927590999928, 42.61520586300003], [-2.2847450299999537, 42.611989677000054], [-2.2858509949999757, 42.595219229000065], [-2.290456570999936, 42.596445653000046], [-2.295014227999957, 42.579237083000066], [-2.284542976999944, 42.57850566700006], [-2.274335525999959, 42.56774283200008], [-2.23639230699996, 42.569567591000066], [-2.2410522619999256, 42.58560153500008], [-2.2544594259999258, 42.59773001000008], [-2.261762537999971, 42.605846263000046], [-2.268104659999949, 42.60246480100005], [-2.272522485999957, 42.60518553400004], [-2.2730544939999504, 42.609754828000064]]]}}, {"type": "Feature", "properties": {"ud_kodea": "31230", "ud_iz_e": "Torralba del Río", "iz_ofizial": "Torralba del Río"}, "geometry": {"type": "Polygon", "coordinates": [[[-2.3183578999999668, 42.603080986000066], [-2.306461135999939, 42.607395205000046], [-2.302114420999942, 42.61564500800006], [-2.292451605999929, 42.61726076600007], [-2.2880032979999783, 42.62884133800003], [-2.2819280329999287, 42.62901961500006], [-2.2976513999999497, 42.63629442600006], [-2.3134832839999717, 42.637353963000066], [-2.3182445349999625, 42.643106319000026], [-2.3223914179999383, 42.648116421000054], [-2.3349719109999683, 42.66331567900005], [-2.3513737299999775, 42.65830741500008], [-2.3504681799999503, 42.63454459400003], [-2.3504624579999245, 42.634394444000066], [-2.3499038349999637, 42.61973544800003], [-2.3368346899999324, 42.60572907200003], [-2.3396978509999258, 42.59665884900005], [-2.3294229809999365, 42.59319512700006], [-2.3205305079999334, 42.59161179900008], [-2.3183578999999668, 42.603080986000066]]]}}, {"type": "Feature", "properties": {"ud_kodea": "31231", "ud_iz_e": "Torres del Río", "iz_ofizial": "Torres del Río"}, "geometry": {"type": "Polygon", "coordinates": [[[-2.2630254349999746, 42.541068092000046], [-2.274335525999959, 42.56774283200008], [-2.282432539999945, 42.54894510200006], [-2.2814405499999566, 42.486736551000035], [-2.2492121709999537, 42.49862464100005], [-2.2635421569999608, 42.509524541000076], [-2.258360770999957, 42.51228289000005], [-2.2652840279999396, 42.522936155000025], [-2.2565075999999635, 42.524688440000034], [-2.253986321999946, 42.53210300400008], [-2.2606844859999455, 42.53303790600006], [-2.2671491679999463, 42.52792820900004], [-2.2630254349999746, 42.541068092000046]]]}}, {"type": "Feature", "properties": {"ud_kodea": "31173", "ud_iz_e": "Monteagudo", "iz_ofizial": "Monteagudo"}, "geometry": {"type": "Polygon", "coordinates": [[[-1.6757773789999533, 41.966340976000026], [-1.6757816379999326, 41.966381924000075], [-1.6763775839999653, 41.972111797000025], [-1.6852642899999637, 41.978959615000065], [-1.698334005999925, 41.97907254800003], [-1.7275135049999335, 41.97818392200003], [-1.7398096319999468, 41.96832223100006], [-1.7398112579999747, 41.96832092600005], [-1.7418052269999293, 41.966721731000064], [-1.7343579569999292, 41.96389416200003], [-1.7280060089999552, 41.961584317000074], [-1.7152739729999666, 41.95695439200006], [-1.7152739379999389, 41.95695438100006], [-1.6872356099999593, 41.94922051200007], [-1.6864224219999642, 41.94899620900003], [-1.6847622139999316, 41.94853827000003], [-1.6847589399999379, 41.94853736700003], [-1.6736057109999365, 41.94546094700007], [-1.6757773789999533, 41.966340976000026]]]}}, {"type": "Feature", "properties": {"ud_kodea": "31045", "ud_iz_e": "Barásoain", "iz_ofizial": "Barásoain"}, "geometry": {"type": "Polygon", "coordinates": [[[-1.6325943389999793, 42.60669201400003], [-1.633894704999932, 42.61580310100004], [-1.661589183999979, 42.624667077000026], [-1.671650743999976, 42.63378054300006], [-1.6807242989999622, 42.62917566500005], [-1.6859948739999595, 42.62385100900008], [-1.7017056639999737, 42.61129650500004], [-1.70950467199998, 42.59965951700008], [-1.7057970689999706, 42.59563742800003], [-1.6725918899999783, 42.60211058200008], [-1.6511651549999442, 42.600275270000054], [-1.6325943389999793, 42.60669201400003]]]}}, {"type": "Feature", "properties": {"ud_kodea": "31046", "ud_iz_e": "Barbarin", "iz_ofizial": "Barbarin"}, "geometry": {"type": "Polygon", "coordinates": [[[-2.1654043249999404, 42.57312173400004], [-2.165518082999938, 42.56458857600006], [-2.1582403149999436, 42.559501183000066], [-2.150299762999964, 42.561153630000035], [-2.1447898119999422, 42.55696102400003], [-2.127094601999943, 42.58199815900008], [-2.1001148249999346, 42.59638753000007], [-2.090342869999972, 42.60703582100007], [-2.1058972929999413, 42.60713140000007], [-2.1244832739999424, 42.592703957000026], [-2.134002407999958, 42.591814284000066], [-2.14716902899994, 42.58398071900007], [-2.1486509969999474, 42.580458373000056], [-2.140180237999971, 42.58039513600005], [-2.1421567769999683, 42.57310636500006], [-2.1534430799999313, 42.571037991000026], [-2.1486509969999474, 42.580458373000056], [-2.1654043249999404, 42.57312173400004]]]}}, {"type": "Feature", "properties": {"ud_kodea": "31047", "ud_iz_e": "Bargota", "iz_ofizial": "Bargota"}, "geometry": {"type": "Polygon", "coordinates": [[[-2.3205305079999334, 42.59161179900008], [-2.3294229809999365, 42.59319512700006], [-2.3340879419999396, 42.576327837000065], [-2.3274013899999773, 42.554495143000054], [-2.3295516439999346, 42.54706910500005], [-2.3102975869999796, 42.521468825000056], [-2.307213888999968, 42.48211322100008], [-2.3007033889999775, 42.47239246000004], [-2.2838529069999254, 42.47364836400004], [-2.2814405499999566, 42.486736551000035], [-2.2936208969999257, 42.489928321000036], [-2.2858509059999506, 42.517239493000034], [-2.301563809999948, 42.55140481600006], [-2.2967161419999798, 42.558993877000034], [-2.3067641929999354, 42.576760154000056], [-2.3205305079999334, 42.59161179900008]]]}}, {"type": "Feature", "properties": {"ud_kodea": "31048", "ud_iz_e": "Barillas", "iz_ofizial": "Barillas"}, "geometry": {"type": "Polygon", "coordinates": [[[-1.6534303029999364, 41.98204906600006], [-1.661755118999963, 41.976481386000046], [-1.666896916999974, 41.97879278400006], [-1.6763775839999653, 41.972111797000025], [-1.6757816379999326, 41.966381924000075], [-1.6757773789999533, 41.966340976000026], [-1.6736057109999365, 41.94546094700007], [-1.668172851999941, 41.94396239000008], [-1.6545512049999616, 41.94020510200005], [-1.6511397229999716, 41.93926410600005], [-1.651602521999962, 41.94790855800005], [-1.6516670319999776, 41.949113510000075], [-1.6516942829999266, 41.949622531000045], [-1.6518684429999553, 41.95287561500004], [-1.65209757599996, 41.957155509000074], [-1.652126045999978, 41.957687297000064], [-1.6523017179999329, 41.96096860100005], [-1.6525014999999712, 41.964700262000065], [-1.6534303029999364, 41.98204906600006]]]}}, {"type": "Feature", "properties": {"ud_kodea": "31049", "ud_iz_e": "Basaburua", "iz_ofizial": "Basaburua"}, "geometry": {"type": "Polygon", "coordinates": [[[-1.8143931059999545, 43.07013009900004], [-1.832464717999926, 43.06472388700007], [-1.8327774969999382, 43.06959872500005], [-1.8662664869999617, 43.080507039000054], [-1.8770128629999476, 43.05575082900003], [-1.8676214669999354, 43.048283420000075], [-1.8730204769999546, 43.039746036000054], [-1.8542673859999468, 43.033535647000065], [-1.8466262179999262, 43.022067768000056], [-1.831868831999941, 43.01523647300007], [-1.8436035869999614, 43.00002037400003], [-1.8412834389999375, 42.98703902900007], [-1.8455377909999697, 42.98364454000006], [-1.8272787259999745, 42.968184128000075], [-1.8151467229999412, 42.96460134300003], [-1.8130541289999655, 42.97714141200004], [-1.7938670459999457, 42.97998447600003], [-1.7853489269999727, 42.98655802400003], [-1.7703900209999688, 42.983831929000075], [-1.7687619659999427, 42.97814132800005], [-1.7569899309999641, 42.97868039800005], [-1.7490905279999538, 43.01442471400003], [-1.7517704539999386, 43.032967807000034], [-1.7282669379999334, 43.05422138600005], [-1.7412330859999656, 43.05905622300003], [-1.7622432529999514, 43.05544040500007], [-1.7667630029999373, 43.06152238400006], [-1.7794700859999466, 43.05983061500007], [-1.7915595049999524, 43.06141775000003], [-1.7983271879999734, 43.05632927800008], [-1.812209735999943, 43.06298459200008], [-1.8143931059999545, 43.07013009900004]]]}}, {"type": "Feature", "properties": {"ud_kodea": "31050", "ud_iz_e": "Baztan", "iz_ofizial": "Baztan"}, "geometry": {"type": "Polygon", "coordinates": [[[-1.5333974909999597, 43.27378491600007], [-1.5281423729999801, 43.26378017800005], [-1.546662711999943, 43.25283356300008], [-1.5561830189999455, 43.25657392100004], [-1.5534644169999297, 43.27026621200008], [-1.5396472179999705, 43.276369927000076], [-1.5333974909999597, 43.27378491600007], [-1.5240773129999639, 43.284547700000076], [-1.5421127459999298, 43.28165546400004], [-1.555455914999925, 43.27951569800007], [-1.5564396579999311, 43.279357927000035], [-1.5572830439999734, 43.27774656500003], [-1.5670070899999473, 43.25916792000004], [-1.5748327389999304, 43.250468684000055], [-1.5748490109999693, 43.25045059300004], [-1.5592468039999403, 43.23845060100007], [-1.5709186459999387, 43.20856717500004], [-1.5794682329999432, 43.20881768000004], [-1.5823350219999384, 43.20463017000003], [-1.5753157039999337, 43.193125215000066], [-1.583479324999928, 43.17006695400005], [-1.580756934999954, 43.164378433000024], [-1.6117227539999703, 43.138122889000044], [-1.6075612399999386, 43.12915773700007], [-1.6180728149999482, 43.11440957800005], [-1.6173982719999458, 43.10615311200007], [-1.6297310779999634, 43.09319069500003], [-1.6275801009999782, 43.08387210500007], [-1.6371675739999318, 43.06701276600006], [-1.6473182529999804, 43.065062167000065], [-1.6415228839999259, 43.058879355000045], [-1.6464575979999267, 43.05282363900005], [-1.631566103999944, 43.040003883000054], [-1.6136470449999365, 43.04308385500008], [-1.6015736349999656, 43.03953320800008], [-1.5987930389999292, 43.04290292500008], [-1.5937841319999393, 43.04035615400005], [-1.5710877229999483, 43.04342479300004], [-1.5552091059999498, 43.039956604000054], [-1.5447544819999735, 43.046869884000046], [-1.5330356309999615, 43.04649785700008], [-1.5263391439999623, 43.05282231600006], [-1.518336311999974, 43.06423908800008], [-1.494495904999951, 43.05632787600007], [-1.4938431649999302, 43.04386578500004], [-1.507249720999937, 43.031633025000076], [-1.49225047799996, 43.037217336000026], [-1.4704187229999661, 43.034478284000045], [-1.4707798849999563, 43.04119166400005], [-1.4536770449999494, 43.042726653000045], [-1.4473258449999662, 43.052861421000046], [-1.4723256069999593, 43.08154394500008], [-1.4734870529999284, 43.08660981200006], [-1.473489405999942, 43.08662007700008], [-1.4734838019999756, 43.08663408100006], [-1.4727131119999513, 43.088560596000036], [-1.4714326959999653, 43.09176127300003], [-1.4638784549999286, 43.09789237900003], [-1.4638579099999447, 43.09790904600004], [-1.4637937779999675, 43.097939448000034], [-1.451757405999956, 43.10364392300005], [-1.4409467859999268, 43.10771549700007], [-1.440888374999929, 43.107737487000065], [-1.4274198019999744, 43.11681889000005], [-1.415063947999954, 43.12883150400006], [-1.3826545809999402, 43.18906825000005], [-1.3783797159999267, 43.22826704700003], [-1.3787518989999512, 43.232342301000074], [-1.3844076139999402, 43.25365466300008], [-1.4012973159999547, 43.26682227600003], [-1.4070454729999256, 43.270837406000055], [-1.4137374649999401, 43.27364972700008], [-1.491062908999936, 43.28632397800004], [-1.4911349049999671, 43.281408621000026], [-1.4911375479999265, 43.28122818700007], [-1.4912918639999475, 43.27069255200007], [-1.501669336999953, 43.268604907000054], [-1.5074613549999754, 43.25848761000003], [-1.5333974909999597, 43.27378491600007]]]}}, {"type": "Feature", "properties": {"ud_kodea": "31130", "ud_iz_e": "Iturmendi", "iz_ofizial": "Iturmendi"}, "geometry": {"type": "Polygon", "coordinates": [[[-2.104484526999954, 42.87356947400008], [-2.1122044279999272, 42.88848795300004], [-2.109544666999966, 42.89460879100005], [-2.1326271029999475, 42.939270399000065], [-2.149794197999938, 42.93879122000004], [-2.1422292969999717, 42.92316136200003], [-2.1338507609999624, 42.919469165000066], [-2.121203780999963, 42.87134872400003], [-2.104484526999954, 42.87356947400008]]]}}, {"type": "Feature", "properties": {"ud_kodea": "31132", "ud_iz_e": "Izagaondoa", "iz_ofizial": "Izagaondoa"}, "geometry": {"type": "Polygon", "coordinates": [[[-1.4834358939999674, 42.77846205000003], [-1.5108253359999253, 42.781234942000026], [-1.5178894959999525, 42.764397012000074], [-1.479182868999942, 42.755442654000035], [-1.467421925999929, 42.76359755000004], [-1.457115278999936, 42.757848927000055], [-1.4542497199999502, 42.75120954600004], [-1.4614107539999281, 42.73438536000003], [-1.4676847729999736, 42.73259642600004], [-1.4401778289999356, 42.70961303300004], [-1.4349986329999638, 42.70482365300006], [-1.3985233839999296, 42.700726290000034], [-1.3934096709999721, 42.694495102000076], [-1.3998379689999751, 42.685192749000066], [-1.3968922129999441, 42.67585817500003], [-1.3792495799999642, 42.68178742900005], [-1.3588053489999652, 42.68365748100007], [-1.3524891979999438, 42.69541751700007], [-1.3540486349999696, 42.705705902000034], [-1.3492112209999618, 42.704411495000045], [-1.3548797539999669, 42.71630787200007], [-1.3519430269999475, 42.722064972000055], [-1.387336308999977, 42.74518076000004], [-1.4326317639999502, 42.76101037900003], [-1.4413242769999783, 42.75892281000006], [-1.4500957639999683, 42.76687633200004], [-1.4726239649999684, 42.76725113600003], [-1.4739945729999704, 42.77414932200003], [-1.4834358939999674, 42.77846205000003]]]}}, {"type": "Feature", "properties": {"ud_kodea": "31133", "ud_iz_e": "Izalzu/Itzaltzu", "iz_ofizial": "Izalzu/Itzaltzu"}, "geometry": {"type": "Polygon", "coordinates": [[[-1.063987746999942, 42.91512532000007], [-1.06102733299997, 42.91107701200008], [-1.0188473319999503, 42.92032282900004], [-1.0169040289999316, 42.93124791300005], [-1.0254447079999522, 42.94353390400005], [-1.050272035999967, 42.94485112900003], [-1.04330949499996, 42.922040467000045], [-1.063987746999942, 42.91512532000007]]]}}, {"type": "Feature", "properties": {"ud_kodea": "31134", "ud_iz_e": "Jaurrieta", "iz_ofizial": "Jaurrieta"}, "geometry": {"type": "Polygon", "coordinates": [[[-1.1304944819999605, 42.92054438100007], [-1.1299625939999487, 42.92881110600007], [-1.1418160899999634, 42.935199461000025], [-1.133809140999972, 42.949134453000056], [-1.163993922999964, 42.94935264800006], [-1.1605681279999658, 42.93802368000007], [-1.1512968479999586, 42.92593402500006], [-1.1553033009999467, 42.918146483000044], [-1.168216250999933, 42.91526527800005], [-1.1701746929999786, 42.903320251000025], [-1.1862377169999263, 42.89814604900005], [-1.1991424109999684, 42.88777816900006], [-1.1783613719999266, 42.87862459400003], [-1.1662836339999672, 42.86598694200006], [-1.1395407009999303, 42.866239662000055], [-1.1187710719999586, 42.87214963900004], [-1.1209704189999457, 42.87753455600006], [-1.1177275639999493, 42.88512637800005], [-1.1340128559999698, 42.90749081300004], [-1.1304944819999605, 42.92054438100007]]]}}, {"type": "Feature", "properties": {"ud_kodea": "31135", "ud_iz_e": "Javier", "iz_ofizial": "Javier"}, "geometry": {"type": "MultiPolygon", "coordinates": [[[[-1.3009815699999763, 42.51191138400003], [-1.3011398099999383, 42.51295900700006], [-1.3025270539999383, 42.522143209000035], [-1.3156565239999622, 42.52591358900003], [-1.316832169999941, 42.52465393700004], [-1.3209692139999447, 42.520221278000065], [-1.3306257219999793, 42.49131090900005], [-1.3429999119999252, 42.48350257900006], [-1.3462296899999728, 42.459270471000025], [-1.341985035999926, 42.42296738700003], [-1.3415816249999466, 42.423909656000035], [-1.341573665999931, 42.42392823400007], [-1.3415525019999563, 42.42395501200008], [-1.3409992499999248, 42.42465484500008], [-1.2832731799999806, 42.497675205000064], [-1.2822983889999477, 42.49890824200003], [-1.2751994319999653, 42.50521691800003], [-1.2856356089999394, 42.50501786600006], [-1.2872971049999364, 42.504986176000045], [-1.2998992339999518, 42.504745813000056], [-1.3009815699999763, 42.51191138400003]]], [[[-1.2178594599999428, 42.58564529800003], [-1.1887002409999354, 42.59017682500007], [-1.1802660409999248, 42.60252809100007], [-1.2192974549999462, 42.61303460700003], [-1.2272694729999785, 42.59503080600007], [-1.2389810689999763, 42.594211769000026], [-1.2446458139999663, 42.58388866800004], [-1.2283444159999704, 42.579026965000025], [-1.2178594599999428, 42.58564529800003]]]]}}, {"type": "Feature", "properties": {"ud_kodea": "31137", "ud_iz_e": "Beintza-Labaien", "iz_ofizial": "Beintza-Labaien"}, "geometry": {"type": "Polygon", "coordinates": [[[-1.7801335869999662, 43.15696225000005], [-1.7962866119999603, 43.15803387400007], [-1.8158861769999248, 43.15008917200004], [-1.8089164739999433, 43.141678478000074], [-1.8011409689999596, 43.14377642100004], [-1.7937009519999378, 43.13253245400006], [-1.7775395379999281, 43.12296002000005], [-1.781790601999944, 43.11378469400006], [-1.7767747459999441, 43.09902649000003], [-1.7667177659999425, 43.102655576000075], [-1.7598015859999805, 43.10155307600007], [-1.7545895899999664, 43.09746339700007], [-1.7671100959999535, 43.09260146500003], [-1.7706032609999625, 43.08627269900006], [-1.7588743739999586, 43.06965837100006], [-1.7667630029999373, 43.06152238400006], [-1.7622432529999514, 43.05544040500007], [-1.7412330859999656, 43.05905622300003], [-1.7282669379999334, 43.05422138600005], [-1.722304529999974, 43.057522713000026], [-1.7154622759999256, 43.06881012600007], [-1.723503960999949, 43.08138059500004], [-1.7183781529999465, 43.08683418700008], [-1.7216425509999453, 43.09881998800006], [-1.7292099369999505, 43.10723352500003], [-1.7360366109999745, 43.108740950000026], [-1.752567365999937, 43.104474124000035], [-1.7530230959999358, 43.10231261300004], [-1.7598665489999803, 43.10372992900005], [-1.7664589619999447, 43.10458721600003], [-1.765785459999961, 43.10961500700006], [-1.7753331849999654, 43.113400537000075], [-1.7717509779999432, 43.13518046400003], [-1.7753718729999264, 43.144115862000035], [-1.7806460959999413, 43.144793469000035], [-1.7801335869999662, 43.15696225000005]]]}}, {"type": "Feature", "properties": {"ud_kodea": "31138", "ud_iz_e": "Lakuntza", "iz_ofizial": "Lakuntza"}, "geometry": {"type": "MultiPolygon", "coordinates": [[[[-2.010229795999976, 42.95660323900006], [-2.0275377789999425, 42.96534225100004], [-2.031842911999945, 42.93710315000004], [-2.040114421999931, 42.926924804000066], [-2.028846640999973, 42.91251209500007], [-2.00629454999995, 42.906294168000045], [-2.0074788279999325, 42.91232881700006], [-2.014515575999951, 42.91772961000004], [-2.0071908149999445, 42.92752676900005], [-2.017979607999962, 42.938768046000064], [-2.0148104799999373, 42.94843016400006], [-2.0096964299999627, 42.94838602600004], [-2.010229795999976, 42.95660323900006]]], [[[-1.9929654319999486, 42.947744784000065], [-2.0052675579999573, 42.94805043000008], [-2.008020131999956, 42.937700654000025], [-2.005181388999972, 42.93056201300004], [-1.993377005999946, 42.928927961000056], [-1.9929654319999486, 42.947744784000065]]]]}}, {"type": "Feature", "properties": {"ud_kodea": "31139", "ud_iz_e": "Lana", "iz_ofizial": "Lana"}, "geometry": {"type": "Polygon", "coordinates": [[[-2.273504622999951, 42.741849502000036], [-2.2773069379999242, 42.74352182400003], [-2.300008679999962, 42.75350643500008], [-2.309058175999951, 42.736530525000035], [-2.3092874749999623, 42.73610038400005], [-2.3093004699999256, 42.736076006000076], [-2.314034711999966, 42.72719506200008], [-2.3170136119999256, 42.72160695600007], [-2.3164251199999626, 42.72169030100008], [-2.3133187819999534, 42.72213023300003], [-2.3047190179999575, 42.72334816700004], [-2.3014051139999765, 42.71498897200007], [-2.3082525369999303, 42.70872675500004], [-2.290775288999953, 42.70902514800008], [-2.2751131819999273, 42.69431638300006], [-2.264564489999941, 42.68114520300003], [-2.2610631059999378, 42.683630409000045], [-2.2640580099999283, 42.68831529800008], [-2.253383443999951, 42.68981311600004], [-2.244260294999947, 42.682125658000075], [-2.2331759939999642, 42.68820274500007], [-2.219304594999926, 42.68367830600005], [-2.21444516899993, 42.68669790900003], [-2.1950104489999376, 42.70479891300005], [-2.1970476739999754, 42.71631308800005], [-2.2284238669999468, 42.73285547900008], [-2.2436342109999714, 42.73169626500004], [-2.273504622999951, 42.741849502000036]]]}}, {"type": "Feature", "properties": {"ud_kodea": "31140", "ud_iz_e": "Lantz", "iz_ofizial": "Lantz"}, "geometry": {"type": "Polygon", "coordinates": [[[-1.5937841319999393, 43.04035615400005], [-1.5987930389999292, 43.04290292500008], [-1.6015736349999656, 43.03953320800008], [-1.632629923999957, 43.01144435700007], [-1.6335446099999444, 42.98734042400008], [-1.623093080999979, 42.97969612700007], [-1.6072248129999593, 42.993749826000055], [-1.5882570859999419, 42.994417757000065], [-1.583823625999969, 42.99944179200003], [-1.5937841319999393, 43.04035615400005]]]}}, {"type": "Feature", "properties": {"ud_kodea": "31141", "ud_iz_e": "Lapoblación", "iz_ofizial": "Lapoblación"}, "geometry": {"type": "Polygon", "coordinates": [[[-2.441844210999932, 42.57694832200008], [-2.4352355319999788, 42.58793961900005], [-2.4296322169999485, 42.59725883700003], [-2.425011650999977, 42.60437088400005], [-2.4248967679999396, 42.604547712000056], [-2.418611842999951, 42.607125531000065], [-2.418608802999927, 42.607126778000065], [-2.4186068169999544, 42.60712759000006], [-2.4186102229999733, 42.60712880700004], [-2.4438505219999342, 42.61614161600005], [-2.4601610569999366, 42.61654372300006], [-2.467891192999957, 42.62372134900005], [-2.470212230999948, 42.62587649200003], [-2.4831295489999547, 42.61213774700008], [-2.4883737159999555, 42.588107352000065], [-2.487070717999927, 42.587326510000025], [-2.4533030099999564, 42.56709064700004], [-2.453301154999963, 42.567089536000026], [-2.453299175999973, 42.56708834900007], [-2.441844210999932, 42.57694832200008]]]}}, {"type": "Feature", "properties": {"ud_kodea": "31142", "ud_iz_e": "Larraga", "iz_ofizial": "Larraga"}, "geometry": {"type": "Polygon", "coordinates": [[[-1.8173460699999282, 42.589909066000075], [-1.838969438999925, 42.593047960000035], [-1.8560979639999573, 42.58549348100007], [-1.8880251189999626, 42.58423191700007], [-1.9139037729999586, 42.57120611000005], [-1.9243086959999687, 42.574050913000065], [-1.9346907319999787, 42.52673360700004], [-1.9119385349999334, 42.50408690800003], [-1.884215438999945, 42.50259551100004], [-1.8776096949999328, 42.521478813000044], [-1.8438795569999797, 42.53376924500003], [-1.7888290009999537, 42.52053870700007], [-1.7750802679999538, 42.525741864000054], [-1.7718746279999777, 42.54145826400003], [-1.7946686529999738, 42.544167893000065], [-1.8125774579999643, 42.55797123200006], [-1.8173460699999282, 42.589909066000075]]]}}, {"type": "Feature", "properties": {"ud_kodea": "31143", "ud_iz_e": "Larraona", "iz_ofizial": "Larraona"}, "geometry": {"type": "Polygon", "coordinates": [[[-2.2420958149999706, 42.761718881000036], [-2.2370911199999455, 42.78015546800003], [-2.2732012969999573, 42.79161260500007], [-2.2775646029999734, 42.792997006000064], [-2.278755647999958, 42.793374904000075], [-2.282756830999972, 42.78586910300004], [-2.282757341999968, 42.78586814400006], [-2.2897999759999266, 42.77265689800004], [-2.2725930519999338, 42.76688997700006], [-2.2723506329999736, 42.76680873000004], [-2.254998071999978, 42.76099299900005], [-2.2420958149999706, 42.761718881000036]]]}}, {"type": "Feature", "properties": {"ud_kodea": "31144", "ud_iz_e": "Larraun", "iz_ofizial": "Larraun"}, "geometry": {"type": "Polygon", "coordinates": [[[-1.9298326259999499, 43.05894945800003], [-1.9450569669999709, 43.064853895000056], [-1.9690475869999773, 43.066738446000045], [-1.9610966079999343, 43.055383532000064], [-1.9661227889999395, 43.03541129600006], [-1.9614658849999387, 43.03349703600003], [-1.966817267999943, 43.02109087900004], [-1.9607865199999424, 43.01629069200004], [-1.9806154299999434, 42.98895916400005], [-1.9629597949999606, 42.96076815400005], [-1.9175118119999297, 42.957861999000045], [-1.8988434249999386, 42.95010176000005], [-1.9035661289999553, 42.94577968600004], [-1.897702954999943, 42.94394945700003], [-1.9008136309999486, 42.93720756100004], [-1.8611710029999244, 42.93360532100007], [-1.8455424029999676, 42.94165217600005], [-1.857280871999933, 42.95045077000003], [-1.86062216199997, 42.963361074000034], [-1.8595330059999355, 42.96988786400004], [-1.8524023279999255, 42.96758333100007], [-1.8431803059999652, 42.97287543600004], [-1.8455377909999697, 42.98364454000006], [-1.8412834389999375, 42.98703902900007], [-1.8436035869999614, 43.00002037400003], [-1.831868831999941, 43.01523647300007], [-1.8466262179999262, 43.022067768000056], [-1.8542673859999468, 43.033535647000065], [-1.8730204769999546, 43.039746036000054], [-1.8676214669999354, 43.048283420000075], [-1.8770128629999476, 43.05575082900003], [-1.907554060999928, 43.05078774700007], [-1.9298326259999499, 43.05894945800003]], [[-1.9219367629999624, 43.00283824700006], [-1.9250406249999514, 43.01480791300003], [-1.8932973179999522, 43.02969652500008], [-1.8940344949999712, 43.011198610000065], [-1.8843695659999753, 43.000794246000055], [-1.8934394209999255, 42.996497032000036], [-1.9219367629999624, 43.00283824700006]]]}}, {"type": "Feature", "properties": {"ud_kodea": "31145", "ud_iz_e": "Lazagurría", "iz_ofizial": "Lazagurría"}, "geometry": {"type": "Polygon", "coordinates": [[[-2.1979455009999356, 42.49535957100005], [-2.194731661999924, 42.50209120000005], [-2.2308767909999574, 42.51412797300003], [-2.2492121709999537, 42.49862464100005], [-2.2814405499999566, 42.486736551000035], [-2.2224430889999667, 42.471717150000075], [-2.2079790079999384, 42.480416700000035], [-2.1979455009999356, 42.49535957100005]]]}}, {"type": "Feature", "properties": {"ud_kodea": "31147", "ud_iz_e": "Legarda", "iz_ofizial": "Legarda"}, "geometry": {"type": "Polygon", "coordinates": [[[-1.763620934999949, 42.73411182800004], [-1.7659308689999307, 42.73836919900003], [-1.7850095039999587, 42.737924845000066], [-1.7925612549999528, 42.701299207000034], [-1.788745902999949, 42.69470312000004], [-1.7796019719999663, 42.69657816500006], [-1.7590218829999458, 42.725831250000056], [-1.763620934999949, 42.73411182800004]]]}}, {"type": "Feature", "properties": {"ud_kodea": "31155", "ud_iz_e": "Liédena", "iz_ofizial": "Liédena"}, "geometry": {"type": "Polygon", "coordinates": [[[-1.2192974549999462, 42.61303460700003], [-1.2408843319999505, 42.62013114000007], [-1.2400020769999287, 42.63240075300007], [-1.2826020659999244, 42.630598031000034], [-1.3037687139999434, 42.625366220000046], [-1.3103804479999326, 42.618511848000026], [-1.2840285569999423, 42.60974524000005], [-1.2718248009999797, 42.596089911000035], [-1.2466262419999339, 42.60235274300004], [-1.2389810689999763, 42.594211769000026], [-1.2272694729999785, 42.59503080600007], [-1.2192974549999462, 42.61303460700003]]]}}, {"type": "Feature", "properties": {"ud_kodea": "31239", "ud_iz_e": "Urdazubi/Urdax", "iz_ofizial": "Urdazubi/Urdax"}, "geometry": {"type": "Polygon", "coordinates": [[[-1.501669336999953, 43.268604907000054], [-1.4912918639999475, 43.27069255200007], [-1.4911375479999265, 43.28122818700007], [-1.4911349049999671, 43.281408621000026], [-1.491062908999936, 43.28632397800004], [-1.4986249299999486, 43.287563453000075], [-1.5019119889999502, 43.28810221800006], [-1.5236327509999796, 43.28461899300004], [-1.5236366409999391, 43.284618368000054], [-1.5240773129999639, 43.284547700000076], [-1.5333974909999597, 43.27378491600007], [-1.5074613549999754, 43.25848761000003], [-1.501669336999953, 43.268604907000054]]]}}, {"type": "Feature", "properties": {"ud_kodea": "31240", "ud_iz_e": "Urdiain", "iz_ofizial": "Urdiain"}, "geometry": {"type": "Polygon", "coordinates": [[[-2.1338507609999624, 42.919469165000066], [-2.1422292969999717, 42.92316136200003], [-2.149794197999938, 42.93879122000004], [-2.163338266999972, 42.93841316600003], [-2.1633383119999507, 42.938413162000074], [-2.1740213629999516, 42.938114969000026], [-2.176501372999951, 42.93804574300003], [-2.1739392469999643, 42.935173090000035], [-2.153938754999956, 42.91274857700006], [-2.152704842999981, 42.872243549000075], [-2.121203780999963, 42.87134872400003], [-2.1338507609999624, 42.919469165000066]]]}}, {"type": "Feature", "properties": {"ud_kodea": "31241", "ud_iz_e": "Urraul Alto", "iz_ofizial": "Urraul Alto"}, "geometry": {"type": "MultiPolygon", "coordinates": [[[[-1.20233782899993, 42.86672096500007], [-1.2353607139999667, 42.86723486300008], [-1.244267405999949, 42.875287067000045], [-1.263644104999969, 42.86234552600007], [-1.2510458679999488, 42.848556349000035], [-1.2659222609999574, 42.833429281000065], [-1.2623360239999784, 42.824748208000074], [-1.2673943359999384, 42.815333664000036], [-1.2823110069999757, 42.811569219000035], [-1.2800137909999307, 42.789859687000046], [-1.2976990639999713, 42.78518937000007], [-1.3113707129999739, 42.76437406100007], [-1.3047820309999452, 42.75725272400007], [-1.308599883999932, 42.75032123700004], [-1.3000630899999805, 42.74123473800006], [-1.2858664439999643, 42.742139748000056], [-1.2836879909999652, 42.73696520900006], [-1.2449082039999553, 42.72418443200007], [-1.2272405709999248, 42.73471845600005], [-1.2048638439999309, 42.73167725400003], [-1.2009615359999657, 42.73610047900007], [-1.2055751639999244, 42.74470963500005], [-1.19591111699998, 42.75649845300006], [-1.1803489139999783, 42.751704593000056], [-1.1753780079999387, 42.757460722000076], [-1.162458350999941, 42.755498156000044], [-1.1501442639999482, 42.77140086000003], [-1.1351505669999256, 42.77575900800008], [-1.1313903419999747, 42.78251448800006], [-1.1468816999999376, 42.784072028000026], [-1.1503331569999773, 42.799949567000056], [-1.161243944999967, 42.804798961000074], [-1.1641666109999278, 42.820100137000054], [-1.1593063219999635, 42.830539877000035], [-1.1590891289999377, 42.834147263000034], [-1.1731748529999777, 42.83529151500005], [-1.177526744999966, 42.84541031700007], [-1.1906939309999416, 42.85380464000008], [-1.1962431209999522, 42.852793613000074], [-1.20233782899993, 42.86672096500007]]], [[[-1.271080364999932, 42.695207906000064], [-1.2632624799999803, 42.72252823500003], [-1.271765903999949, 42.724592967000035], [-1.2883809369999426, 42.69602613100005], [-1.2803017269999373, 42.69195189100003], [-1.271080364999932, 42.695207906000064]]]]}}, {"type": "Feature", "properties": {"ud_kodea": "31242", "ud_iz_e": "Urraul Bajo", "iz_ofizial": "Urraul Bajo"}, "geometry": {"type": "Polygon", "coordinates": [[[-1.2449082039999553, 42.72418443200007], [-1.2836879909999652, 42.73696520900006], [-1.2858664439999643, 42.742139748000056], [-1.3000630899999805, 42.74123473800006], [-1.3223348849999752, 42.72717307000005], [-1.3519430269999475, 42.722064972000055], [-1.3548797539999669, 42.71630787200007], [-1.3492112209999618, 42.704411495000045], [-1.3540486349999696, 42.705705902000034], [-1.3524891979999438, 42.69541751700007], [-1.3588053489999652, 42.68365748100007], [-1.3792495799999642, 42.68178742900005], [-1.3778750889999287, 42.665657614000054], [-1.396036937999952, 42.66118565800008], [-1.384737702999928, 42.65179646900003], [-1.3881577759999573, 42.64171373500005], [-1.368856788999949, 42.629283427000075], [-1.3567458969999393, 42.63164980700003], [-1.3508864219999737, 42.637400987000035], [-1.3548127089999298, 42.64253645900004], [-1.351437313999952, 42.65071861400003], [-1.3221449579999671, 42.658514995000075], [-1.3252591749999283, 42.66521555700007], [-1.3186997949999295, 42.67045041500006], [-1.3245784079999794, 42.67375143100003], [-1.3190140269999802, 42.687312717000054], [-1.3092989879999664, 42.68681847600004], [-1.3073237959999346, 42.67729783200008], [-1.2810363469999402, 42.68036429500006], [-1.2751856469999439, 42.68714723800008], [-1.2803017269999373, 42.69195189100003], [-1.2883809369999426, 42.69602613100005], [-1.271765903999949, 42.724592967000035], [-1.2632624799999803, 42.72252823500003], [-1.2477571569999668, 42.72059900700003], [-1.2449082039999553, 42.72418443200007]]]}}, {"type": "Feature", "properties": {"ud_kodea": "31027", "ud_iz_e": "Arbizu", "iz_ofizial": "Arbizu"}, "geometry": {"type": "Polygon", "coordinates": [[[-2.0275377789999425, 42.96534225100004], [-2.031082896999976, 42.969937852000044], [-2.0405797089999282, 42.968775116000074], [-2.0456282619999797, 42.953932132000034], [-2.065465870999958, 42.952168726000025], [-2.0605970979999597, 42.94020638300003], [-2.0741201539999565, 42.93747993300008], [-2.057073222999975, 42.93017288200008], [-2.0565719889999627, 42.93331145800005], [-2.04770371099994, 42.933021834000044], [-2.0484499999999457, 42.926733557000034], [-2.0410535629999345, 42.923259365000035], [-2.050337989999946, 42.91391710700003], [-2.044515019999949, 42.89669592200005], [-2.00629454999995, 42.906294168000045], [-2.028846640999973, 42.91251209500007], [-2.040114421999931, 42.926924804000066], [-2.031842911999945, 42.93710315000004], [-2.0275377789999425, 42.96534225100004]]]}}, {"type": "Feature", "properties": {"ud_kodea": "31028", "ud_iz_e": "Arce/Artzi", "iz_ofizial": "Arce/Artzi"}, "geometry": {"type": "Polygon", "coordinates": [[[-1.3214822559999675, 42.89304156800006], [-1.341007243999968, 42.90752689300007], [-1.3286048749999395, 42.922690662000036], [-1.3319561519999752, 42.92926810000006], [-1.3261328769999636, 42.93479300100006], [-1.3354599639999378, 42.94795001600005], [-1.3558091479999348, 42.96723528500007], [-1.3638417009999557, 42.95655375200005], [-1.388544622999973, 42.95138424500004], [-1.3970971719999739, 42.94255358200007], [-1.4073006389999705, 42.924263146000044], [-1.3955120169999304, 42.907781681000074], [-1.4224600739999573, 42.90015996100004], [-1.4336793069999771, 42.89097596000005], [-1.435034787999939, 42.87756822400007], [-1.4263453269999786, 42.87983535800004], [-1.4131248469999491, 42.874925208000036], [-1.4261669029999666, 42.86565908700004], [-1.426797904999944, 42.84755887000006], [-1.4351592249999499, 42.831932719000065], [-1.4267273259999342, 42.82092104000003], [-1.4238342169999783, 42.82309649100006], [-1.4112453909999658, 42.81166625800006], [-1.4014425789999336, 42.81712184300005], [-1.3983474099999285, 42.82709212000003], [-1.4105582399999435, 42.82942361400006], [-1.4013939859999596, 42.839885835000075], [-1.393772728999977, 42.83508752700004], [-1.3814506019999726, 42.837939696000035], [-1.3651575359999697, 42.83542085100004], [-1.353615644999934, 42.82035218500005], [-1.3431962919999592, 42.82254313100003], [-1.3330168619999654, 42.83261604900008], [-1.3261533149999423, 42.82988643900006], [-1.324881737999931, 42.82306009400003], [-1.313835178999966, 42.82396950100008], [-1.3012861389999557, 42.81137505400005], [-1.2823110069999757, 42.811569219000035], [-1.2673943359999384, 42.815333664000036], [-1.2623360239999784, 42.824748208000074], [-1.2659222609999574, 42.833429281000065], [-1.2510458679999488, 42.848556349000035], [-1.263644104999969, 42.86234552600007], [-1.244267405999949, 42.875287067000045], [-1.2455632599999262, 42.88874224700004], [-1.2668224219999615, 42.893550669000035], [-1.2751146879999737, 42.88692226000006], [-1.3250892749999252, 42.878185375000044], [-1.3214822559999675, 42.89304156800006]]]}}, {"type": "Feature", "properties": {"ud_kodea": "31029", "ud_iz_e": "Los Arcos", "iz_ofizial": "Los Arcos"}, "geometry": {"type": "Polygon", "coordinates": [[[-2.159503026999971, 42.60154851000004], [-2.177663258999928, 42.603607442000055], [-2.1906687609999267, 42.588669749000076], [-2.2022155569999313, 42.589201065000054], [-2.23639230699996, 42.569567591000066], [-2.2337988789999486, 42.55890567800003], [-2.2261673239999595, 42.555432272000075], [-2.2255476299999373, 42.549403289000054], [-2.210737260999963, 42.54648354300008], [-2.228445643999976, 42.52373872600003], [-2.2308767909999574, 42.51412797300003], [-2.194731661999924, 42.50209120000005], [-2.1979455009999356, 42.49535957100005], [-2.1622244649999516, 42.48837668200008], [-2.1482302909999476, 42.517145792000065], [-2.1576665039999625, 42.52517651100004], [-2.1584578639999563, 42.54422024100006], [-2.166391841999939, 42.55386923100008], [-2.1582403149999436, 42.559501183000066], [-2.165518082999938, 42.56458857600006], [-2.1654043249999404, 42.57312173400004], [-2.159503026999971, 42.60154851000004]]]}}, {"type": "Feature", "properties": {"ud_kodea": "31030", "ud_iz_e": "Arellano", "iz_ofizial": "Arellano"}, "geometry": {"type": "Polygon", "coordinates": [[[-2.0770809479999457, 42.523439101000065], [-2.047505198999943, 42.574925230000076], [-2.0484249609999665, 42.592970954000066], [-2.0341868859999295, 42.599425852000024], [-2.0323370769999656, 42.604750495000076], [-2.0389463349999346, 42.618890763000024], [-2.0619633409999665, 42.620804312000075], [-2.062855031999959, 42.61091180300008], [-2.0691587339999273, 42.60939776400005], [-2.0719139219999647, 42.605960535000065], [-2.0694347029999562, 42.60134756100007], [-2.057967711999936, 42.57925331400003], [-2.086023351999927, 42.548906663000025], [-2.089527880999981, 42.534039301000064], [-2.0848983579999754, 42.52335777400003], [-2.0770809479999457, 42.523439101000065]]]}}, {"type": "Feature", "properties": {"ud_kodea": "31031", "ud_iz_e": "Areso", "iz_ofizial": "Areso"}, "geometry": {"type": "Polygon", "coordinates": [[[-1.935321915999964, 43.088743402000034], [-1.9466287829999374, 43.09824063800005], [-1.9468936129999292, 43.09846308300007], [-1.954222293999976, 43.10461883000005], [-1.965061324999965, 43.09536435800004], [-1.9727308709999534, 43.09186899000008], [-1.9734313159999601, 43.091549764000035], [-1.973431368999968, 43.09154973900007], [-1.9751469719999477, 43.090736942000035], [-1.9834919789999503, 43.08678337900005], [-1.990401110999926, 43.08351008000005], [-1.9920510349999745, 43.08272840500007], [-1.9928337729999726, 43.082357572000035], [-1.9900322439999627, 43.07943633900004], [-1.9795076239999503, 43.06846202400004], [-1.9690475869999773, 43.066738446000045], [-1.9450569669999709, 43.064853895000056], [-1.9298326259999499, 43.05894945800003], [-1.935321915999964, 43.088743402000034]]]}}, {"type": "Feature", "properties": {"ud_kodea": "31014", "ud_iz_e": "Ancín/Antzin", "iz_ofizial": "Ancín/Antzin"}, "geometry": {"type": "Polygon", "coordinates": [[[-2.2045061539999438, 42.677284892000046], [-2.21444516899993, 42.68669790900003], [-2.219304594999926, 42.68367830600005], [-2.208034639999937, 42.67102182900004], [-2.2075171349999323, 42.661308940000026], [-2.1974216969999247, 42.648387856000056], [-2.1915623539999274, 42.646797796000044], [-2.1898792229999344, 42.65241424000004], [-2.17710380099993, 42.65534900000006], [-2.163123172999974, 42.65254607600008], [-2.160546396999962, 42.66543210900005], [-2.1659548039999663, 42.67070373100006], [-2.1757217829999718, 42.68054530100005], [-2.179277683999942, 42.67188059800003], [-2.2045061539999438, 42.677284892000046]]]}}, {"type": "Feature", "properties": {"ud_kodea": "31016", "ud_iz_e": "Ansoáin/Antsoain", "iz_ofizial": "Ansoáin/Antsoain"}, "geometry": {"type": "Polygon", "coordinates": [[[-1.6324178759999768, 42.83879953400003], [-1.6521680219999553, 42.84664311100005], [-1.650945758999967, 42.83139214500005], [-1.6337853559999758, 42.83282755100004], [-1.6324178759999768, 42.83879953400003]]]}}, {"type": "Feature", "properties": {"ud_kodea": "31021", "ud_iz_e": "Aranarache/Aranaratxe", "iz_ofizial": "Aranarache/Aranaratxe"}, "geometry": {"type": "Polygon", "coordinates": [[[-2.221661120999954, 42.78324846700008], [-2.2310245349999605, 42.78434741400008], [-2.2370911199999455, 42.78015546800003], [-2.2420958149999706, 42.761718881000036], [-2.2252807339999663, 42.75768898100006], [-2.221661120999954, 42.78324846700008]]]}}, {"type": "Feature", "properties": {"ud_kodea": "31041", "ud_iz_e": "Ayegui/Aiegi", "iz_ofizial": "Ayegui/Aiegi"}, "geometry": {"type": "Polygon", "coordinates": [[[-2.0349914129999433, 42.632585662000054], [-2.025562236999974, 42.64285840000008], [-2.031838931999971, 42.64635156400004], [-2.0292084749999617, 42.655469878000076], [-2.0435515379999742, 42.66851325500005], [-2.0705240119999644, 42.65760459200004], [-2.0533804989999567, 42.628727827000034], [-2.0452844869999467, 42.62941714800007], [-2.0349914129999433, 42.632585662000054]]]}}, {"type": "Feature", "properties": {"ud_kodea": "31250", "ud_iz_e": "Bera", "iz_ofizial": "Bera"}, "geometry": {"type": "Polygon", "coordinates": [[[-1.6293075469999394, 43.28195236800008], [-1.6302978349999648, 43.28491261800008], [-1.6262463659999753, 43.29318434800007], [-1.6225065489999793, 43.30081979100004], [-1.6258349199999316, 43.30685675500007], [-1.6545040369999242, 43.312348161000045], [-1.6545040869999639, 43.31234815800008], [-1.6580220009999493, 43.31158151500006], [-1.7289761779999253, 43.296118782000065], [-1.7274803309999243, 43.29183435200008], [-1.7111278159999301, 43.29042658600008], [-1.71000136899994, 43.27781669400008], [-1.6977793639999277, 43.27592235800006], [-1.6987857909999775, 43.28074218300003], [-1.6910268019999535, 43.281635143000074], [-1.6802240419999634, 43.257406106000076], [-1.6680107999999336, 43.25590495600005], [-1.662408055999947, 43.26253878500006], [-1.6563167049999379, 43.25603823900008], [-1.643905851999932, 43.25848501400003], [-1.6440644649999285, 43.262998184000026], [-1.6255320719999418, 43.27065399700007], [-1.6255284449999294, 43.27065549500003], [-1.625528415999952, 43.27065550700007], [-1.6293075469999394, 43.28195236800008]]]}}, {"type": "Feature", "properties": {"ud_kodea": "53059", "ud_iz_e": " ", "iz_ofizial": " "}, "geometry": {"type": "Polygon", "coordinates": [[[-1.623093080999979, 42.97969612700007], [-1.6335446099999444, 42.98734042400008], [-1.639000631999977, 42.98188554300003], [-1.6257868849999682, 42.97658583700007], [-1.623093080999979, 42.97969612700007]]]}}, {"type": "Feature", "properties": {"ud_kodea": "31247", "ud_iz_e": "Uztárroz/Uztarroze", "iz_ofizial": "Uztárroz/Uztarroze"}, "geometry": {"type": "Polygon", "coordinates": [[[-0.9187226889999351, 42.93270991900005], [-0.90327300499996, 42.95182693500004], [-0.934983822999925, 42.95263428100003], [-0.9349918459999458, 42.95263492400005], [-0.9349931249999486, 42.95263502500006], [-0.9451806879999367, 42.953439194000055], [-0.9709454529999562, 42.96178005500008], [-0.9709683689999338, 42.96178746500004], [-0.9709694559999775, 42.96178616000003], [-0.9982226419999733, 42.92877951300005], [-0.9973907679999456, 42.91058442800005], [-1.0020772469999315, 42.90468721700006], [-0.9990485639999633, 42.89191060200005], [-1.0136826379999775, 42.872663025000065], [-0.9754574809999781, 42.86584114600004], [-0.9670288309999364, 42.86529554600003], [-0.9525760449999439, 42.868873972000074], [-0.9358878889999573, 42.88326984100007], [-0.9325405269999578, 42.87974262800003], [-0.9187226889999351, 42.93270991900005]]]}}, {"type": "Feature", "properties": {"ud_kodea": "31248", "ud_iz_e": "Luzaide/Valcarlos", "iz_ofizial": "Luzaide/Valcarlos"}, "geometry": {"type": "Polygon", "coordinates": [[[-1.295342378999976, 43.02730346300007], [-1.2884793269999477, 43.03577345300005], [-1.2646576639999694, 43.03952974400005], [-1.263470793999943, 43.04421030900005], [-1.2634707499999536, 43.044210484000075], [-1.2592169169999465, 43.06098599400008], [-1.3088600529999326, 43.06978956000006], [-1.308862602999966, 43.06978840100004], [-1.3426442259999476, 43.054435795000074], [-1.3538129589999244, 43.02800625900005], [-1.3404647539999246, 43.02576068800005], [-1.3258819079999284, 43.019974285000046], [-1.295342378999976, 43.02730346300007]]]}}, {"type": "Feature", "properties": {"ud_kodea": "31249", "ud_iz_e": "Valtierra", "iz_ofizial": "Valtierra"}, "geometry": {"type": "MultiPolygon", "coordinates": [[[[-1.5970187629999373, 42.21319129700004], [-1.601429970999959, 42.216415262000055], [-1.596433784999931, 42.225378231000036], [-1.6448999689999368, 42.25096164400003], [-1.6549370539999586, 42.225854146000074], [-1.6770920899999737, 42.20704608700004], [-1.6815102559999673, 42.192407940000066], [-1.6790644379999549, 42.18830908800004], [-1.6790873079999642, 42.188262913000074], [-1.684487704999981, 42.177358765000065], [-1.683432201999949, 42.177065940000034], [-1.6567698599999403, 42.16966909000007], [-1.6569430169999464, 42.17921754500003], [-1.6489090679999663, 42.180654220000065], [-1.6419694659999777, 42.173925745000076], [-1.6455481399999599, 42.163953348000064], [-1.6372528799999486, 42.15563257400004], [-1.631994582999937, 42.17554539300005], [-1.5970187629999373, 42.21319129700004]]], [[[-1.5162374299999328, 42.25769949800008], [-1.5317266179999365, 42.26258181700007], [-1.5383966269999405, 42.269853785000066], [-1.5553417609999656, 42.27331964000007], [-1.5625127369999632, 42.263521225000034], [-1.5490154119999602, 42.254138287000046], [-1.5489689709999652, 42.24664486200004], [-1.5537609139999518, 42.24805620600006], [-1.5568076809999525, 42.24360969400004], [-1.552411822999943, 42.23867302100007], [-1.527086681999947, 42.227033660000075], [-1.5170901289999392, 42.23216981000007], [-1.5162374299999328, 42.25769949800008]]]]}}, {"type": "Feature", "properties": {"ud_kodea": "31243", "ud_iz_e": "Urroz-Villa", "iz_ofizial": "Urroz-Villa"}, "geometry": {"type": "Polygon", "coordinates": [[[-1.4261650759999611, 42.788594310000065], [-1.4454119129999299, 42.793368772000065], [-1.4649678339999355, 42.78774334900004], [-1.4739189749999468, 42.79215835700006], [-1.4834358939999674, 42.77846205000003], [-1.4739945729999704, 42.77414932200003], [-1.4726239649999684, 42.76725113600003], [-1.4500957639999683, 42.76687633200004], [-1.4413242769999783, 42.75892281000006], [-1.4326317639999502, 42.76101037900003], [-1.4399592019999545, 42.76705379100008], [-1.4366197589999388, 42.775427999000044], [-1.42209541699998, 42.78034368200008], [-1.4261650759999611, 42.788594310000065]]]}}, {"type": "Feature", "properties": {"ud_kodea": "31246", "ud_iz_e": "Uterga", "iz_ofizial": "Uterga"}, "geometry": {"type": "Polygon", "coordinates": [[[-1.7437684729999319, 42.70735994800003], [-1.7416060429999334, 42.709182715000054], [-1.7345934639999427, 42.71405297000007], [-1.7260161709999693, 42.718486995000035], [-1.7271829469999602, 42.72507651600006], [-1.7448313859999303, 42.725721597000074], [-1.7530498429999284, 42.73372698600008], [-1.763620934999949, 42.73411182800004], [-1.7590218829999458, 42.725831250000056], [-1.7796019719999663, 42.69657816500006], [-1.7559750589999794, 42.695540539000035], [-1.7437684729999319, 42.70735994800003]]]}}, {"type": "Feature", "properties": {"ud_kodea": "31210", "ud_iz_e": "Roncal/Erronkari", "iz_ofizial": "Roncal/Erronkari"}, "geometry": {"type": "MultiPolygon", "coordinates": [[[[-0.8941380229999254, 42.82192521400003], [-0.9145438009999793, 42.81822866400006], [-0.9350020539999377, 42.821706187000075], [-0.9511534499999357, 42.81601729300007], [-0.9492308209999578, 42.820899447000045], [-0.9754051079999613, 42.83410733200003], [-0.9670288309999364, 42.86529554600003], [-0.9754574809999781, 42.86584114600004], [-0.9848998439999264, 42.85630056600007], [-0.9844065669999509, 42.84023636100005], [-0.9927165869999612, 42.83338561200003], [-0.9796305189999543, 42.79904512200005], [-0.9861009559999729, 42.77750233800003], [-0.9922926139999504, 42.773144641000044], [-0.9448363269999618, 42.758561014000065], [-0.942778346999944, 42.79340891900006], [-0.9262333089999402, 42.79529859000007], [-0.8820235549999325, 42.81671849300005], [-0.8941380229999254, 42.82192521400003]]], [[[-0.8820235549999325, 42.81671849300005], [-0.8647819349999395, 42.82221874100003], [-0.8639995419999309, 42.83037151100007], [-0.8728843339999344, 42.831603114000075], [-0.8722986919999585, 42.82169231000006], [-0.8820235549999325, 42.81671849300005]]]]}}, {"type": "Feature", "properties": {"ud_kodea": "31211", "ud_iz_e": "Orreaga/Roncesvalles", "iz_ofizial": "Orreaga/Roncesvalles"}, "geometry": {"type": "Polygon", "coordinates": [[[-1.2974301509999577, 43.00105885100004], [-1.2898750749999408, 43.00982482400008], [-1.2634610049999537, 43.021457300000066], [-1.277236425999945, 43.03090422400004], [-1.2854596919999608, 43.03224346700006], [-1.295342378999976, 43.02730346300007], [-1.3258819079999284, 43.019974285000046], [-1.3404647539999246, 43.02576068800005], [-1.3460933109999473, 43.01634224800006], [-1.339898734999963, 43.00167390000007], [-1.327951035999945, 42.995277626000075], [-1.2974301509999577, 43.00105885100004]]]}}, {"type": "Feature", "properties": {"ud_kodea": "31212", "ud_iz_e": "Sada", "iz_ofizial": "Sada"}, "geometry": {"type": "Polygon", "coordinates": [[[-1.3872526519999724, 42.592207958000074], [-1.4119505429999322, 42.599198982000075], [-1.4176474389999498, 42.59612597100005], [-1.4105742169999758, 42.58908479400003], [-1.4173665959999653, 42.576400300000046], [-1.400027204999958, 42.554969834000076], [-1.378072445999976, 42.54906869600006], [-1.3693754089999288, 42.55985975500005], [-1.3872526519999724, 42.592207958000074]]]}}, {"type": "Feature", "properties": {"ud_kodea": "31213", "ud_iz_e": "Saldías", "iz_ofizial": "Saldías"}, "geometry": {"type": "Polygon", "coordinates": [[[-1.7667630029999373, 43.06152238400006], [-1.7588743739999586, 43.06965837100006], [-1.7706032609999625, 43.08627269900006], [-1.7671100959999535, 43.09260146500003], [-1.7545895899999664, 43.09746339700007], [-1.7598015859999805, 43.10155307600007], [-1.7667177659999425, 43.102655576000075], [-1.7767747459999441, 43.09902649000003], [-1.781790601999944, 43.11378469400006], [-1.7949168039999677, 43.106926927000075], [-1.7794700859999466, 43.05983061500007], [-1.7667630029999373, 43.06152238400006]]]}}, {"type": "Feature", "properties": {"ud_kodea": "31215", "ud_iz_e": "San Adrián", "iz_ofizial": "San Adrián"}, "geometry": {"type": "Polygon", "coordinates": [[[-1.8982271519999472, 42.37055404900008], [-1.9227703309999242, 42.35432463800004], [-1.92967966599997, 42.35929753700003], [-1.9633417289999784, 42.34953179300004], [-1.918866823999963, 42.32710030900006], [-1.9185727859999702, 42.32695200400008], [-1.9183969159999492, 42.326726776000044], [-1.9165183039999647, 42.32432090000003], [-1.8825416529999757, 42.340070498000046], [-1.8739213429999495, 42.349667520000025], [-1.8982271519999472, 42.37055404900008]]]}}, {"type": "Feature", "properties": {"ud_kodea": "31232", "ud_iz_e": "Tudela", "iz_ofizial": "Tudela"}, "geometry": {"type": "Polygon", "coordinates": [[[-1.6292598199999588, 42.14687352300007], [-1.6372528799999486, 42.15563257400004], [-1.6455481399999599, 42.163953348000064], [-1.6511739939999757, 42.162389596000025], [-1.6457397679999417, 42.15496907200003], [-1.6730913719999307, 42.146974585000066], [-1.6754091729999345, 42.13913013200005], [-1.699136669999973, 42.12045316000007], [-1.7214963229999398, 42.103835513000035], [-1.7206687459999443, 42.08905616000004], [-1.74360726499998, 42.07488171600005], [-1.776001393999934, 42.05175249600006], [-1.7728164269999525, 42.04457650000006], [-1.779061707999972, 42.03707785900008], [-1.7844662709999284, 42.03939578100005], [-1.8204319619999296, 42.02902659400007], [-1.8381223619999787, 42.014787873000046], [-1.82874504199998, 42.00069674500003], [-1.8278850379999767, 41.99940443300005], [-1.820111585999939, 41.99645301600003], [-1.802820274999931, 41.98988786700005], [-1.799185202999979, 41.991917820000026], [-1.7983252469999798, 41.99239805000008], [-1.7513234529999409, 42.01864551500006], [-1.7506979729999443, 42.019229291000045], [-1.7351729889999774, 42.03371914100006], [-1.7415621909999572, 42.04438251900007], [-1.7350553859999422, 42.05445105300004], [-1.7340714559999242, 42.054413003000036], [-1.7070822159999466, 42.05336930100003], [-1.705126919999941, 42.04762260000007], [-1.6878171899999757, 42.05209290100004], [-1.691775330999974, 42.07119533800005], [-1.6636607749999257, 42.06420670600005], [-1.6673832199999765, 42.05670285600007], [-1.6517146569999568, 42.054727472000025], [-1.6552113559999384, 42.04421325100003], [-1.6445035019999636, 42.03865651600006], [-1.6461349649999306, 42.03237143700005], [-1.636326821999944, 42.04023483700007], [-1.623700400999951, 42.03523878500005], [-1.639244170999973, 42.01618668500004], [-1.607262205999973, 42.01403783400008], [-1.5977234399999247, 42.02439594800006], [-1.5832164009999588, 42.02604600900003], [-1.5852299759999369, 42.031654769000056], [-1.5770929429999683, 42.037390111000036], [-1.5707666639999616, 42.038815586000055], [-1.5550753539999391, 42.030702645000076], [-1.5519394219999754, 42.04432549900008], [-1.5661623069999564, 42.053915611000036], [-1.564484446999927, 42.05919927600007], [-1.5539392859999452, 42.07067578600004], [-1.5452278069999466, 42.07104299400004], [-1.5325108379999506, 42.08104899500006], [-1.5230243949999362, 42.07880181100006], [-1.5125470599999744, 42.08588038700003], [-1.4992131519999248, 42.11093282100006], [-1.4886572299999443, 42.11690931600003], [-1.4856922789999771, 42.13321625200007], [-1.4911222859999498, 42.13689016200004], [-1.50810957799996, 42.12715163400003], [-1.5457264199999372, 42.119601311000054], [-1.5662367799999402, 42.124686705000045], [-1.5714347219999354, 42.130794655000045], [-1.56043916699997, 42.13869964200006], [-1.5755592799999363, 42.14002309800003], [-1.5842655189999277, 42.153883120000046], [-1.5968764259999375, 42.153920963000076], [-1.6182861179999577, 42.14618351800004], [-1.6292598199999588, 42.14687352300007]]]}}, {"type": "Feature", "properties": {"ud_kodea": "31233", "ud_iz_e": "Tulebras", "iz_ofizial": "Tulebras"}, "geometry": {"type": "Polygon", "coordinates": [[[-1.666896916999974, 41.97879278400006], [-1.667465257999936, 41.988580324000054], [-1.6712904459999436, 41.98343696500007], [-1.6950280529999304, 41.993787344000054], [-1.7035479299999565, 41.98444527000004], [-1.698334005999925, 41.97907254800003], [-1.6852642899999637, 41.978959615000065], [-1.6763775839999653, 41.972111797000025], [-1.666896916999974, 41.97879278400006]]]}}, {"type": "Feature", "properties": {"ud_kodea": "31234", "ud_iz_e": "Ucar", "iz_ofizial": "Ucar"}, "geometry": {"type": "Polygon", "coordinates": [[[-1.6996828559999244, 42.708810259000074], [-1.7133311159999494, 42.70740656000004], [-1.7148200009999641, 42.71691484300004], [-1.718492843999968, 42.71587533300004], [-1.7192368739999324, 42.70463613700008], [-1.7264439039999502, 42.69671987500004], [-1.7219881599999667, 42.68419791600007], [-1.7186466019999784, 42.66742865500004], [-1.707355737999933, 42.66405985200004], [-1.6997953579999603, 42.66617153900006], [-1.6817541069999606, 42.67570005700003], [-1.6859384389999263, 42.68505060200005], [-1.6998673449999728, 42.69490835200003], [-1.6996828559999244, 42.708810259000074]]]}}, {"type": "Feature", "properties": {"ud_kodea": "31236", "ud_iz_e": "Ultzama", "iz_ofizial": "Ultzama"}, "geometry": {"type": "Polygon", "coordinates": [[[-1.6464575979999267, 43.05282363900005], [-1.6706208719999722, 43.058572782000056], [-1.6859181649999755, 43.056435359000034], [-1.7133521819999373, 43.05225368600003], [-1.722304529999974, 43.057522713000026], [-1.7282669379999334, 43.05422138600005], [-1.7517704539999386, 43.032967807000034], [-1.7490905279999538, 43.01442471400003], [-1.7569899309999641, 42.97868039800005], [-1.7516298679999522, 42.97932449600006], [-1.7430913299999702, 42.979456103000075], [-1.7310471379999512, 42.98485221400006], [-1.7166726729999482, 42.98129711900003], [-1.7130483959999765, 42.973953411000025], [-1.7026752939999596, 42.970963778000055], [-1.7022542839999346, 42.954831209000076], [-1.6813296329999616, 42.94784738100003], [-1.6767612459999555, 42.95510662600003], [-1.6591623069999741, 42.952596646000075], [-1.6407558029999336, 42.96178054500007], [-1.6430283109999664, 42.974972630000025], [-1.6504425029999652, 42.98024710100003], [-1.639000631999977, 42.98188554300003], [-1.6335446099999444, 42.98734042400008], [-1.632629923999957, 43.01144435700007], [-1.6015736349999656, 43.03953320800008], [-1.6136470449999365, 43.04308385500008], [-1.631566103999944, 43.040003883000054], [-1.6464575979999267, 43.05282363900005]]]}}, {"type": "Feature", "properties": {"ud_kodea": "31237", "ud_iz_e": "Unciti", "iz_ofizial": "Unciti"}, "geometry": {"type": "MultiPolygon", "coordinates": [[[[-1.5178894959999525, 42.764397012000074], [-1.5229065639999249, 42.752818217000026], [-1.5344527829999492, 42.75130968700006], [-1.5405452439999294, 42.74578622100006], [-1.5365677249999408, 42.73464110100008], [-1.5124292789999458, 42.71880522600003], [-1.501313080999978, 42.71892140800003], [-1.48702366699996, 42.70688257900008], [-1.473584844999948, 42.70270594500005], [-1.4638606889999437, 42.69648843700003], [-1.4401778289999356, 42.70961303300004], [-1.4676847729999736, 42.73259642600004], [-1.4614107539999281, 42.73438536000003], [-1.4542497199999502, 42.75120954600004], [-1.457115278999936, 42.757848927000055], [-1.467421925999929, 42.76359755000004], [-1.479182868999942, 42.755442654000035], [-1.5178894959999525, 42.764397012000074]]], [[[-1.3985233839999296, 42.700726290000034], [-1.4349986329999638, 42.70482365300006], [-1.4404357259999756, 42.69931547200008], [-1.4270489879999673, 42.70003206500007], [-1.4188754429999335, 42.689194317000045], [-1.3998379689999751, 42.685192749000066], [-1.3934096709999721, 42.694495102000076], [-1.3985233839999296, 42.700726290000034]]]]}}, {"type": "Feature", "properties": {"ud_kodea": "31095", "ud_iz_e": "Esparza de Salazar/Espartza Zaraitzu", "iz_ofizial": "Esparza de Salazar/Espartza Zaraitzu"}, "geometry": {"type": "Polygon", "coordinates": [[[-1.0136826379999775, 42.872663025000065], [-1.0472655039999381, 42.87785854700007], [-1.0589160269999525, 42.86671073600007], [-1.0814899839999725, 42.86590277100004], [-1.08949522599994, 42.86115603800005], [-1.1187710719999586, 42.87214963900004], [-1.1395407009999303, 42.866239662000055], [-1.1662836339999672, 42.86598694200006], [-1.1707450259999632, 42.84880498900003], [-1.1319642099999783, 42.849160167000036], [-1.120626237999943, 42.85337795100003], [-1.1114473069999349, 42.84533868500006], [-1.097032788999968, 42.84330787500005], [-1.074836998999956, 42.84718703600004], [-1.0635621549999428, 42.84261147900003], [-1.0372448839999606, 42.85368940300003], [-1.0334125639999456, 42.86183592300006], [-1.0186675889999606, 42.86158160400004], [-1.0136826379999775, 42.872663025000065]]]}}, {"type": "Feature", "properties": {"ud_kodea": "31185", "ud_iz_e": "Ochagavía/Otsagabia", "iz_ofizial": "Ochagavía/Otsagabia"}, "geometry": {"type": "Polygon", "coordinates": [[[-0.9709694559999775, 42.96178616000003], [-0.9709683689999338, 42.96178746500004], [-0.9709705779999354, 42.96178824900005], [-0.970989961999976, 42.96179506300007], [-1.0696507949999727, 42.996470543000044], [-1.0864154599999551, 43.002362677000065], [-1.086465430999965, 43.00238023900005], [-1.0864722219999408, 43.002382684000054], [-1.1241717479999807, 43.015955967000025], [-1.1386584939999693, 43.02117175400008], [-1.14156017199997, 43.00762000000003], [-1.1469552929999622, 42.98773515200003], [-1.1695412479999732, 42.98384851000003], [-1.1650932389999298, 42.96927980800007], [-1.1691101239999284, 42.95001995700005], [-1.163993922999964, 42.94935264800006], [-1.133809140999972, 42.949134453000056], [-1.1418160899999634, 42.935199461000025], [-1.1299625939999487, 42.92881110600007], [-1.1304944819999605, 42.92054438100007], [-1.1094615869999416, 42.919208336000054], [-1.1020411769999328, 42.90150822100003], [-1.0850237759999573, 42.89531753400007], [-1.0638925799999583, 42.906425084000034], [-1.048128634999955, 42.90173597200004], [-1.0382751299999313, 42.911571767000055], [-1.0020772469999315, 42.90468721700006], [-0.9973907679999456, 42.91058442800005], [-0.9982226419999733, 42.92877951300005], [-0.9709694559999775, 42.96178616000003]], [[-1.063987746999942, 42.91512532000007], [-1.04330949499996, 42.922040467000045], [-1.050272035999967, 42.94485112900003], [-1.0254447079999522, 42.94353390400005], [-1.0169040289999316, 42.93124791300005], [-1.0188473319999503, 42.92032282900004], [-1.06102733299997, 42.91107701200008], [-1.063987746999942, 42.91512532000007]]]}}, {"type": "Feature", "properties": {"ud_kodea": "31193", "ud_iz_e": "Cendea de Olza/Oltza Zendea", "iz_ofizial": "Cendea de Olza/Oltza Zendea"}, "geometry": {"type": "Polygon", "coordinates": [[[-1.7242604019999703, 42.82825233700004], [-1.7417782669999724, 42.82953581800007], [-1.7439742579999802, 42.83588148100006], [-1.7506747249999535, 42.83611682800006], [-1.7834706259999393, 42.86023444800003], [-1.797073250999972, 42.84871655500007], [-1.8003297989999396, 42.84423029000004], [-1.79535035899994, 42.84038677600006], [-1.8242326499999422, 42.82857517900004], [-1.8386665719999655, 42.82087915500006], [-1.829982351999945, 42.82081773900006], [-1.8276345189999574, 42.81623707400007], [-1.8173177059999261, 42.81908464400004], [-1.8031283509999412, 42.806384052000055], [-1.7799963509999657, 42.805401465000045], [-1.781048177999935, 42.79792942300003], [-1.7615340909999304, 42.79228989500007], [-1.744026688999952, 42.79280152900003], [-1.740636793999954, 42.80018453300005], [-1.7134054389999278, 42.79949454600006], [-1.7115783129999613, 42.80327422600004], [-1.7027786339999693, 42.80126573200005], [-1.6902084629999763, 42.80874087600006], [-1.692786172999945, 42.81468679300008], [-1.716781697999977, 42.81955075600007], [-1.7255122949999304, 42.82448416100004], [-1.7242604019999703, 42.82825233700004]]]}}, {"type": "Feature", "properties": {"ud_kodea": "31198", "ud_iz_e": "Oronz/Orontze", "iz_ofizial": "Oronz/Orontze"}, "geometry": {"type": "Polygon", "coordinates": [[[-1.0532975899999428, 42.88966761200004], [-1.0809405639999454, 42.878887416000055], [-1.1046339129999296, 42.880849107000074], [-1.1209704189999457, 42.87753455600006], [-1.1187710719999586, 42.87214963900004], [-1.08949522599994, 42.86115603800005], [-1.0814899839999725, 42.86590277100004], [-1.0589160269999525, 42.86671073600007], [-1.0472655039999381, 42.87785854700007], [-1.0136826379999775, 42.872663025000065], [-1.0532975899999428, 42.88966761200004]]]}}, {"type": "Feature", "properties": {"ud_kodea": "31245", "ud_iz_e": "Urzainqui/Urzainki", "iz_ofizial": "Urzainqui/Urzainki"}, "geometry": {"type": "Polygon", "coordinates": [[[-0.953867875999947, 42.853489824000064], [-0.9670288309999364, 42.86529554600003], [-0.9754051079999613, 42.83410733200003], [-0.9492308209999578, 42.820899447000045], [-0.9511534499999357, 42.81601729300007], [-0.9350020539999377, 42.821706187000075], [-0.9145438009999793, 42.81822866400006], [-0.8941380229999254, 42.82192521400003], [-0.8820235549999325, 42.81671849300005], [-0.8722986919999585, 42.82169231000006], [-0.8728843339999344, 42.831603114000075], [-0.8758160709999743, 42.82937777200004], [-0.9107011889999512, 42.839707126000064], [-0.9226412219999247, 42.848172789000046], [-0.9342810719999761, 42.845186753000064], [-0.953867875999947, 42.853489824000064]]]}}, {"type": "Feature", "properties": {"ud_kodea": "31192", "ud_iz_e": "Olóriz/Oloritz", "iz_ofizial": "Olóriz/Oloritz"}, "geometry": {"type": "Polygon", "coordinates": [[[-1.542879935999963, 42.67736738900004], [-1.5726937919999386, 42.682245419000026], [-1.5974750469999321, 42.674464863000026], [-1.6134516419999727, 42.652434355000025], [-1.6337790939999763, 42.640044111000066], [-1.671650743999976, 42.63378054300006], [-1.661589183999979, 42.624667077000026], [-1.633894704999932, 42.61580310100004], [-1.6325943389999793, 42.60669201400003], [-1.618708187999971, 42.59845663400006], [-1.6103713279999283, 42.60830677000007], [-1.594482702999926, 42.61118378700007], [-1.5897211799999695, 42.62768608300007], [-1.5804914229999554, 42.62814846400005], [-1.5537602229999266, 42.649210700000026], [-1.542879935999963, 42.67736738900004]]]}}, {"type": "Feature", "properties": {"ud_kodea": "31199", "ud_iz_e": "Oroz-Betelu/Orotz-Betelu", "iz_ofizial": "Oroz-Betelu/Orotz-Betelu"}, "geometry": {"type": "Polygon", "coordinates": [[[-1.3261328769999636, 42.93479300100006], [-1.3319561519999752, 42.92926810000006], [-1.3286048749999395, 42.922690662000036], [-1.341007243999968, 42.90752689300007], [-1.3214822559999675, 42.89304156800006], [-1.3250892749999252, 42.878185375000044], [-1.2751146879999737, 42.88692226000006], [-1.2668224219999615, 42.893550669000035], [-1.2733126379999362, 42.90937118900007], [-1.2875653119999697, 42.92375881600003], [-1.3074788169999465, 42.933510142000046], [-1.3196749199999545, 42.93161868100003], [-1.3261328769999636, 42.93479300100006]]]}}, {"type": "Feature", "properties": {"ud_kodea": "31202", "ud_iz_e": "Peralta/Azkoien", "iz_ofizial": "Peralta/Azkoien"}, "geometry": {"type": "Polygon", "coordinates": [[[-1.7227567519999525, 42.39627285200004], [-1.7341730379999376, 42.39529181900008], [-1.789011782999978, 42.37155969400004], [-1.8230523629999311, 42.38274822300008], [-1.8366829649999659, 42.37543952200008], [-1.8453223749999665, 42.38385727100007], [-1.8701213449999727, 42.38692318200003], [-1.8809775269999705, 42.39674693400008], [-1.8934184819999587, 42.387105406000046], [-1.8982271519999472, 42.37055404900008], [-1.8739213429999495, 42.349667520000025], [-1.8825416529999757, 42.340070498000046], [-1.8573502829999597, 42.321432257000026], [-1.8448837499999513, 42.325594082000066], [-1.8294315559999745, 42.31590916500005], [-1.8156860339999525, 42.32934886900006], [-1.7919405019999317, 42.32265293200004], [-1.7776919829999542, 42.32834668100003], [-1.7617821659999322, 42.32641087300004], [-1.7462893549999308, 42.329799714000046], [-1.7442119649999768, 42.33538766800007], [-1.705455436999955, 42.34126968100003], [-1.7163600149999638, 42.357206491000056], [-1.7227567519999525, 42.39627285200004]]]}}, {"type": "Feature", "properties": {"ud_kodea": "31214", "ud_iz_e": "Salinas de Oro/Jaitz", "iz_ofizial": "Salinas de Oro/Jaitz"}, "geometry": {"type": "Polygon", "coordinates": [[[-1.8727216329999692, 42.80680215600006], [-1.88385956999997, 42.807685813000035], [-1.8956047069999613, 42.799893164000025], [-1.9036010149999356, 42.76532698400007], [-1.887962484999946, 42.75613493700007], [-1.8712440999999558, 42.75418820300007], [-1.8650966509999307, 42.76026013100005], [-1.8551284929999383, 42.76335772300007], [-1.8510640939999803, 42.770341108000025], [-1.8586306479999735, 42.76897598200003], [-1.8725475179999762, 42.779343709000045], [-1.8727216329999692, 42.80680215600006]]]}}, {"type": "Feature", "properties": {"ud_kodea": "31262", "ud_iz_e": "Zabalza/Zabaltza", "iz_ofizial": "Zabalza/Zabaltza"}, "geometry": {"type": "Polygon", "coordinates": [[[-1.802776225999935, 42.78278686600004], [-1.8154132759999584, 42.790689791000034], [-1.8205843309999636, 42.78944638100006], [-1.818889694999939, 42.78597085600006], [-1.8132388589999664, 42.776502117000064], [-1.8242477649999387, 42.77153828000007], [-1.829526962999978, 42.76192825600003], [-1.8022560069999258, 42.74380688400004], [-1.7925935469999672, 42.745605418000025], [-1.7716847839999446, 42.76806719700005], [-1.7736547539999492, 42.78158711200007], [-1.7897687319999704, 42.779003018000026], [-1.802776225999935, 42.78278686600004]]]}}, {"type": "Feature", "properties": {"ud_kodea": "31002", "ud_iz_e": "Abárzuza/Abartzuza", "iz_ofizial": "Abárzuza/Abartzuza"}, "geometry": {"type": "Polygon", "coordinates": [[[-2.033686814999953, 42.80649084300006], [-2.043311836999976, 42.80666783200007], [-2.0549903039999435, 42.78648787000003], [-2.0737856489999444, 42.754240577000076], [-2.063796037999964, 42.74246147300005], [-2.047148967999931, 42.738920104000044], [-2.0381422799999314, 42.72251824800003], [-2.031620635999957, 42.72091436200003], [-2.0346296419999703, 42.71668922400005], [-2.01115025699994, 42.71021222500008], [-2.0044069589999367, 42.71802445000003], [-2.006526469999926, 42.73137964700004], [-2.0185036919999675, 42.740281124000035], [-2.0237306369999715, 42.738848903000076], [-2.0316581749999614, 42.76011476600007], [-2.03951505699996, 42.764935638000054], [-2.042214896999951, 42.782464462000064], [-2.037458454999978, 42.78803490900003], [-2.033686814999953, 42.80649084300006]]]}}, {"type": "Feature", "properties": {"ud_kodea": "31125", "ud_iz_e": "Igúzquiza", "iz_ofizial": "Igúzquiza"}, "geometry": {"type": "MultiPolygon", "coordinates": [[[[-2.0705240119999644, 42.65760459200004], [-2.083063331999938, 42.664459744000055], [-2.1028961679999725, 42.65737644700005], [-2.113102825999931, 42.660328682000056], [-2.1286409699999354, 42.65591759000006], [-2.130602918999955, 42.648701681000034], [-2.1222510769999303, 42.64404521600005], [-2.0954218869999295, 42.637676817000056], [-2.096138339999925, 42.62609243800006], [-2.08598034299996, 42.62088933300004], [-2.0792185189999373, 42.623481463000076], [-2.074747502999969, 42.62363049700008], [-2.0765177339999354, 42.62852951100007], [-2.0708853249999493, 42.632509328000026], [-2.063767774999974, 42.633000682000045], [-2.0639114139999606, 42.62341111500007], [-2.0533804989999567, 42.628727827000034], [-2.0705240119999644, 42.65760459200004]]], [[[-2.097510546999956, 42.61552177600004], [-2.097191928999962, 42.62105760000003], [-2.1095991219999632, 42.615120957000045], [-2.109155954999949, 42.608579579000036], [-2.097510546999956, 42.61552177600004]]]]}}, {"type": "Feature", "properties": {"ud_kodea": "31126", "ud_iz_e": "Imotz", "iz_ofizial": "Imotz"}, "geometry": {"type": "Polygon", "coordinates": [[[-1.7569899309999641, 42.97868039800005], [-1.7687619659999427, 42.97814132800005], [-1.7703900209999688, 42.983831929000075], [-1.7853489269999727, 42.98655802400003], [-1.7938670459999457, 42.97998447600003], [-1.8130541289999655, 42.97714141200004], [-1.8151467229999412, 42.96460134300003], [-1.8272787259999745, 42.968184128000075], [-1.8455377909999697, 42.98364454000006], [-1.8431803059999652, 42.97287543600004], [-1.8524023279999255, 42.96758333100007], [-1.8595330059999355, 42.96988786400004], [-1.86062216199997, 42.963361074000034], [-1.857280871999933, 42.95045077000003], [-1.8455424029999676, 42.94165217600005], [-1.8288883919999535, 42.93761992900005], [-1.825787810999941, 42.940190545000064], [-1.81422820399996, 42.93070619700006], [-1.8072846299999696, 42.93490243200006], [-1.785040487999936, 42.93306559100006], [-1.7688706669999306, 42.943797811000024], [-1.7602426409999339, 42.93580737800005], [-1.7587957749999532, 42.926075265000065], [-1.7520077869999682, 42.92544315400005], [-1.7345760459999724, 42.929394099000035], [-1.7516298679999522, 42.97932449600006], [-1.7569899309999641, 42.97868039800005]]]}}, {"type": "Feature", "properties": {"ud_kodea": "31127", "ud_iz_e": "Irañeta", "iz_ofizial": "Irañeta"}, "geometry": {"type": "Polygon", "coordinates": [[[-1.9391548319999288, 42.918361728000036], [-1.9280018379999433, 42.93481797600003], [-1.917894032999925, 42.94025186600004], [-1.9279268419999767, 42.93914198600004], [-1.9503215489999661, 42.93665022400006], [-1.9490241689999266, 42.91798446900003], [-1.9420556959999544, 42.916380393000054], [-1.9471048899999346, 42.88606196500007], [-1.926834317999976, 42.88699047100005], [-1.9219628109999576, 42.916382087000045], [-1.9300130539999714, 42.91279259500004], [-1.9391548319999288, 42.918361728000036]]]}}, {"type": "Feature", "properties": {"ud_kodea": "31128", "ud_iz_e": "Isaba/Izaba", "iz_ofizial": "Isaba/Izaba"}, "geometry": {"type": "Polygon", "coordinates": [[[-0.7519516479999311, 42.96712148900008], [-0.7675909489999526, 42.96898552400006], [-0.7675922869999567, 42.96898521400004], [-0.7898465739999665, 42.96383481200007], [-0.789898993999941, 42.96380835900004], [-0.80162004999994, 42.95789349900008], [-0.8007002029999626, 42.957011462000025], [-0.8004701249999471, 42.95679086500007], [-0.8004701459999524, 42.95679085000006], [-0.8096609539999804, 42.95136632900005], [-0.8201292469999544, 42.95102596900006], [-0.8639714199999275, 42.950826333000066], [-0.90327300499996, 42.95182693500004], [-0.9187226889999351, 42.93270991900005], [-0.9325405269999578, 42.87974262800003], [-0.9358878889999573, 42.88326984100007], [-0.9525760449999439, 42.868873972000074], [-0.9670288309999364, 42.86529554600003], [-0.953867875999947, 42.853489824000064], [-0.9342810719999761, 42.845186753000064], [-0.9226412219999247, 42.848172789000046], [-0.9107011889999512, 42.839707126000064], [-0.8758160709999743, 42.82937777200004], [-0.8728843339999344, 42.831603114000075], [-0.8639995419999309, 42.83037151100007], [-0.8647819349999395, 42.82221874100003], [-0.8549138229999471, 42.82351829500004], [-0.8549052609999421, 42.82351942100007], [-0.8549186439999517, 42.823573801000066], [-0.8549186509999345, 42.82357383300007], [-0.8573295389999771, 42.83337104200007], [-0.8568489109999291, 42.84692068700008], [-0.8568489099999397, 42.84692075700008], [-0.8568462689999592, 42.84699518100007], [-0.856846270999938, 42.84699521400006], [-0.8568424759999402, 42.847000620000074], [-0.8191809689999445, 42.90065266000005], [-0.8191738149999424, 42.90066285100005], [-0.8191737719999423, 42.90066291900007], [-0.8189520899999252, 42.90079901900003], [-0.7899327709999397, 42.91861539200005], [-0.7833426789999294, 42.921695552000074], [-0.7832912619999775, 42.92171958700004], [-0.7535594569999375, 42.92448862500004], [-0.7535522019999803, 42.92448929400007], [-0.7459276979999458, 42.92189007800005], [-0.7276197259999435, 42.919251055000075], [-0.7276095729999383, 42.91924957800006], [-0.7262131719999729, 42.92223837700004], [-0.7281343689999744, 42.931688233000045], [-0.7308727299999305, 42.945157462000054], [-0.7519516479999311, 42.96712148900008]]]}}, {"type": "Feature", "properties": {"ud_kodea": "31129", "ud_iz_e": "Ituren", "iz_ofizial": "Ituren"}, "geometry": {"type": "Polygon", "coordinates": [[[-1.7068684899999766, 43.14627044300005], [-1.711068842999964, 43.15530447900005], [-1.7258130179999398, 43.161358723000035], [-1.7500930649999304, 43.154179663000036], [-1.7458300709999435, 43.141310470000064], [-1.7247104919999288, 43.11914169800008], [-1.7360366109999745, 43.108740950000026], [-1.7292099369999505, 43.10723352500003], [-1.7137368909999395, 43.11253552800008], [-1.7111734139999726, 43.107031764000055], [-1.7037345829999708, 43.10892873200004], [-1.706357521999962, 43.11276743600007], [-1.697554575999959, 43.11786804600007], [-1.694899376999956, 43.132573603000026], [-1.7068684899999766, 43.14627044300005]]]}}, {"type": "Feature", "properties": {"ud_kodea": "31148", "ud_iz_e": "Legaria", "iz_ofizial": "Legaria"}, "geometry": {"type": "Polygon", "coordinates": [[[-2.163123172999974, 42.65254607600008], [-2.17710380099993, 42.65534900000006], [-2.1898792229999344, 42.65241424000004], [-2.1915623539999274, 42.646797796000044], [-2.1974216969999247, 42.648387856000056], [-2.1989377579999427, 42.64338239400007], [-2.1904182479999577, 42.641890629000045], [-2.183967620999965, 42.63428024700005], [-2.192278895999948, 42.62912496600006], [-2.1873243109999407, 42.62656836600007], [-2.1764747349999425, 42.63090365200003], [-2.163123172999974, 42.65254607600008]]]}}, {"type": "Feature", "properties": {"ud_kodea": "31098", "ud_iz_e": "Esteribar", "iz_ofizial": "Esteribar"}, "geometry": {"type": "Polygon", "coordinates": [[[-1.494495904999951, 43.05632787600007], [-1.518336311999974, 43.06423908800008], [-1.5263391439999623, 43.05282231600006], [-1.5330356309999615, 43.04649785700008], [-1.5447544819999735, 43.046869884000046], [-1.5552091059999498, 43.039956604000054], [-1.5509527429999252, 43.03250993700004], [-1.5572618139999577, 43.00893416100007], [-1.5498411369999303, 43.00047490600008], [-1.5636120589999791, 42.99390404800005], [-1.5670019219999745, 42.97841325500008], [-1.5616991509999707, 42.959679702000074], [-1.5654433649999646, 42.950496685000076], [-1.5519847159999358, 42.93372227800006], [-1.5606266379999738, 42.922052808000046], [-1.5544743409999455, 42.910584079000046], [-1.5694957399999794, 42.91577957000004], [-1.5784114939999654, 42.91219864400006], [-1.5858534779999331, 42.872822075000045], [-1.5886030089999394, 42.86456638900006], [-1.5976891369999748, 42.854579526000066], [-1.5960768299999586, 42.839305222000064], [-1.589076175999935, 42.835939825000025], [-1.5740361569999664, 42.83517855700006], [-1.5720174539999334, 42.84686003100006], [-1.5512183509999318, 42.853442476000055], [-1.5484671539999795, 42.86116987100007], [-1.503061536999951, 42.86846444100007], [-1.489396868999961, 42.88362041800008], [-1.4767822169999363, 42.876744587000076], [-1.4694101519999663, 42.87828515900003], [-1.470102580999935, 42.88544438500003], [-1.4778558659999703, 42.89084260100003], [-1.4760230419999516, 42.901615037000056], [-1.4900514109999676, 42.90648348600007], [-1.4689683489999652, 42.946608336000054], [-1.4731544249999615, 42.964205657000036], [-1.4830719729999373, 42.97175745900006], [-1.4791739539999753, 42.99855794400003], [-1.4881261039999458, 43.00470083700003], [-1.4802913339999577, 43.01543887500003], [-1.4955821999999444, 43.03148021100003], [-1.507249720999937, 43.031633025000076], [-1.4938431649999302, 43.04386578500004], [-1.494495904999951, 43.05632787600007]]]}}, {"type": "Feature", "properties": {"ud_kodea": "31099", "ud_iz_e": "Etayo", "iz_ofizial": "Etayo"}, "geometry": {"type": "Polygon", "coordinates": [[[-2.1536674809999568, 42.632808616000034], [-2.1715826889999335, 42.62642862400003], [-2.1764747349999425, 42.63090365200003], [-2.1873243109999407, 42.62656836600007], [-2.1937816909999697, 42.61853066000003], [-2.192972030999954, 42.61228954300003], [-2.197206711999968, 42.612922688000026], [-2.2022155569999313, 42.589201065000054], [-2.1906687609999267, 42.588669749000076], [-2.177663258999928, 42.603607442000055], [-2.159503026999971, 42.60154851000004], [-2.141650021999965, 42.606495247000055], [-2.1536674809999568, 42.632808616000034]]]}}, {"type": "Feature", "properties": {"ud_kodea": "31100", "ud_iz_e": "Eulate", "iz_ofizial": "Eulate"}, "geometry": {"type": "Polygon", "coordinates": [[[-2.1833593049999536, 42.776678021000066], [-2.221661120999954, 42.78324846700008], [-2.2252807339999663, 42.75768898100006], [-2.196281289999945, 42.752968397000075], [-2.19682114099993, 42.76604789100003], [-2.1833593049999536, 42.776678021000066]]]}}, {"type": "Feature", "properties": {"ud_kodea": "31101", "ud_iz_e": "Ezcabarte", "iz_ofizial": "Ezcabarte"}, "geometry": {"type": "Polygon", "coordinates": [[[-1.6276966259999313, 42.88236339100007], [-1.6254384649999452, 42.895276436000074], [-1.6335369389999528, 42.90845754400004], [-1.660387645999947, 42.90456072400008], [-1.6524894799999288, 42.895444929000064], [-1.680430016999935, 42.88319949700008], [-1.6699259919999463, 42.86480253000008], [-1.6668777789999467, 42.86233972600007], [-1.668213747999971, 42.85975192300003], [-1.6521680219999553, 42.84664311100005], [-1.6324178759999768, 42.83879953400003], [-1.6164293209999414, 42.838607411000055], [-1.603488686999981, 42.836199082000064], [-1.5960768299999586, 42.839305222000064], [-1.5976891369999748, 42.854579526000066], [-1.5886030089999394, 42.86456638900006], [-1.5858534779999331, 42.872822075000045], [-1.6050995019999732, 42.87771384200005], [-1.6097898629999463, 42.87494327300004], [-1.6276966259999313, 42.88236339100007]]]}}, {"type": "Feature", "properties": {"ud_kodea": "31102", "ud_iz_e": "Ezkurra", "iz_ofizial": "Ezkurra"}, "geometry": {"type": "Polygon", "coordinates": [[[-1.8143931059999545, 43.07013009900004], [-1.8101449979999416, 43.08654660000008], [-1.8257803239999362, 43.10413226500003], [-1.828134190999947, 43.14113862100004], [-1.8370578569999338, 43.143273753000074], [-1.8472236899999643, 43.140855335000026], [-1.8544341649999296, 43.11161750400004], [-1.8648146979999751, 43.101914891000035], [-1.8662664869999617, 43.080507039000054], [-1.8327774969999382, 43.06959872500005], [-1.832464717999926, 43.06472388700007], [-1.8143931059999545, 43.07013009900004]]]}}, {"type": "Feature", "properties": {"ud_kodea": "31103", "ud_iz_e": "Ezprogui", "iz_ofizial": "Ezprogui"}, "geometry": {"type": "Polygon", "coordinates": [[[-1.4277500279999344, 42.64125551600006], [-1.48532841399998, 42.653549191000025], [-1.4934626829999615, 42.64963103800005], [-1.500635612999929, 42.63643346400005], [-1.4976542979999294, 42.62651551700003], [-1.5059701809999524, 42.597482969000055], [-1.4699387279999314, 42.593045086000075], [-1.437493720999953, 42.58087308800003], [-1.4348150439999472, 42.55447778200005], [-1.400027204999958, 42.554969834000076], [-1.4173665959999653, 42.576400300000046], [-1.4105742169999758, 42.58908479400003], [-1.4176474389999498, 42.59612597100005], [-1.4380267759999583, 42.603934078000066], [-1.4277500279999344, 42.64125551600006]]]}}, {"type": "Feature", "properties": {"ud_kodea": "31104", "ud_iz_e": "Falces", "iz_ofizial": "Falces"}, "geometry": {"type": "Polygon", "coordinates": [[[-1.7604033789999676, 42.46073473600006], [-1.7738338889999454, 42.46493180200008], [-1.8156182159999616, 42.45894124600005], [-1.8506901659999357, 42.44516835100006], [-1.8842461629999434, 42.456369754000036], [-1.9003754889999414, 42.45271626300007], [-1.908416142999954, 42.43297148700003], [-1.903791043999945, 42.42770409000008], [-1.9057565349999663, 42.41324157100007], [-1.8809775269999705, 42.39674693400008], [-1.8701213449999727, 42.38692318200003], [-1.8453223749999665, 42.38385727100007], [-1.8366829649999659, 42.37543952200008], [-1.8230523629999311, 42.38274822300008], [-1.789011782999978, 42.37155969400004], [-1.7341730379999376, 42.39529181900008], [-1.7227567519999525, 42.39627285200004], [-1.7078558299999713, 42.39948306100007], [-1.7165507149999257, 42.409856225000055], [-1.71456915899995, 42.42179364400005], [-1.738359341999967, 42.43921376700007], [-1.7374752159999503, 42.44691289300005], [-1.7604033789999676, 42.46073473600006]]]}}, {"type": "Feature", "properties": {"ud_kodea": "31105", "ud_iz_e": "Fitero", "iz_ofizial": "Fitero"}, "geometry": {"type": "Polygon", "coordinates": [[[-1.8381223619999787, 42.014787873000046], [-1.8204319619999296, 42.02902659400007], [-1.8351988069999265, 42.051224828000045], [-1.8306975869999746, 42.05682597300006], [-1.8373921839999525, 42.05883931500006], [-1.8266186819999461, 42.07225714000003], [-1.8973843579999539, 42.07954227600004], [-1.8973844829999393, 42.07954209700006], [-1.897408569999925, 42.079508255000064], [-1.8997960199999397, 42.076153532000035], [-1.904892489999952, 42.06899222700008], [-1.905647561999956, 42.06793124400008], [-1.9059354009999652, 42.06487869400007], [-1.9063568899999268, 42.060408747000054], [-1.9059201589999475, 42.05650099600007], [-1.9051416979999658, 42.04953555800006], [-1.9051416939999513, 42.04953553100006], [-1.9046621389999245, 42.04682331500004], [-1.9016360829999712, 42.02970892500008], [-1.9016292129999783, 42.02967003700007], [-1.901627957999949, 42.029669313000056], [-1.8761998549999248, 42.014814727000044], [-1.8552881289999732, 42.00259851800007], [-1.8552834189999317, 42.00259577400004], [-1.8552809209999737, 42.002594327000054], [-1.8490870889999655, 42.00524332700007], [-1.8483494989999372, 42.00633900300005], [-1.8472497059999569, 42.00797273400008], [-1.847239836999961, 42.007987384000046], [-1.8472382949999542, 42.007989663000046], [-1.8472382749999383, 42.007989698000074], [-1.8462847049999596, 42.007454497000026], [-1.8404245209999317, 42.00416541300007], [-1.8278850379999767, 41.99940443300005], [-1.82874504199998, 42.00069674500003], [-1.8381223619999787, 42.014787873000046]]]}}, {"type": "Feature", "properties": {"ud_kodea": "31106", "ud_iz_e": "Fontellas", "iz_ofizial": "Fontellas"}, "geometry": {"type": "Polygon", "coordinates": [[[-1.5550753539999391, 42.030702645000076], [-1.5707666639999616, 42.038815586000055], [-1.5770929429999683, 42.037390111000036], [-1.5852299759999369, 42.031654769000056], [-1.5832164009999588, 42.02604600900003], [-1.5977234399999247, 42.02439594800006], [-1.607262205999973, 42.01403783400008], [-1.5772097219999637, 41.98556059400005], [-1.5452764249999404, 41.985754849000045], [-1.5391707779999706, 42.01256084700003], [-1.5325085219999437, 42.020266313000036], [-1.5602090989999624, 42.02214819300008], [-1.5550753539999391, 42.030702645000076]]]}}, {"type": "Feature", "properties": {"ud_kodea": "31107", "ud_iz_e": "Funes", "iz_ofizial": "Funes"}, "geometry": {"type": "Polygon", "coordinates": [[[-1.8156860339999525, 42.32934886900006], [-1.8294315559999745, 42.31590916500005], [-1.8448837499999513, 42.325594082000066], [-1.8573502829999597, 42.321432257000026], [-1.8368494019999275, 42.27551200100004], [-1.8433437229999754, 42.25326993400006], [-1.8434879079999291, 42.25277612100007], [-1.8369550339999705, 42.24705903800003], [-1.8334387069999707, 42.24658789700004], [-1.8273542849999558, 42.24577266800003], [-1.8182267609999485, 42.24454970600004], [-1.7911738509999395, 42.240924989000064], [-1.784133504999943, 42.26672479000007], [-1.7806304039999645, 42.262896055000056], [-1.7712692179999294, 42.26670472600006], [-1.787129236999931, 42.29450375600004], [-1.7623813839999798, 42.29212292100004], [-1.7562430709999717, 42.29892793300007], [-1.743850408999947, 42.30048601300007], [-1.750495786999977, 42.30736712400005], [-1.7617821659999322, 42.32641087300004], [-1.7776919829999542, 42.32834668100003], [-1.7919405019999317, 42.32265293200004], [-1.8156860339999525, 42.32934886900006]]]}}, {"type": "Feature", "properties": {"ud_kodea": "31108", "ud_iz_e": "Fustiñana", "iz_ofizial": "Fustiñana"}, "geometry": {"type": "Polygon", "coordinates": [[[-1.3949063019999244, 42.02164841900003], [-1.376329109999972, 42.02690783200006], [-1.3706844669999327, 42.03793230900004], [-1.3752033669999264, 42.04454389800003], [-1.3937738199999785, 42.06086324600005], [-1.449054996999962, 42.06972928400006], [-1.4671849289999273, 42.07981657500005], [-1.4716649129999269, 42.078012095000076], [-1.4711274919999369, 42.06968328100004], [-1.480405497999925, 42.066348127000026], [-1.5026075519999722, 42.02523875500003], [-1.4976586129999419, 42.02203196100004], [-1.5036570039999333, 42.019699253000056], [-1.5140995049999333, 42.011347374000025], [-1.5037778679999292, 42.00684060700007], [-1.5008244309999554, 42.01286775300008], [-1.4949171299999762, 42.01828606000004], [-1.4950849689999473, 42.00772224700006], [-1.4817898179999247, 42.00517851600006], [-1.4874946739999473, 41.99903813100008], [-1.4911451039999406, 41.988946561000034], [-1.4705317829999558, 42.00081413700008], [-1.4611582239999734, 41.99396117300006], [-1.449860067999964, 41.993376848000025], [-1.4588616859999775, 42.00308066800005], [-1.4517571259999613, 42.007254053000054], [-1.444061501999954, 42.004925472000025], [-1.4447376679999593, 41.99699106800006], [-1.429472690999944, 41.99175775900005], [-1.4291199509999615, 41.999813440000025], [-1.3949063019999244, 42.02164841900003]]]}}, {"type": "Feature", "properties": {"ud_kodea": "31216", "ud_iz_e": "Sangüesa/Zangoza", "iz_ofizial": "Sangüesa/Zangoza"}, "geometry": {"type": "Polygon", "coordinates": [[[-1.2840285569999423, 42.60974524000005], [-1.3103804479999326, 42.618511848000026], [-1.323055601999954, 42.61371828600005], [-1.3263486289999378, 42.60684131900007], [-1.318164784999965, 42.58388404900006], [-1.3250119799999425, 42.575744445000055], [-1.3038470019999409, 42.56496882400006], [-1.3150732089999337, 42.55387789200006], [-1.3155434639999726, 42.54182658900004], [-1.3330984939999553, 42.53885941100003], [-1.3465712319999739, 42.54465606100007], [-1.347887650999951, 42.53907369800004], [-1.3293242079999459, 42.534238714000026], [-1.3209692139999447, 42.520221278000065], [-1.316832169999941, 42.52465393700004], [-1.3156565239999622, 42.52591358900003], [-1.3025270539999383, 42.522143209000035], [-1.3011398099999383, 42.51295900700006], [-1.3009815699999763, 42.51191138400003], [-1.2998992339999518, 42.504745813000056], [-1.2872971049999364, 42.504986176000045], [-1.2856356089999394, 42.50501786600006], [-1.2751994319999653, 42.50521691800003], [-1.2322942669999293, 42.54334560500007], [-1.226247399999977, 42.54223634700003], [-1.2262427119999302, 42.54223548700003], [-1.2262366789999533, 42.542234380000025], [-1.2128379719999316, 42.54821522800006], [-1.2068203029999722, 42.550901372000055], [-1.2063682579999409, 42.55147684900004], [-1.201248267999972, 42.557995008000034], [-1.1707542249999392, 42.596816312000044], [-1.1707535279999775, 42.596818248000034], [-1.168440458999953, 42.603241497000056], [-1.166483765999942, 42.60867510800006], [-1.1738523949999262, 42.605388634000064], [-1.1754368029999682, 42.60468197400007], [-1.177806766999936, 42.60362494900005], [-1.1802660409999248, 42.60252809100007], [-1.1887002409999354, 42.59017682500007], [-1.2178594599999428, 42.58564529800003], [-1.2283444159999704, 42.579026965000025], [-1.2446458139999663, 42.58388866800004], [-1.2389810689999763, 42.594211769000026], [-1.2466262419999339, 42.60235274300004], [-1.2718248009999797, 42.596089911000035], [-1.2840285569999423, 42.60974524000005]]]}}, {"type": "Feature", "properties": {"ud_kodea": "31217", "ud_iz_e": "San Martín de Unx", "iz_ofizial": "San Martín de Unx"}, "geometry": {"type": "Polygon", "coordinates": [[[-1.527625961999945, 42.543784935000076], [-1.534773955999981, 42.553710573000046], [-1.5642011739999475, 42.555325862000075], [-1.5933833249999338, 42.54623214900005], [-1.603875114999937, 42.541605563000076], [-1.6154130979999763, 42.52703066200007], [-1.6246453229999247, 42.508563484000035], [-1.6202385319999735, 42.50361152500005], [-1.6214151449999576, 42.48439873700005], [-1.5947359059999258, 42.48101278900003], [-1.5524978339999507, 42.486480278000045], [-1.523139943999979, 42.527436323000074], [-1.527625961999945, 42.543784935000076]]]}}, {"type": "Feature", "properties": {"ud_kodea": "31219", "ud_iz_e": "Sansol", "iz_ofizial": "Sansol"}, "geometry": {"type": "MultiPolygon", "coordinates": [[[[-2.253986321999946, 42.53210300400008], [-2.2500430489999417, 42.551277275000075], [-2.2337988789999486, 42.55890567800003], [-2.23639230699996, 42.569567591000066], [-2.274335525999959, 42.56774283200008], [-2.2630254349999746, 42.541068092000046], [-2.2671491679999463, 42.52792820900004], [-2.2606844859999455, 42.53303790600006], [-2.253986321999946, 42.53210300400008]]], [[[-2.2565075999999635, 42.524688440000034], [-2.2652840279999396, 42.522936155000025], [-2.258360770999957, 42.51228289000005], [-2.2635421569999608, 42.509524541000076], [-2.2492121709999537, 42.49862464100005], [-2.2308767909999574, 42.51412797300003], [-2.253986321999946, 42.53210300400008], [-2.2565075999999635, 42.524688440000034]]]]}}, {"type": "Feature", "properties": {"ud_kodea": "31220", "ud_iz_e": "Santacara", "iz_ofizial": "Santacara"}, "geometry": {"type": "Polygon", "coordinates": [[[-1.5285099109999578, 42.41526017800004], [-1.5453176759999678, 42.41791528200008], [-1.5786778319999257, 42.40834651600005], [-1.5956380479999552, 42.39437160600005], [-1.6007076739999775, 42.38146554100007], [-1.5901103029999604, 42.38133569800004], [-1.5847498349999682, 42.36743676000003], [-1.576699744999928, 42.369516549000025], [-1.5665658539999754, 42.36013230400005], [-1.5590533359999768, 42.36711662100004], [-1.55208184199995, 42.360553638000056], [-1.5422910989999536, 42.37488381400004], [-1.5312495459999695, 42.36659264000008], [-1.527675492999947, 42.37142783300004], [-1.5051049809999313, 42.36805584500007], [-1.5042293439999526, 42.361452245000066], [-1.4949209569999766, 42.36224899800004], [-1.496386915999949, 42.370022136000046], [-1.513845483999944, 42.38880147700007], [-1.5169040339999356, 42.41316537600005], [-1.5285099109999578, 42.41526017800004]]]}}, {"type": "Feature", "properties": {"ud_kodea": "31221", "ud_iz_e": "Doneztebe/Santesteban", "iz_ofizial": "Doneztebe/Santesteban"}, "geometry": {"type": "Polygon", "coordinates": [[[-1.651006306999932, 43.14770545600004], [-1.6585135839999339, 43.14632598400004], [-1.6581745999999384, 43.15113948800007], [-1.6714879479999354, 43.159362971000064], [-1.6691191389999744, 43.14892615000008], [-1.681621388999929, 43.152082912000026], [-1.6790066669999533, 43.14721282000005], [-1.682557496999948, 43.132477110000025], [-1.697554575999959, 43.11786804600007], [-1.677763109999944, 43.11760922800005], [-1.6612288789999639, 43.12390031000007], [-1.6616788109999447, 43.12975856000003], [-1.6505285889999755, 43.131410505000076], [-1.651006306999932, 43.14770545600004]]]}}, {"type": "Feature", "properties": {"ud_kodea": "31222", "ud_iz_e": "Sarriés/Sartze", "iz_ofizial": "Sarriés/Sartze"}, "geometry": {"type": "Polygon", "coordinates": [[[-1.1109187509999288, 42.82894997600005], [-1.0924926519999758, 42.825816958000075], [-1.0553393079999296, 42.82973025600006], [-1.0425241709999682, 42.83844462900004], [-1.044560500999978, 42.84332398500004], [-1.026062814999932, 42.85202026800005], [-1.0186675889999606, 42.86158160400004], [-1.0334125639999456, 42.86183592300006], [-1.0372448839999606, 42.85368940300003], [-1.0635621549999428, 42.84261147900003], [-1.074836998999956, 42.84718703600004], [-1.097032788999968, 42.84330787500005], [-1.1114473069999349, 42.84533868500006], [-1.120626237999943, 42.85337795100003], [-1.1319642099999783, 42.849160167000036], [-1.1707450259999632, 42.84880498900003], [-1.177526744999966, 42.84541031700007], [-1.1731748529999777, 42.83529151500005], [-1.1590891289999377, 42.834147263000034], [-1.1593063219999635, 42.830539877000035], [-1.1109187509999288, 42.82894997600005]]]}}, {"type": "Feature", "properties": {"ud_kodea": "31223", "ud_iz_e": "Sartaguda", "iz_ofizial": "Sartaguda"}, "geometry": {"type": "Polygon", "coordinates": [[[-2.0290042939999466, 42.362621078000075], [-2.029002220999928, 42.36262212200006], [-2.029002193999929, 42.36262213400005], [-2.0243634539999675, 42.365502278000065], [-2.019572792999952, 42.36847674900008], [-2.019573045999948, 42.36847709400007], [-2.0321261399999457, 42.38562266400004], [-2.018202017999954, 42.401363493000076], [-2.0188510649999785, 42.407285958000045], [-2.0306458289999796, 42.41155601400004], [-2.056241906999958, 42.40007998700003], [-2.067937937999943, 42.38319068000004], [-2.057137290999947, 42.37354714700007], [-2.057060258999968, 42.36083924600007], [-2.0463588029999755, 42.35812683000006], [-2.0407791649999467, 42.35671260300006], [-2.0290042939999466, 42.362621078000075]]]}}, {"type": "Feature", "properties": {"ud_kodea": "31228", "ud_iz_e": "Tiebas-Muruarte de Reta", "iz_ofizial": "Tiebas-Muruarte de Reta"}, "geometry": {"type": "Polygon", "coordinates": [[[-1.6576544759999479, 42.65000711700003], [-1.6585657039999546, 42.656987995000065], [-1.63213712299995, 42.667661800000076], [-1.604402198999935, 42.69375776700008], [-1.6202454349999584, 42.71371618900008], [-1.6337724949999597, 42.71999294300008], [-1.6466111539999702, 42.71817320300005], [-1.6434000249999485, 42.70804938300006], [-1.655439246999947, 42.696754647000034], [-1.6501469959999326, 42.69139734400005], [-1.6593337889999589, 42.67972635800004], [-1.6817541069999606, 42.67570005700003], [-1.6735252699999705, 42.668972170000075], [-1.664064524999958, 42.648614243000054], [-1.6576544759999479, 42.65000711700003]]]}}, {"type": "Feature", "properties": {"ud_kodea": "31229", "ud_iz_e": "Tirapu", "iz_ofizial": "Tirapu"}, "geometry": {"type": "Polygon", "coordinates": [[[-1.6807242989999622, 42.62917566500005], [-1.6844859509999424, 42.656117865000056], [-1.6997953579999603, 42.66617153900006], [-1.707355737999933, 42.66405985200004], [-1.7073856819999378, 42.65555011400005], [-1.6859948739999595, 42.62385100900008], [-1.6807242989999622, 42.62917566500005]]]}}, {"type": "Feature", "properties": {"ud_kodea": "31074", "ud_iz_e": "Cirauqui/Zirauki", "iz_ofizial": "Cirauqui/Zirauki"}, "geometry": {"type": "Polygon", "coordinates": [[[-1.8728453399999694, 42.69006838100006], [-1.8908498639999607, 42.71001990600007], [-1.89859460699995, 42.703637738000054], [-1.8983581249999588, 42.696296174000054], [-1.9147867519999409, 42.69651610200003], [-1.9302085649999299, 42.687826863000055], [-1.9339341129999639, 42.69624562800004], [-1.9392751019999537, 42.67940118100006], [-1.9294271619999677, 42.66722430500005], [-1.9297663549999697, 42.655988732000026], [-1.9241496639999696, 42.65270320500008], [-1.9248775379999756, 42.63949004700004], [-1.9166660109999611, 42.62488689000003], [-1.903068429999962, 42.61381584500003], [-1.8957671019999793, 42.608882839000046], [-1.891233290999935, 42.621860955000045], [-1.8831820579999317, 42.62341269500007], [-1.8691623499999537, 42.61715139900008], [-1.860121334999974, 42.61882692900008], [-1.862440385999946, 42.62740512600004], [-1.8746869969999693, 42.63333453900003], [-1.8736260009999341, 42.66577962200006], [-1.867295965999972, 42.675019759000065], [-1.8728453399999694, 42.69006838100006]]]}}, {"type": "Feature", "properties": {"ud_kodea": "31089", "ud_iz_e": "Enériz/Eneritz", "iz_ofizial": "Enériz/Eneritz"}, "geometry": {"type": "Polygon", "coordinates": [[[-1.7186466019999784, 42.66742865500004], [-1.7219881599999667, 42.68419791600007], [-1.7385428929999307, 42.67618655600006], [-1.753297593999946, 42.67620404400003], [-1.7635557319999293, 42.66603117400007], [-1.767914659999974, 42.64550083200004], [-1.7478051819999791, 42.64947923900007], [-1.7186466019999784, 42.66742865500004]]]}}, {"type": "Feature", "properties": {"ud_kodea": "31110", "ud_iz_e": "Gallipienzo/Galipentzu", "iz_ofizial": "Gallipienzo/Galipentzu"}, "geometry": {"type": "Polygon", "coordinates": [[[-1.378072445999976, 42.54906869600006], [-1.400027204999958, 42.554969834000076], [-1.4348150439999472, 42.55447778200005], [-1.445360978999929, 42.531018188000075], [-1.4544175149999319, 42.533085940000035], [-1.4552890849999471, 42.514024031000076], [-1.4427904829999534, 42.47419471200004], [-1.4190626989999373, 42.45318412000006], [-1.423320806999925, 42.44729012100004], [-1.4198340189999499, 42.422981082000035], [-1.4290758569999298, 42.409671812000056], [-1.4063035649999733, 42.40722307600004], [-1.4064542659999688, 42.430063301000075], [-1.3908009699999297, 42.48974032900003], [-1.392953284999976, 42.523522942000056], [-1.3848625399999719, 42.536548088000075], [-1.3744237399999406, 42.53854372600006], [-1.378072445999976, 42.54906869600006]]]}}, {"type": "Feature", "properties": {"ud_kodea": "31187", "ud_iz_e": "Oiz", "iz_ofizial": "Oiz"}, "geometry": {"type": "Polygon", "coordinates": [[[-1.677763109999944, 43.11760922800005], [-1.697554575999959, 43.11786804600007], [-1.706357521999962, 43.11276743600007], [-1.7037345829999708, 43.10892873200004], [-1.6942156969999473, 43.09651121700006], [-1.7027576429999272, 43.068468616000075], [-1.688285230999952, 43.05887569400005], [-1.6824342399999637, 43.07347712500007], [-1.6869820549999304, 43.099787125000034], [-1.677763109999944, 43.11760922800005]]]}}, {"type": "Feature", "properties": {"ud_kodea": "31123", "ud_iz_e": "Uharte Arakil", "iz_ofizial": "Uharte Arakil"}, "geometry": {"type": "Polygon", "coordinates": [[[-1.897702954999943, 42.94394945700003], [-1.9035661289999553, 42.94577968600004], [-1.8988434249999386, 42.95010176000005], [-1.9175118119999297, 42.957861999000045], [-1.9629597949999606, 42.96076815400005], [-1.9891147669999327, 42.95383421200006], [-1.9929654319999486, 42.947744784000065], [-1.993377005999946, 42.928927961000056], [-1.9819385879999345, 42.928826773000026], [-1.9921353549999594, 42.91935680300003], [-2.0074788279999325, 42.91232881700006], [-2.00629454999995, 42.906294168000045], [-1.9962016119999362, 42.90170362400005], [-1.995497797999974, 42.892998559000034], [-1.973817333999932, 42.886531364000064], [-1.9471048899999346, 42.88606196500007], [-1.9420556959999544, 42.916380393000054], [-1.9490241689999266, 42.91798446900003], [-1.9503215489999661, 42.93665022400006], [-1.9467837619999386, 42.94026018500006], [-1.9387526939999589, 42.94178680400006], [-1.920183108999936, 42.941752146000056], [-1.917894032999925, 42.94025186600004], [-1.9008136309999486, 42.93720756100004], [-1.897702954999943, 42.94394945700003]]]}}, {"type": "Feature", "properties": {"ud_kodea": "31244", "ud_iz_e": "Urroz", "iz_ofizial": "Urroz"}, "geometry": {"type": "Polygon", "coordinates": [[[-1.7037345829999708, 43.10892873200004], [-1.7111734139999726, 43.107031764000055], [-1.7137368909999395, 43.11253552800008], [-1.7292099369999505, 43.10723352500003], [-1.7216425509999453, 43.09881998800006], [-1.7183781529999465, 43.08683418700008], [-1.723503960999949, 43.08138059500004], [-1.7154622759999256, 43.06881012600007], [-1.722304529999974, 43.057522713000026], [-1.7133521819999373, 43.05225368600003], [-1.6859181649999755, 43.056435359000034], [-1.688285230999952, 43.05887569400005], [-1.7027576429999272, 43.068468616000075], [-1.6942156969999473, 43.09651121700006], [-1.7037345829999708, 43.10892873200004]]]}}, {"type": "Feature", "properties": {"ud_kodea": "31084", "ud_iz_e": "Etxarri Aranatz", "iz_ofizial": "Etxarri Aranatz"}, "geometry": {"type": "Polygon", "coordinates": [[[-2.0762706279999747, 42.92398088200008], [-2.0741201539999565, 42.93747993300008], [-2.0776897949999693, 42.95505756800003], [-2.069318075999945, 42.955588970000065], [-2.07141138999998, 42.95768183300004], [-2.0555489729999294, 42.96813700800004], [-2.054572992999965, 42.970465998000066], [-2.053196219999961, 42.97375140500003], [-2.05457254199996, 42.97307882100006], [-2.054574989999935, 42.97307762500003], [-2.062402874999975, 42.969252280000035], [-2.078997521999952, 42.96114277700008], [-2.0796729679999544, 42.96081269900003], [-2.0875769539999283, 42.956950164000034], [-2.1177042909999386, 42.94222748100003], [-2.1177043889999254, 42.942227425000056], [-2.1099297629999683, 42.93168568100003], [-2.111191872999939, 42.92233016100005], [-2.095346415999927, 42.91076064300006], [-2.0874224499999627, 42.87571300800005], [-2.0720170009999492, 42.87183403100005], [-2.070474105999949, 42.88244756100005], [-2.0655086059999803, 42.880426009000075], [-2.051556335999976, 42.88558829600004], [-2.044515019999949, 42.89669592200005], [-2.050337989999946, 42.91391710700003], [-2.0410535629999345, 42.923259365000035], [-2.0484499999999457, 42.926733557000034], [-2.04770371099994, 42.933021834000044], [-2.0565719889999627, 42.93331145800005], [-2.057073222999975, 42.93017288200008], [-2.053642667999952, 42.92212099500006], [-2.064845008999953, 42.921105469000054], [-2.0704748989999757, 42.91337994600008], [-2.0762706279999747, 42.92398088200008]]]}}, {"type": "Feature", "properties": {"ud_kodea": "31146", "ud_iz_e": "Leache/Leatxe", "iz_ofizial": "Leache/Leatxe"}, "geometry": {"type": "Polygon", "coordinates": [[[-1.3872526519999724, 42.592207958000074], [-1.3841817289999767, 42.60351142500008], [-1.4030937749999453, 42.63144984200005], [-1.419093739999937, 42.641586594000046], [-1.4277500279999344, 42.64125551600006], [-1.4380267759999583, 42.603934078000066], [-1.4176474389999498, 42.59612597100005], [-1.4119505429999322, 42.599198982000075], [-1.3872526519999724, 42.592207958000074]]]}}, {"type": "Feature", "properties": {"ud_kodea": "31086", "ud_iz_e": "Valle de Egüés/Eguesibar", "iz_ofizial": "Valle de Egüés/Eguesibar"}, "geometry": {"type": "Polygon", "coordinates": [[[-1.5224425459999793, 42.79958473800008], [-1.5084114159999444, 42.80692202500006], [-1.5108405709999602, 42.81679612600004], [-1.4921490429999267, 42.84049589000006], [-1.503061536999951, 42.86846444100007], [-1.5484671539999795, 42.86116987100007], [-1.5512183509999318, 42.853442476000055], [-1.5720174539999334, 42.84686003100006], [-1.5740361569999664, 42.83517855700006], [-1.578496070999961, 42.82637314800007], [-1.6085759789999656, 42.814504741000064], [-1.605342812999936, 42.80543329300008], [-1.6097912029999293, 42.80315965500006], [-1.600954384999966, 42.78472207200008], [-1.5715521599999533, 42.77991946800006], [-1.5670328169999266, 42.78770642600006], [-1.5380834809999442, 42.802153901000054], [-1.5236752319999596, 42.79453984600008], [-1.5224425459999793, 42.79958473800008]]]}}, {"type": "Feature", "properties": {"ud_kodea": "31083", "ud_iz_e": "Echarri/Etxarri", "iz_ofizial": "Echarri/Etxarri"}, "geometry": {"type": "Polygon", "coordinates": [[[-1.818889694999939, 42.78597085600006], [-1.8287691389999736, 42.783334782000054], [-1.844081482999968, 42.78892062300008], [-1.8463883769999256, 42.78255018100003], [-1.8397370349999278, 42.77931316300004], [-1.8335598329999243, 42.78212300900003], [-1.8242477649999387, 42.77153828000007], [-1.8132388589999664, 42.776502117000064], [-1.818889694999939, 42.78597085600006]]]}}, {"type": "Feature", "properties": {"ud_kodea": "31194", "ud_iz_e": "Valle de Ollo/Ollaran", "iz_ofizial": "Valle de Ollo/Ollaran"}, "geometry": {"type": "Polygon", "coordinates": [[[-1.8263814379999417, 42.88349219300005], [-1.8388279389999411, 42.88803154900006], [-1.8530495539999379, 42.881214069000066], [-1.8734839679999595, 42.886711888000036], [-1.9097692389999565, 42.88249777800007], [-1.8993699829999287, 42.871655144000044], [-1.9189065889999597, 42.86622220000004], [-1.8906988079999678, 42.86226923700008], [-1.8658731479999346, 42.83355189100007], [-1.8415844539999284, 42.83887390700005], [-1.8242326499999422, 42.82857517900004], [-1.79535035899994, 42.84038677600006], [-1.8003297989999396, 42.84423029000004], [-1.797073250999972, 42.84871655500007], [-1.8077391999999577, 42.85538393100006], [-1.8124931859999265, 42.86661764400003], [-1.822838729999944, 42.86720174100003], [-1.8263814379999417, 42.88349219300005]]]}}, {"type": "Feature", "properties": {"ud_kodea": "31901", "ud_iz_e": "Barañáin/Barañain", "iz_ofizial": "Barañáin/Barañain"}, "geometry": {"type": "Polygon", "coordinates": [[[-1.6840174459999275, 42.80186203100004], [-1.6730655409999713, 42.80512165700003], [-1.6902084629999763, 42.80874087600006], [-1.7027786339999693, 42.80126573200005], [-1.6977473069999292, 42.79859718300003], [-1.6840174459999275, 42.80186203100004]]]}}, {"type": "Feature", "properties": {"ud_kodea": "31235", "ud_iz_e": "Ujué/Uxue", "iz_ofizial": "Ujué/Uxue"}, "geometry": {"type": "Polygon", "coordinates": [[[-1.4784848109999302, 42.53731638200003], [-1.5003760529999681, 42.545592842000076], [-1.527625961999945, 42.543784935000076], [-1.523139943999979, 42.527436323000074], [-1.5524978339999507, 42.486480278000045], [-1.574748371999931, 42.45627979000005], [-1.5331400689999555, 42.441336748000026], [-1.5123404319999736, 42.44426563800005], [-1.5085246859999302, 42.43546264100007], [-1.526661388999969, 42.42414303800007], [-1.5285099109999578, 42.41526017800004], [-1.5169040339999356, 42.41316537600005], [-1.5062275199999249, 42.42007820100008], [-1.4733438379999484, 42.41581741500005], [-1.4457863729999758, 42.42390329400007], [-1.4198340189999499, 42.422981082000035], [-1.423320806999925, 42.44729012100004], [-1.4190626989999373, 42.45318412000006], [-1.4427904829999534, 42.47419471200004], [-1.4552890849999471, 42.514024031000076], [-1.4544175149999319, 42.533085940000035], [-1.464565840999967, 42.53485233500004], [-1.4704277149999712, 42.53614648200005], [-1.4784848109999302, 42.53731638200003]]]}}, {"type": "Feature", "properties": {"ud_kodea": "31208", "ud_iz_e": "Ribaforada", "iz_ofizial": "Ribaforada"}, "geometry": {"type": "Polygon", "coordinates": [[[-1.5140995049999333, 42.011347374000025], [-1.5262467499999275, 42.02206829900007], [-1.5325085219999437, 42.020266313000036], [-1.5391707779999706, 42.01256084700003], [-1.5452764249999404, 41.985754849000045], [-1.538019151999947, 41.97108139200003], [-1.555873108999947, 41.95325868600003], [-1.517774587999952, 41.94164121600005], [-1.5137223349999545, 41.948352585000066], [-1.4873045219999312, 41.981375730000025], [-1.4911451039999406, 41.988946561000034], [-1.4874946739999473, 41.99903813100008], [-1.4817898179999247, 42.00517851600006], [-1.4950849689999473, 42.00772224700006], [-1.5037778679999292, 42.00684060700007], [-1.5140995049999333, 42.011347374000025]], [[-1.5027270539999336, 41.99804267600007], [-1.4998246989999302, 42.00237057000004], [-1.4908629699999665, 42.003309640000055], [-1.4979072799999358, 41.99746700000003], [-1.5027270539999336, 41.99804267600007]]]}}, {"type": "Feature", "properties": {"ud_kodea": "31154", "ud_iz_e": "Lezaun", "iz_ofizial": "Lezaun"}, "geometry": {"type": "Polygon", "coordinates": [[[-1.990209881999931, 42.811689767000075], [-2.0016079889999787, 42.81938115300005], [-2.017342256999939, 42.820723943000075], [-2.0241707149999684, 42.81745048400006], [-2.0234100729999795, 42.80904215100003], [-2.033686814999953, 42.80649084300006], [-2.037458454999978, 42.78803490900003], [-2.0260243069999433, 42.77649249800004], [-2.011365310999963, 42.778942408000034], [-1.9902869139999666, 42.75806438800004], [-1.9881047809999473, 42.776505823000036], [-1.97500824399998, 42.778262529000074], [-1.9856300679999777, 42.783580097000026], [-1.990209881999931, 42.811689767000075]]]}}, {"type": "Feature", "properties": {"ud_kodea": "31167", "ud_iz_e": "Mendigorria", "iz_ofizial": "Mendigorria"}, "geometry": {"type": "Polygon", "coordinates": [[[-1.8335572499999557, 42.640118510000036], [-1.8389736209999796, 42.636139068000034], [-1.8456400639999515, 42.640240911000035], [-1.862440385999946, 42.62740512600004], [-1.860121334999974, 42.61882692900008], [-1.8691623499999537, 42.61715139900008], [-1.8831820579999317, 42.62341269500007], [-1.891233290999935, 42.621860955000045], [-1.8957671019999793, 42.608882839000046], [-1.903068429999962, 42.61381584500003], [-1.8930401759999427, 42.59007108000003], [-1.8880251189999626, 42.58423191700007], [-1.8560979639999573, 42.58549348100007], [-1.838969438999925, 42.593047960000035], [-1.8173460699999282, 42.589909066000075], [-1.7794439929999726, 42.618572103000076], [-1.777954976999979, 42.62425663200003], [-1.8086150339999563, 42.63749330500008], [-1.8335572499999557, 42.640118510000036]]]}}, {"type": "Feature", "properties": {"ud_kodea": "31156", "ud_iz_e": "Lizoain-Arriasgoiti/Lizoainibar-Arriasgoiti", "iz_ofizial": "Lizoain-Arriasgoiti/Lizoainibar-Arriasgoiti"}, "geometry": {"type": "Polygon", "coordinates": [[[-1.4694101519999663, 42.87828515900003], [-1.4767822169999363, 42.876744587000076], [-1.489396868999961, 42.88362041800008], [-1.503061536999951, 42.86846444100007], [-1.4921490429999267, 42.84049589000006], [-1.5108405709999602, 42.81679612600004], [-1.5084114159999444, 42.80692202500006], [-1.5224425459999793, 42.79958473800008], [-1.5236752319999596, 42.79453984600008], [-1.5108466879999582, 42.787484747000065], [-1.5108253359999253, 42.781234942000026], [-1.4834358939999674, 42.77846205000003], [-1.4739189749999468, 42.79215835700006], [-1.4649678339999355, 42.78774334900004], [-1.4454119129999299, 42.793368772000065], [-1.4261650759999611, 42.788594310000065], [-1.4203653669999312, 42.799338446000036], [-1.4267273259999342, 42.82092104000003], [-1.4351592249999499, 42.831932719000065], [-1.426797904999944, 42.84755887000006], [-1.4261669029999666, 42.86565908700004], [-1.4131248469999491, 42.874925208000036], [-1.4263453269999786, 42.87983535800004], [-1.435034787999939, 42.87756822400007], [-1.4407059289999324, 42.87456591900008], [-1.4694101519999663, 42.87828515900003]]]}}, {"type": "Feature", "properties": {"ud_kodea": "31207", "ud_iz_e": "Pueyo/Puiu", "iz_ofizial": "Pueyo/Puiu"}, "geometry": {"type": "Polygon", "coordinates": [[[-1.6309397159999435, 42.53803282900003], [-1.6332504039999662, 42.55324370000005], [-1.6269698879999623, 42.56248021400006], [-1.6317563479999535, 42.565320188000044], [-1.6189705909999361, 42.576639740000076], [-1.6457689939999796, 42.58096696700005], [-1.647982319999926, 42.590196743000035], [-1.6996238829999584, 42.58125781600006], [-1.7009796929999652, 42.57641023700006], [-1.6963493249999715, 42.56939642100008], [-1.6807029019999504, 42.56721806400003], [-1.671312653999962, 42.548135063000075], [-1.6309397159999435, 42.53803282900003]]]}}, {"type": "Feature", "properties": {"ud_kodea": "31136", "ud_iz_e": "Juslapeña/Txulapain", "iz_ofizial": "Juslapeña/Txulapain"}, "geometry": {"type": "Polygon", "coordinates": [[[-1.7097329439999385, 42.931331912000076], [-1.7345760459999724, 42.929394099000035], [-1.7520077869999682, 42.92544315400005], [-1.7508460539999646, 42.90106303500005], [-1.759305903999973, 42.89577011200004], [-1.74023511799993, 42.88860991000007], [-1.7212998099999481, 42.89170483700008], [-1.7142175659999452, 42.89069803000007], [-1.7162706609999532, 42.88382320800008], [-1.702835734999951, 42.88567088000008], [-1.7018134009999244, 42.87777992200006], [-1.6903616319999628, 42.87679394000003], [-1.6889386759999638, 42.87113153700005], [-1.6763942919999408, 42.86465950100006], [-1.6699259919999463, 42.86480253000008], [-1.680430016999935, 42.88319949700008], [-1.6524894799999288, 42.895444929000064], [-1.660387645999947, 42.90456072400008], [-1.6647871839999766, 42.920361643000035], [-1.6772438629999442, 42.92111871800006], [-1.689964492999934, 42.911755819000064], [-1.7054635979999375, 42.90756470400004], [-1.7097329439999385, 42.931331912000076]]]}}, {"type": "Feature", "properties": {"ud_kodea": "31209", "ud_iz_e": "Romanzado/Erromantzatua", "iz_ofizial": "Romanzado/Erromantzatua"}, "geometry": {"type": "Polygon", "coordinates": [[[-1.1964435819999721, 42.723386264000055], [-1.2048638439999309, 42.73167725400003], [-1.2272405709999248, 42.73471845600005], [-1.2449082039999553, 42.72418443200007], [-1.2477571569999668, 42.72059900700003], [-1.2632624799999803, 42.72252823500003], [-1.271080364999932, 42.695207906000064], [-1.2803017269999373, 42.69195189100003], [-1.2751856469999439, 42.68714723800008], [-1.2810363469999402, 42.68036429500006], [-1.2837432659999308, 42.67203909700004], [-1.2692958989999283, 42.66847166100007], [-1.2651535909999438, 42.652875118000054], [-1.1936800489999655, 42.66328766200007], [-1.1762970779999478, 42.65813129500003], [-1.171642960999975, 42.64625137200005], [-1.1524899269999764, 42.64755497500005], [-1.1524825969999597, 42.64755547200008], [-1.152480564999962, 42.647555641000054], [-1.143899481999938, 42.64821813300006], [-1.1033300399999462, 42.646076949000076], [-1.1033299199999647, 42.64607694400007], [-1.1033298629999422, 42.64607694100005], [-1.1033243759999323, 42.646076651000044], [-1.103324276999956, 42.64607664400006], [-1.1033187319999342, 42.64607635200008], [-1.0998107759999698, 42.68740610000003], [-1.1290556439999477, 42.690291982000076], [-1.1713039769999796, 42.71190230600007], [-1.1775239849999366, 42.70924595200006], [-1.1991391559999443, 42.71464875000004], [-1.1964435819999721, 42.723386264000055]]]}}, {"type": "Feature", "properties": {"ud_kodea": "31040", "ud_iz_e": "Atetz", "iz_ofizial": "Atetz"}, "geometry": {"type": "Polygon", "coordinates": [[[-1.6813296329999616, 42.94784738100003], [-1.7022542839999346, 42.954831209000076], [-1.7026752939999596, 42.970963778000055], [-1.7130483959999765, 42.973953411000025], [-1.7166726729999482, 42.98129711900003], [-1.729897416999961, 42.97820346700007], [-1.7430913299999702, 42.979456103000075], [-1.7516298679999522, 42.97932449600006], [-1.7345760459999724, 42.929394099000035], [-1.7097329439999385, 42.931331912000076], [-1.7054635979999375, 42.90756470400004], [-1.689964492999934, 42.911755819000064], [-1.6772438629999442, 42.92111871800006], [-1.6812368139999307, 42.92980049600004], [-1.672343375999958, 42.94106190600007], [-1.6813296329999616, 42.94784738100003]]]}}, {"type": "Feature", "properties": {"ud_kodea": "31088", "ud_iz_e": "Valle de Elorz/Elortzibar", "iz_ofizial": "Valle de Elorz/Elortzibar"}, "geometry": {"type": "Polygon", "coordinates": [[[-1.5405452439999294, 42.74578622100006], [-1.623715635999929, 42.758910005000075], [-1.6334161499999595, 42.777928005000035], [-1.645207505999963, 42.766388462000066], [-1.6424998029999642, 42.75319586200004], [-1.636480302999928, 42.74468152500003], [-1.628503124999952, 42.73410418800006], [-1.6337724949999597, 42.71999294300008], [-1.6202454349999584, 42.71371618900008], [-1.604402198999935, 42.69375776700008], [-1.5967775919999667, 42.69243980600004], [-1.593446536999977, 42.68533886800003], [-1.5681057099999407, 42.69282342300005], [-1.5494943859999353, 42.69521866200006], [-1.5429246959999432, 42.72087222300007], [-1.5570048039999733, 42.72621054600006], [-1.5365677249999408, 42.73464110100008], [-1.5405452439999294, 42.74578622100006]]]}}, {"type": "Feature", "properties": {"ud_kodea": "31071", "ud_iz_e": "Castillonuevo/Gazteluberri", "iz_ofizial": "Castillonuevo/Gazteluberri"}, "geometry": {"type": "Polygon", "coordinates": [[[-1.0595533499999306, 42.64170506500005], [-1.052000130999943, 42.64258538800004], [-1.0386710689999745, 42.648319282000045], [-1.0368836489999467, 42.65162926000005], [-1.036883497999952, 42.65162954500005], [-1.0166592919999289, 42.679297321000035], [-1.0348625159999756, 42.681072466000046], [-1.0394220629999609, 42.68151710500007], [-1.0998107759999698, 42.68740610000003], [-1.1033187319999342, 42.64607635200008], [-1.103311688999952, 42.64607538400003], [-1.0998747109999272, 42.645602749000034], [-1.071118169999977, 42.641648307000025], [-1.0595533499999306, 42.64170506500005]]]}}, {"type": "Feature", "properties": {"ud_kodea": "31118", "ud_iz_e": "Val de Goñi/Goñerri", "iz_ofizial": "Val de Goñi/Goñerri"}, "geometry": {"type": "Polygon", "coordinates": [[[-1.8242326499999422, 42.82857517900004], [-1.8415844539999284, 42.83887390700005], [-1.8658731479999346, 42.83355189100007], [-1.8906988079999678, 42.86226923700008], [-1.9189065889999597, 42.86622220000004], [-1.9250814249999735, 42.858878136000044], [-1.9391237409999462, 42.85586632600007], [-1.9340972379999357, 42.844239059000074], [-1.9494173679999562, 42.832034726000074], [-1.9479282039999362, 42.824618808000025], [-1.9353119349999588, 42.81768521500004], [-1.9223573229999715, 42.81068413400004], [-1.917800255999964, 42.798466070000075], [-1.8956047069999613, 42.799893164000025], [-1.88385956999997, 42.807685813000035], [-1.8727216329999692, 42.80680215600006], [-1.8705728069999736, 42.809959813000035], [-1.851801878999936, 42.806477277000056], [-1.8386665719999655, 42.82087915500006], [-1.8242326499999422, 42.82857517900004]]]}}]}